key,hand_type,hand_value,dealer_card,true_count,action,simulations,wins,losses,pushes,win_rate,ci95_low,ci95_high,ci95_margin,ci95_target,stop_reason,expected_return,expected_return_ci95_low,expected_return_ci95_high
hard|5|A|-10|double,hard,5,A,-10,double,7168,338,6830,0,0.04715402,0.04224689,0.05206115,0.00490713,0.005,ci_target_reached,-1.81138393,-1.83101383,-1.79175403
hard|5|A|-9|hit,hard,5,A,-9,hit,7424,361,6970,93,0.04862608,0.04373339,0.05351876,0.00489269,0.005,ci_target_reached,-0.89022091,-0.90026616,-0.88017565
hard|5|A|-8|stand,hard,5,A,-8,stand,7680,393,7287,0,0.05117187,0.04624371,0.05610004,0.00492816,0.005,ci_target_reached,-0.89765625,-0.90751321,-0.88779929
hard|5|A|-9|stand,hard,5,A,-9,stand,7680,404,7276,0,0.05260417,0.04761129,0.05759705,0.00499288,0.005,ci_target_reached,-0.89479167,-0.90477808,-0.88480525
hard|5|A|-8|hit,hard,5,A,-8,hit,7936,424,7424,88,0.05342742,0.04847959,0.05837524,0.00494782,0.005,ci_target_reached,-0.88205645,-0.8921608,-0.8719521
hard|5|A|-8|double,hard,5,A,-8,double,7936,427,7509,0,0.05380544,0.04884114,0.05876975,0.00496431,0.005,ci_target_reached,-1.78477823,-1.8046367,-1.76491975
hard|5|A|-9|double,hard,5,A,-9,double,7936,425,7511,0,0.05355343,0.0486001,0.05850675,0.00495333,0.005,ci_target_reached,-1.78578629,-1.80560084,-1.76597174
hard|5|A|-10|stand,hard,5,A,-10,stand,7936,427,7509,0,0.05380544,0.04884114,0.05876975,0.00496431,0.005,ci_target_reached,-0.89238911,-0.90231835,-0.88245987
hard|5|A|-10|hit,hard,5,A,-10,hit,7936,428,7411,97,0.05393145,0.04896167,0.05890124,0.00496978,0.005,ci_target_reached,-0.87991431,-0.89008172,-0.86974691
hard|5|A|-7|hit,hard,5,A,-7,hit,7424,371,6964,89,0.04997306,0.04501658,0.05492954,0.00495648,0.005,ci_target_reached,-0.88806573,-0.89822297,-0.87790849
hard|5|A|-7|double,hard,5,A,-7,double,7424,368,7056,0,0.04956897,0.04463152,0.05450641,0.00493745,0.005,ci_target_reached,-1.80172414,-1.82147525,-1.78197303
hard|5|A|-7|stand,hard,5,A,-7,stand,7680,400,7280,0,0.05208333,0.04711387,0.0570528,0.00496947,0.005,ci_target_reached,-0.89583333,-0.90577292,-0.88589375
hard|5|A|-6|stand,hard,5,A,-6,stand,7424,374,7050,0,0.05037716,0.04540174,0.05535257,0.00497542,0.005,ci_target_reached,-0.89924569,-0.90919719,-0.88929419
hard|5|A|-5|double,hard,5,A,-5,double,7424,370,7054,0,0.04983836,0.04488822,0.0547885,0.00495014,0.005,ci_target_reached,-1.80064655,-1.82044846,-1.78084465
hard|5|A|-6|hit,hard,5,A,-6,hit,7936,430,7411,95,0.05418347,0.04920275,0.05916419,0.00498072,0.005,ci_target_reached,-0.8796623,-0.88984625,-0.86947835
hard|5|A|-5|hit,hard,5,A,-5,hit,7680,397,7190,93,0.05169271,0.04674089,0.05664453,0.00495182,0.005,ci_target_reached,-0.88450521,-0.89464556,-0.87436485
hard|5|A|-5|stand,hard,5,A,-5,stand,7680,401,7279,0,0.05221354,0.04723821,0.05718888,0.00497533,0.005,ci_target_reached,-0.89557292,-0.90552423,-0.8856216
hard|5|A|-6|double,hard,5,A,-6,double,7936,416,7520,0,0.05241935,0.04751582,0.05732289,0.00490353,0.005,ci_target_reached,-1.79032258,-1.80993795,-1.77070721
hard|5|A|-4|hit,hard,5,A,-4,hit,7424,365,6951,108,0.04916487,0.04424655,0.05408319,0.00491832,0.005,ci_target_reached,-0.88712284,-0.8972575,-0.87698819
hard|5|A|-3|hit,hard,5,A,-3,hit,7424,376,6943,105,0.05064655,0.04565856,0.05563455,0.00498799,0.005,ci_target_reached,-0.88456358,-0.89482355,-0.87430361
hard|5|A|-2|stand,hard,5,A,-2,stand,7168,350,6818,0,0.04882812,0.04383903,0.05381722,0.00498909,0.005,ci_target_reached,-0.90234375,-0.91232263,-0.89236487
hard|5|A|-2|hit,hard,5,A,-2,hit,7168,343,6727,98,0.04785156,0.04291008,0.05279305,0.00494148,0.005,ci_target_reached,-0.890625,-0.90079909,-0.88045091
hard|5|A|-4|stand,hard,5,A,-4,stand,7936,431,7505,0,0.05430948,0.0493233,0.05929565,0.00498618,0.005,ci_target_reached,-0.89138105,-0.90135403,-0.88140807
hard|5|A|-3|stand,hard,5,A,-3,stand,7680,389,7291,0,0.05065104,0.04574668,0.0555554,0.00490436,0.005,ci_target_reached,-0.89869792,-0.90850728,-0.88888855
hard|5|A|-4|double,hard,5,A,-4,double,7936,430,7506,0,0.05418347,0.04920275,0.05916419,0.00498072,0.005,ci_target_reached,-1.78326613,-1.80319026,-1.763342
hard|5|A|+0|hit,hard,5,A,0,hit,25856,5477,18648,1731,0.21182704,0.2068465,0.21680759,0.00498054,0.005,ci_target_reached,-0.50939821,-0.51940221,-0.4993942
hard|5|A|+0|stand,hard,5,A,0,stand,15872,1837,14035,0,0.11573841,0.11076139,0.12071543,0.00497702,0.005,ci_target_reached,-0.76852319,-0.77847754,-0.75856883
hard|5|A|+0|double,hard,5,A,0,double,16384,1957,14427,0,0.1194458,0.11447977,0.12441183,0.00496603,0.005,ci_target_reached,-1.5222168,-1.54208153,-1.50235206
hard|5|A|-3|double,hard,5,A,-3,double,7936,426,7510,0,0.05367944,0.04872062,0.05863826,0.00495882,0.005,ci_target_reached,-1.78528226,-1.80511879,-1.76544573
hard|5|A|-2|double,hard,5,A,-2,double,8192,443,7749,0,0.05407715,0.04917941,0.05897489,0.00489774,0.005,ci_target_reached,-1.78369141,-1.80328357,-1.76409924
hard|5|A|+1|double,hard,5,A,1,double,6400,277,6123,0,0.04328125,0.03829576,0.04826674,0.00498549,0.005,ci_target_reached,-1.826875,-1.84681853,-1.80693147
hard|5|A|-1|hit,hard,5,A,-1,hit,7680,390,7203,87,0.05078125,0.04587092,0.05569158,0.00491033,0.005,ci_target_reached,-0.88710937,-0.89715475,-0.877064
hard|5|A|-1|stand,hard,5,A,-1,stand,7424,362,7062,0,0.04876078,0.04386166,0.05365989,0.00489911,0.005,ci_target_reached,-0.90247845,-0.91227733,-0.89267957
hard|5|A|+1|stand,hard,5,A,1,stand,7168,348,6820,0,0.04854911,0.04357356,0.05352465,0.00497555,0.005,ci_target_reached,-0.90290179,-0.91285358,-0.89295
hard|5|A|-1|double,hard,5,A,-1,double,7680,400,7280,0,0.05208333,0.04711387,0.0570528,0.00496947,0.005,ci_target_reached,-1.79166667,-1.81154583,-1.7717875
hard|5|A|+2|stand,hard,5,A,2,stand,7424,372,7052,0,0.05010776,0.04514496,0.05507056,0.0049628,0.005,ci_target_reached,-0.89978448,-0.90971075,-0.88985821
hard|5|A|+2|double,hard,5,A,2,double,7424,374,7050,0,0.05037716,0.04540174,0.05535257,0.00497542,0.005,ci_target_reached,-1.79849138,-1.81839439,-1.77858837
hard|5|A|+3|stand,hard,5,A,3,stand,7168,343,6825,0,0.04785156,0.04291008,0.05279305,0.00494148,0.005,ci_target_reached,-0.90429688,-0.91418053,-0.89441322
hard|5|A|+4|double,hard,5,A,4,double,6656,295,6361,0,0.04432091,0.03937656,0.04926527,0.00494436,0.005,ci_target_reached,-1.82271635,-1.84249526,-1.80293743
hard|5|A|+3|double,hard,5,A,3,double,7168,340,6828,0,0.04743304,0.04251213,0.05235394,0.00492091,0.005,ci_target_reached,-1.81026786,-1.82995286,-1.79058285
hard|5|A|+4|stand,hard,5,A,4,stand,6912,312,6600,0,0.04513889,0.04024449,0.05003329,0.0048944,0.005,ci_target_reached,-0.90972222,-0.91951174,-0.89993271
hard|5|A|+5|stand,hard,5,A,5,stand,6400,268,6132,0,0.041875,0.03696756,0.04678244,0.00490744,0.005,ci_target_reached,-0.91625,-0.92606564,-0.90643436
hard|5|A|+6|stand,hard,5,A,6,stand,5888,233,5655,0,0.03957201,0.03459236,0.04455166,0.00497965,0.005,ci_target_reached,-0.92085598,-0.93081612,-0.91089584
hard|5|A|+5|double,hard,5,A,5,double,6912,321,6591,0,0.04644097,0.04147986,0.05140208,0.00496111,0.005,ci_target_reached,-1.81423611,-1.83408198,-1.79439024
hard|5|A|+6|double,hard,5,A,6,double,6912,310,6602,0,0.04484954,0.03997011,0.04972897,0.00487943,0.005,ci_target_reached,-1.82060185,-1.84012098,-1.80108272
hard|5|A|+7|stand,hard,5,A,7,stand,6656,301,6355,0,0.04522236,0.04023033,0.05021439,0.00499203,0.005,ci_target_reached,-0.90955529,-0.9195401,-0.89957048
hard|5|A|+1|hit,hard,5,A,1,hit,33024,10243,18240,4541,0.31016836,0.30517939,0.31515734,0.00498898,0.005,ci_target_reached,-0.24215722,-0.25182744,-0.232487
hard|5|A|+2|hit,hard,5,A,2,hit,33536,10729,17900,4907,0.31992486,0.31493253,0.32491718,0.00499233,0.005,ci_target_reached,-0.21382991,-0.22345049,-0.20420934
hard|5|A|+7|double,hard,5,A,7,double,7424,363,7061,0,0.04889547,0.04398995,0.053801,0.00490553,0.005,ci_target_reached,-1.8044181,-1.82404153,-1.78479468
hard|5|A|+8|stand,hard,5,A,8,stand,6144,255,5889,0,0.04150391,0.03651655,0.04649126,0.00498735,0.005,ci_target_reached,-0.91699219,-0.92696771,-0.90701667
hard|5|A|+8|double,hard,5,A,8,double,6144,250,5894,0,0.0406901,0.03574979,0.04563042,0.00494031,0.005,ci_target_reached,-1.83723958,-1.85700244,-1.81747673
hard|5|A|+3|hit,hard,5,A,3,hit,33792,10966,17799,5027,0.32451468,0.31952268,0.32950667,0.004992,0.005,ci_target_reached,-0.20220762,-0.21180586,-0.19260938
hard|5|A|+4|hit,hard,5,A,4,hit,33536,10680,17921,4935,0.31846374,0.31347748,0.32345,0.00498626,0.005,ci_target_reached,-0.21591722,-0.22552748,-0.20630697
hard|5|A|+5|hit,hard,5,A,5,hit,33792,10987,17868,4937,0.32513613,0.32014165,0.3301306,0.00499447,0.005,ci_target_reached,-0.20362808,-0.21323867,-0.19401749
hard|5|A|+9|double,hard,5,A,9,double,6400,277,6123,0,0.04328125,0.03829576,0.04826674,0.00498549,0.005,ci_target_reached,-1.826875,-1.84681853,-1.80693147
hard|5|A|+9|stand,hard,5,A,9,stand,7424,377,7047,0,0.05078125,0.04578698,0.05577552,0.00499427,0.005,ci_target_reached,-0.8984375,-0.90842671,-0.88844829
hard|5|A|+10|stand,hard,5,A,10,stand,6144,254,5890,0,0.04134115,0.03636316,0.04631913,0.00497799,0.005,ci_target_reached,-0.91731771,-0.92727449,-0.90736092
hard|5|A|+6|hit,hard,5,A,6,hit,33792,10943,17975,4874,0.32383404,0.31884477,0.32882331,0.00498927,0.005,ci_target_reached,-0.20809659,-0.21770733,-0.19848585
hard|5|A|+10|double,hard,5,A,10,double,6656,294,6362,0,0.04417067,0.03923432,0.04910703,0.00493636,0.005,ci_target_reached,-1.82331731,-1.84306422,-1.80357039
hard|5|A|+7|hit,hard,5,A,7,hit,33792,11007,17800,4985,0.32572798,0.32073116,0.33072481,0.00499683,0.005,ci_target_reached,-0.20102391,-0.21063233,-0.19141549
hard|5|A|+8|hit,hard,5,A,8,hit,33792,10902,17968,4922,0.32262074,0.31763636,0.32760512,0.00498438,0.005,ci_target_reached,-0.20910275,-0.21870259,-0.1995029
hard|5|A|+9|hit,hard,5,A,9,hit,33792,10931,17932,4929,0.32347893,0.31849109,0.32846677,0.00498784,0.005,ci_target_reached,-0.20717921,-0.21678257,-0.19757585
hard|5|A|+10|hit,hard,5,A,10,hit,33792,10959,17870,4963,0.32430753,0.31931636,0.3292987,0.00499117,0.005,ci_target_reached,-0.20451586,-0.21411976,-0.19491197
hard|5|2|-10|hit,hard,5,2,-10,hit,36352,13746,22223,383,0.378136,0.37315102,0.38312099,0.00498498,0.005,ci_target_reached,-0.23319212,-0.24313297,-0.22325127
hard|5|2|-10|stand,hard,5,2,-10,stand,36352,13800,22552,0,0.37962148,0.37463268,0.38461027,0.0049888,0.005,ci_target_reached,-0.24075704,-0.25073477,-0.23077931
hard|5|2|-10|double,hard,5,2,-10,double,36608,14253,22355,0,0.38934113,0.38434616,0.39433609,0.00499497,0.005,ci_target_reached,-0.44263549,-0.46261563,-0.42265535
hard|5|2|-9|hit,hard,5,2,-9,hit,36096,13526,22228,342,0.37472296,0.36972931,0.37971661,0.00499365,0.005,ci_target_reached,-0.24107934,-0.25104108,-0.23111761
hard|5|2|-9|stand,hard,5,2,-9,stand,36608,14088,22520,0,0.38483392,0.37984965,0.38981818,0.00498426,0.005,ci_target_reached,-0.23033217,-0.24030083,-0.22036351
hard|5|2|-9|double,hard,5,2,-9,double,36608,14062,22546,0,0.38412369,0.37914115,0.38910622,0.00498254,0.005,ci_target_reached,-0.46350524,-0.48343566,-0.44357483
hard|5|2|-8|hit,hard,5,2,-8,hit,36096,13599,22109,388,0.37674535,0.37174634,0.38174435,0.004999,0.005,ci_target_reached,-0.2357602,-0.24572867,-0.22579172
hard|5|2|-8|stand,hard,5,2,-8,stand,36352,13956,22396,0,0.38391285,0.37891332,0.38891238,0.00499953,0.005,ci_target_reached,-0.2321743,-0.2421735,-0.2221751
hard|5|2|-8|double,hard,5,2,-8,double,36608,14113,22495,0,0.38551683,0.38053091,0.39050274,0.00498591,0.005,ci_target_reached,-0.45793269,-0.47787662,-0.43798877
hard|5|2|-7|hit,hard,5,2,-7,hit,36096,13589,22118,389,0.37646831,0.37147003,0.38146658,0.00499827,0.005,ci_target_reached,-0.23628657,-0.24625357,-0.22631957
hard|5|2|-7|stand,hard,5,2,-7,stand,36352,13854,22498,0,0.38110695,0.3761144,0.38609951,0.00499256,0.005,ci_target_reached,-0.23778609,-0.24777135,-0.22780084
hard|5|2|-7|double,hard,5,2,-7,double,36352,13919,22433,0,0.38289503,0.377898,0.38789205,0.00499702,0.005,ci_target_reached,-0.46841989,-0.48840826,-0.44843153
hard|5|2|-6|hit,hard,5,2,-6,hit,36352,13796,22191,365,0.37951144,0.37452293,0.38449996,0.00498851,0.005,ci_target_reached,-0.2309364,-0.24088544,-0.22098735
hard|5|2|-6|stand,hard,5,2,-6,stand,36608,14072,22536,0,0.38439685,0.37941365,0.38938005,0.0049832,0.005,ci_target_reached,-0.23120629,-0.24117283,-0.22123976
hard|5|2|-6|double,hard,5,2,-6,double,36352,13898,22454,0,0.38231734,0.37732175,0.38731293,0.00499559,0.005,ci_target_reached,-0.47073063,-0.49071326,-0.45074801
hard|5|2|-5|hit,hard,5,2,-5,hit,36352,13722,22240,390,0.37747579,0.37249252,0.38245906,0.00498327,0.005,ci_target_reached,-0.23431998,-0.24425701,-0.22438296
hard|5|2|-5|stand,hard,5,2,-5,stand,36608,14083,22525,0,0.38469733,0.3797134,0.38968127,0.00498393,0.005,ci_target_reached,-0.23060533,-0.24057333,-0.22063733
hard|5|2|-5|double,hard,5,2,-5,double,36608,14302,22306,0,0.39067963,0.38568157,0.39567769,0.00499806,0.005,ci_target_reached,-0.43728147,-0.45727397,-0.41728896
hard|5|2|-4|hit,hard,5,2,-4,hit,36352,13782,22187,383,0.37912632,0.37413879,0.38411385,0.00498753,0.005,ci_target_reached,-0.23121149,-0.24115723,-0.22126575
hard|5|2|-3|hit,hard,5,2,-3,hit,36352,13768,22226,358,0.3787412,0.37375466,0.38372774,0.00498654,0.005,ci_target_reached,-0.23266945,-0.24261525,-0.22272365
hard|5|2|-4|stand,hard,5,2,-4,stand,36608,14095,22513,0,0.38502513,0.38004041,0.39000986,0.00498473,0.005,ci_target_reached,-0.22994974,-0.23991933,-0.21998015
hard|5|2|-4|double,hard,5,2,-4,double,36608,14174,22434,0,0.38718313,0.38219323,0.39217303,0.0049899,0.005,ci_target_reached,-0.45126748,-0.47122735,-0.43130762
hard|5|2|+0|hit,hard,5,2,0,hit,37376,15524,20375,1477,0.41534675,0.41035084,0.42034265,0.00499591,0.005,ci_target_reached,-0.12978917,-0.13963762,-0.11994072
hard|5|2|-3|stand,hard,5,2,-3,stand,36608,14285,22323,0,0.39021525,0.38521826,0.39521224,0.00499699,0.005,ci_target_reached,-0.21956949,-0.22956361,-0.20957538
hard|5|2|+0|stand,hard,5,2,0,stand,35328,12609,22719,0,0.35691236,0.35191648,0.36190825,0.00499588,0.005,ci_target_reached,-0.28617527,-0.29616718,-0.27618336
hard|5|2|+0|double,hard,5,2,0,double,35328,12468,22860,0,0.3529212,0.34793793,0.35790446,0.00498327,0.005,ci_target_reached,-0.58831522,-0.60824856,-0.56838187
hard|5|2|-3|double,hard,5,2,-3,double,36608,14113,22495,0,0.38551683,0.38053091,0.39050274,0.00498591,0.005,ci_target_reached,-0.45793269,-0.47787662,-0.43798877
hard|5|2|-2|hit,hard,5,2,-2,hit,36096,13604,22138,354,0.37688387,0.3718845,0.38188323,0.00499936,0.005,ci_target_reached,-0.23642509,-0.24639692,-0.22645326
hard|5|2|-2|stand,hard,5,2,-2,stand,36352,13955,22397,0,0.38388534,0.37888588,0.38888481,0.00499946,0.005,ci_target_reached,-0.23222931,-0.24222838,-0.22223025
hard|5|2|-2|double,hard,5,2,-2,double,36608,14181,22427,0,0.38737434,0.38238399,0.3923647,0.00499035,0.005,ci_target_reached,-0.45050262,-0.4704643,-0.43054095
hard|5|2|-1|hit,hard,5,2,-1,hit,36352,13769,22184,399,0.37876871,0.37378209,0.38375532,0.00498661,0.005,ci_target_reached,-0.23148658,-0.2414293,-0.22154385
hard|5|2|+1|stand,hard,5,2,1,stand,33536,10704,22832,0,0.31917939,0.31419015,0.32416863,0.00498924,0.005,ci_target_reached,-0.36164122,-0.37161985,-0.3516626
hard|5|2|-1|stand,hard,5,2,-1,stand,36608,14169,22439,0,0.38704655,0.38205697,0.39203612,0.00498957,0.005,ci_target_reached,-0.22590691,-0.23588619,-0.21592762
hard|5|2|+1|hit,hard,5,2,1,hit,35072,12217,21916,939,0.34834056,0.34335414,0.35332697,0.00498641,0.005,ci_target_reached,-0.27654539,-0.28645639,-0.26663439
hard|5|2|-1|double,hard,5,2,-1,double,36352,13957,22395,0,0.38394036,0.37894076,0.38893996,0.0049996,0.005,ci_target_reached,-0.46423856,-0.48423723,-0.44423988
hard|5|2|+1|double,hard,5,2,1,double,33536,10660,22876,0,0.31786737,0.3128836,0.32285113,0.00498377,0.005,ci_target_reached,-0.72853053,-0.7484659,-0.70859516
hard|5|2|+2|hit,hard,5,2,2,hit,33792,10876,21343,1573,0.32185133,0.31687007,0.32683259,0.00498126,0.005,ci_target_reached,-0.30974787,-0.31962144,-0.2998743
hard|5|2|+2|stand,hard,5,2,2,stand,29184,7394,21790,0,0.253358,0.24836793,0.25834808,0.00499008,0.005,ci_target_reached,-0.49328399,-0.50326431,-0.48330367
hard|5|2|+2|double,hard,5,2,2,double,29184,7403,21781,0,0.25366639,0.24867431,0.25865847,0.00499208,0.005,ci_target_reached,-0.98533443,-1.0053031,-0.96536576
hard|5|2|+3|stand,hard,5,2,3,stand,27904,6617,21287,0,0.23713446,0.23214396,0.24212496,0.0049905,0.005,ci_target_reached,-0.52573108,-0.53571226,-0.5157499
hard|5|2|+3|double,hard,5,2,3,double,27392,6327,21065,0,0.23097985,0.2259887,0.23597099,0.00499114,0.005,ci_target_reached,-1.07608061,-1.09604555,-1.05611567
hard|5|2|+4|stand,hard,5,2,4,stand,27648,6452,21196,0,0.23336227,0.22837647,0.23834807,0.0049858,0.005,ci_target_reached,-0.53327546,-0.54324724,-0.52330369
hard|5|2|+4|double,hard,5,2,4,double,27392,6313,21079,0,0.23046875,0.22548147,0.23545603,0.00498728,0.005,ci_target_reached,-1.078125,-1.09807447,-1.05817553
hard|5|2|+3|hit,hard,5,2,3,hit,33024,10326,20950,1748,0.31268169,0.30768167,0.3176817,0.00500002,0.005,ci_target_reached,-0.32170543,-0.33161168,-0.31179917
hard|5|2|+4|hit,hard,5,2,4,hit,33280,10411,21097,1772,0.31283053,0.30784913,0.31781192,0.00498139,0.005,ci_target_reached,-0.32109375,-0.33096229,-0.31122521
hard|5|2|+5|stand,hard,5,2,5,stand,27392,6333,21059,0,0.23119889,0.22620609,0.23619169,0.0049928,0.005,ci_target_reached,-0.53760222,-0.547588,-0.52761644
hard|5|2|+5|hit,hard,5,2,5,hit,33024,10253,21036,1735,0.31047117,0.30548086,0.31546149,0.00499032,0.005,ci_target_reached,-0.32652011,-0.33641033,-0.31662988
hard|5|2|+5|double,hard,5,2,5,double,27392,6292,21100,0,0.2297021,0.22472065,0.23468356,0.00498145,0.005,ci_target_reached,-1.08119159,-1.10111776,-1.06126541
hard|5|2|+6|stand,hard,5,2,6,stand,27392,6330,21062,0,0.23108937,0.2260974,0.23608134,0.00499197,0.005,ci_target_reached,-0.53782126,-0.54780539,-0.52783714
hard|5|2|+6|double,hard,5,2,6,double,27392,6334,21058,0,0.2312354,0.22624232,0.23622847,0.00499307,0.005,ci_target_reached,-1.07505841,-1.09503107,-1.05508575
hard|5|2|+7|stand,hard,5,2,7,stand,27392,6349,21043,0,0.231783,0.2267858,0.2367802,0.0049972,0.005,ci_target_reached,-0.536434,-0.54642858,-0.52643941
hard|5|2|+6|hit,hard,5,2,6,hit,33280,10447,21046,1787,0.31391226,0.30892619,0.31889833,0.00498607,0.005,ci_target_reached,-0.31847957,-0.32835525,-0.30860388
hard|5|2|+7|double,hard,5,2,7,double,27392,6280,21112,0,0.22926402,0.2242859,0.23424213,0.00497812,0.005,ci_target_reached,-1.08294393,-1.10285675,-1.0630311
hard|5|2|+7|hit,hard,5,2,7,hit,33024,10253,21035,1736,0.31047117,0.30548086,0.31546149,0.00499032,0.005,ci_target_reached,-0.32648983,-0.33637999,-0.31659966
hard|5|2|+8|stand,hard,5,2,8,stand,27136,6199,20937,0,0.22844192,0.22344669,0.23343715,0.00499523,0.005,ci_target_reached,-0.54311616,-0.5531068,-0.53312551
hard|5|2|+8|hit,hard,5,2,8,hit,33024,10189,21069,1766,0.30853319,0.30355148,0.31351489,0.0049817,0.005,ci_target_reached,-0.32945736,-0.33933073,-0.319584
hard|5|2|+8|double,hard,5,2,8,double,27648,6441,21207,0,0.23296441,0.22798157,0.23794725,0.00498284,0.005,ci_target_reached,-1.06814236,-1.08807407,-1.04821065
hard|5|2|+9|stand,hard,5,2,9,stand,27648,6438,21210,0,0.2328559,0.22787387,0.23783793,0.00498203,0.005,ci_target_reached,-0.53428819,-0.54425243,-0.52432395
hard|5|2|+9|double,hard,5,2,9,double,27136,6183,20953,0,0.2278523,0.22286162,0.23284298,0.00499068,0.005,ci_target_reached,-1.0885908,-1.1085539,-1.0686277
hard|5|2|+9|hit,hard,5,2,9,hit,33024,10298,21006,1720,0.31183382,0.30683751,0.31683013,0.00499631,0.005,ci_target_reached,-0.32424903,-0.33415062,-0.31434745
hard|5|2|+10|stand,hard,5,2,10,stand,27392,6320,21072,0,0.2307243,0.22573509,0.23571351,0.00498921,0.005,ci_target_reached,-0.5385514,-0.54853001,-0.5285728
hard|5|2|+10|double,hard,5,2,10,double,27648,6431,21217,0,0.23260272,0.22762258,0.23758286,0.00498014,0.005,ci_target_reached,-1.06958912,-1.08951005,-1.04966819
hard|5|2|+10|hit,hard,5,2,10,hit,33280,10426,21075,1779,0.31328125,0.3082979,0.3182646,0.00498335,0.005,ci_target_reached,-0.31998197,-0.32985345,-0.31011049
hard|5|3|-10|hit,hard,5,3,-10,hit,38400,19668,18426,306,0.5121875,0.50718794,0.51718706,0.00499956,0.005,ci_target_reached,0.03234375,0.02238672,0.04230078
hard|5|3|-10|stand,hard,5,3,-10,stand,38400,20426,17974,0,0.53192708,0.52693625,0.53691792,0.00499084,0.005,ci_target_reached,0.06385417,0.05387237,0.07383597
hard|5|3|-10|double,hard,5,3,-10,double,38400,20445,17955,0,0.53242188,0.52743136,0.53741239,0.00499052,0.005,ci_target_reached,0.1296875,0.10972517,0.14964983
hard|5|3|-9|hit,hard,5,3,-9,hit,38416,19520,18611,285,0.50812162,0.50312228,0.51312096,0.00499934,0.005,ci_target_reached,0.02366202,0.01370186,0.03362217
hard|5|3|-9|stand,hard,5,3,-9,stand,38400,20544,17856,0,0.535,0.53001123,0.53998877,0.00498877,0.005,ci_target_reached,0.07,0.06002232,0.07997768
hard|5|3|-9|double,hard,5,3,-9,double,38400,20420,17980,0,0.53177083,0.5267799,0.53676177,0.00499094,0.005,ci_target_reached,0.12708333,0.10711933,0.14704733
hard|5|3|-8|hit,hard,5,3,-8,hit,38400,19643,18419,338,0.51153646,0.50653675,0.51653617,0.00499971,0.005,ci_target_reached,0.031875,0.02192201,0.04182799
hard|5|3|-8|stand,hard,5,3,-8,stand,38400,20552,17848,0,0.53520833,0.53021971,0.54019696,0.00498863,0.005,ci_target_reached,0.07041667,0.06043928,0.08039405
hard|5|3|-8|double,hard,5,3,-8,double,38400,20531,17869,0,0.53466146,0.52967245,0.53965047,0.00498901,0.005,ci_target_reached,0.13864583,0.11868953,0.15860213
hard|5|3|-7|hit,hard,5,3,-7,hit,38416,19449,18643,324,0.50627343,0.50127382,0.51127303,0.00499961,0.005,ci_target_reached,0.02098084,0.01102518,0.0309365
hard|5|3|-7|stand,hard,5,3,-7,stand,38400,20455,17945,0,0.53268229,0.52769195,0.53767264,0.00499035,0.005,ci_target_reached,0.06536458,0.05538376,0.07534541
hard|5|3|-7|double,hard,5,3,-7,double,38400,20491,17909,0,0.53361979,0.52863007,0.53860952,0.00498972,0.005,ci_target_reached,0.13447917,0.11452001,0.15443832
hard|5|3|-6|hit,hard,5,3,-6,hit,38416,19501,18609,306,0.50762703,0.50262761,0.51262645,0.00499942,0.005,ci_target_reached,0.02321949,0.01326198,0.03317701
hard|5|3|-6|stand,hard,5,3,-6,stand,38400,20240,18160,0,0.52708333,0.52208963,0.53207703,0.0049937,0.005,ci_target_reached,0.05416667,0.04417914,0.0641542
hard|5|3|-6|double,hard,5,3,-6,double,38400,20367,18033,0,0.53039063,0.52539883,0.53538242,0.0049918,0.005,ci_target_reached,0.1215625,0.10159506,0.14152994
hard|5|3|-5|hit,hard,5,3,-5,hit,38416,19331,18748,337,0.50320179,0.49820189,0.50820169,0.0049999,0.005,ci_target_reached,0.01517597,0.00522095,0.02513098
hard|5|3|-5|stand,hard,5,3,-5,stand,38400,20516,17884,0,0.53427083,0.52928155,0.53926011,0.00498928,0.005,ci_target_reached,0.06854167,0.05856298,0.07852036
hard|5|3|-5|double,hard,5,3,-5,double,38400,20324,18076,0,0.52927083,0.52427837,0.5342633,0.00499246,0.005,ci_target_reached,0.11708333,0.09711321,0.13705345
hard|5|3|-4|hit,hard,5,3,-4,hit,38416,19332,18782,302,0.50322782,0.49822793,0.50822772,0.0049999,0.005,ci_target_reached,0.01431695,0.00435723,0.02427667
hard|5|3|-4|stand,hard,5,3,-4,stand,38400,20578,17822,0,0.53588542,0.53089727,0.54087356,0.00498814,0.005,ci_target_reached,0.07177083,0.06179441,0.08174725
hard|5|3|-4|double,hard,5,3,-4,double,38400,20387,18013,0,0.53091146,0.52591998,0.53590293,0.00499148,0.005,ci_target_reached,0.12364583,0.10367967,0.14361199
hard|5|3|-3|hit,hard,5,3,-3,hit,38416,19261,18857,298,0.50137963,0.49637965,0.50637961,0.00499998,0.005,ci_target_reached,0.01051645,0.00055574,0.02047716
hard|5|3|+0|hit,hard,5,3,0,hit,37888,16338,20171,1379,0.43121833,0.42623147,0.43620518,0.00498685,0.005,ci_target_reached,-0.1011666,-0.11099859,-0.09133461
hard|5|3|-3|stand,hard,5,3,-3,stand,38400,20349,18051,0,0.52992187,0.5249298,0.53491395,0.00499208,0.005,ci_target_reached,0.05984375,0.04985946,0.06982804
hard|5|3|+0|stand,hard,5,3,0,stand,36096,13415,22681,0,0.37164783,0.3666625,0.37663316,0.00498533,0.005,ci_target_reached,-0.25670434,-0.26667514,-0.24673355
hard|5|3|+0|double,hard,5,3,0,double,36096,13414,22682,0,0.37162012,0.36663487,0.37660538,0.00498525,0.005,ci_target_reached,-0.5135195,-0.5334608,-0.49357821
hard|5|3|-3|double,hard,5,3,-3,double,38400,20405,17995,0,0.53138021,0.52638903,0.53637139,0.00499118,0.005,ci_target_reached,0.12552083,0.10555584,0.14548582
hard|5|3|-2|hit,hard,5,3,-2,hit,38400,19550,18537,313,0.50911458,0.50411437,0.51411479,0.00500021,0.005,ci_target_reached,0.02638021,0.01642234,0.03633808
hard|5|3|-2|stand,hard,5,3,-2,stand,38400,20420,17980,0,0.53177083,0.5267799,0.53676177,0.00499094,0.005,ci_target_reached,0.06354167,0.05355967,0.07352367
hard|5|3|-2|double,hard,5,3,-2,double,38400,20386,18014,0,0.53088542,0.52589393,0.53587691,0.00499149,0.005,ci_target_reached,0.12354167,0.10357544,0.14350789
hard|5|3|-1|hit,hard,5,3,-1,hit,38416,19487,18619,310,0.5072626,0.50226313,0.51226207,0.00499947,0.005,ci_target_reached,0.02259475,0.01263762,0.03255189
hard|5|3|-1|stand,hard,5,3,-1,stand,38400,20385,18015,0,0.53085938,0.52586787,0.53585088,0.00499151,0.005,ci_target_reached,0.06171875,0.05173561,0.07170189
hard|5|3|-1|double,hard,5,3,-1,double,38400,20417,17983,0,0.53169271,0.52670172,0.53668369,0.00499099,0.005,ci_target_reached,0.12677083,0.10680663,0.14673503
hard|5|3|+2|stand,hard,5,3,2,stand,30464,8233,22231,0,0.27025341,0.26526647,0.27524035,0.00498694,0.005,ci_target_reached,-0.45949317,-0.46946722,-0.44951913
hard|5|3|+2|hit,hard,5,3,2,hit,34048,11176,21303,1569,0.32824248,0.32325462,0.33323034,0.00498786,0.005,ci_target_reached,-0.29743304,-0.30731488,-0.28755119
hard|5|3|+2|double,hard,5,3,2,double,30464,8294,22170,0,0.27225578,0.26725727,0.27725429,0.00499851,0.005,ci_target_reached,-0.91097689,-0.93097126,-0.89098252
hard|5|3|+1|stand,hard,5,3,1,stand,37120,15057,22063,0,0.40563039,0.40063527,0.4106255,0.00499512,0.005,ci_target_reached,-0.18873922,-0.19872959,-0.17874886
hard|5|3|+1|hit,hard,5,3,1,hit,37632,15962,20719,951,0.42416029,0.41916693,0.42915365,0.00499336,0.005,ci_target_reached,-0.12640838,-0.13630155,-0.1165152
hard|5|3|+1|double,hard,5,3,1,double,37120,15088,22032,0,0.40646552,0.40146878,0.41146226,0.00499674,0.005,ci_target_reached,-0.37413793,-0.39412517,-0.35415069
hard|5|3|+3|stand,hard,5,3,3,stand,27648,6448,21200,0,0.23321759,0.22823287,0.23820231,0.00498472,0.005,ci_target_reached,-0.53356481,-0.54353444,-0.52359519
hard|5|3|+3|double,hard,5,3,3,double,27392,6339,21053,0,0.23141793,0.22642348,0.23641238,0.00499445,0.005,ci_target_reached,-1.07432827,-1.09430644,-1.0543501
hard|5|3|+3|hit,hard,5,3,3,hit,33024,10230,21090,1704,0.30977471,0.30478748,0.31476194,0.00498723,0.005,ci_target_reached,-0.32885174,-0.33873851,-0.31896498
hard|5|3|+4|stand,hard,5,3,4,stand,26880,6045,20835,0,0.22488839,0.21989717,0.22987962,0.00499122,0.005,ci_target_reached,-0.55022321,-0.56020585,-0.54024058
hard|5|3|+4|double,hard,5,3,4,double,26624,5913,20711,0,0.22209285,0.21709997,0.22708572,0.00499287,0.005,ci_target_reached,-1.11162861,-1.13160048,-1.09165674
hard|5|3|+5|stand,hard,5,3,5,stand,27136,6192,20944,0,0.22818396,0.22319072,0.2331772,0.00499324,0.005,ci_target_reached,-0.54363208,-0.55361874,-0.53364541
hard|5|3|+5|double,hard,5,3,5,double,26880,6028,20852,0,0.22425595,0.21926972,0.22924219,0.00498623,0.005,ci_target_reached,-1.10297619,-1.1229215,-1.08303088
hard|5|3|+4|hit,hard,5,3,4,hit,32512,9797,21010,1705,0.30133489,0.29634727,0.30632251,0.00498762,0.005,ci_target_reached,-0.34488804,-0.35478305,-0.33499304
hard|5|3|+5|hit,hard,5,3,5,hit,32768,10017,20996,1755,0.30569458,0.30070631,0.31068285,0.00498827,0.005,ci_target_reached,-0.33505249,-0.34494185,-0.32516313
hard|5|3|+6|stand,hard,5,3,6,stand,27136,6160,20976,0,0.22700472,0.22202059,0.23198884,0.00498413,0.005,ci_target_reached,-0.54599057,-0.555959,-0.53602213
hard|5|3|+6|double,hard,5,3,6,double,26880,5987,20893,0,0.22273065,0.21775652,0.22770479,0.00497413,0.005,ci_target_reached,-1.10907738,-1.12897427,-1.08918049
hard|5|3|+6|hit,hard,5,3,6,hit,33024,10218,21009,1797,0.30941134,0.30442572,0.31439696,0.00498562,0.005,ci_target_reached,-0.32676235,-0.3366406,-0.31688411
hard|5|3|+7|stand,hard,5,3,7,stand,26624,5931,20693,0,0.22276893,0.21777064,0.22776722,0.00499829,0.005,ci_target_reached,-0.55446214,-0.56445892,-0.54446536
hard|5|3|+7|double,hard,5,3,7,double,26880,6038,20842,0,0.22462798,0.2196388,0.22961715,0.00498917,0.005,ci_target_reached,-1.1014881,-1.12144515,-1.08153104
hard|5|3|+8|stand,hard,5,3,8,stand,26624,5880,20744,0,0.22085337,0.21587048,0.22583625,0.00498289,0.005,ci_target_reached,-0.55829327,-0.56825923,-0.54832731
hard|5|3|+7|hit,hard,5,3,7,hit,32512,9862,20904,1746,0.30333415,0.29833718,0.30833113,0.00499697,0.005,ci_target_reached,-0.33962844,-0.34953741,-0.32971948
hard|5|3|+8|double,hard,5,3,8,double,26624,5919,20705,0,0.22231821,0.21732353,0.22731289,0.00499468,0.005,ci_target_reached,-1.11072716,-1.13070627,-1.09074806
hard|5|3|+8|hit,hard,5,3,8,hit,33024,10209,21015,1800,0.30913881,0.3041544,0.31412321,0.00498441,0.005,ci_target_reached,-0.32721657,-0.33709253,-0.31734061
hard|5|3|+9|stand,hard,5,3,9,stand,26880,6062,20818,0,0.22552083,0.22052464,0.23051703,0.0049962,0.005,ci_target_reached,-0.54895833,-0.55895092,-0.53896575
hard|5|3|+9|double,hard,5,3,9,double,26624,5893,20731,0,0.22134165,0.21635482,0.22632848,0.00498683,0.005,ci_target_reached,-1.11463341,-1.1345811,-1.09468572
hard|5|3|+9|hit,hard,5,3,9,hit,32768,10048,20876,1844,0.30664062,0.30164804,0.31163321,0.00499258,0.005,ci_target_reached,-0.33044434,-0.34033577,-0.3205529
hard|5|3|+10|stand,hard,5,3,10,stand,26624,5935,20689,0,0.22291917,0.21791967,0.22791867,0.0049995,0.005,ci_target_reached,-0.55416166,-0.56416084,-0.54416248
hard|5|3|+10|double,hard,5,3,10,double,27136,6194,20942,0,0.22825767,0.22326386,0.23325147,0.00499381,0.005,ci_target_reached,-1.08696934,-1.10694495,-1.06699373
hard|5|3|+10|hit,hard,5,3,10,hit,32768,10033,20984,1751,0.30618286,0.30119236,0.31117336,0.0049905,0.005,ci_target_reached,-0.334198,-0.34409147,-0.32430453
hard|5|4|-10|hit,hard,5,4,-10,hit,32000,22548,9414,38,0.704625,0.69962642,0.70962358,0.00499858,0.005,ci_target_reached,0.4104375,0.40045316,0.42042184
hard|5|4|-10|stand,hard,5,4,-10,stand,32256,22673,9583,0,0.70290799,0.69792092,0.70789506,0.00498707,0.005,ci_target_reached,0.40581597,0.39584168,0.41579027
hard|5|4|-10|double,hard,5,4,-10,double,32256,22589,9667,0,0.70030382,0.69530423,0.70530341,0.00499959,0.005,ci_target_reached,0.80121528,0.7812166,0.82121396
hard|5|4|-9|hit,hard,5,4,-9,hit,32000,22554,9407,39,0.7048125,0.69981484,0.70981016,0.00499766,0.005,ci_target_reached,0.41084375,0.4008616,0.4208259
hard|5|4|-9|stand,hard,5,4,-9,stand,32768,22796,9972,0,0.69567871,0.69069673,0.70066069,0.00498198,0.005,ci_target_reached,0.39135742,0.38139332,0.40132153
hard|5|4|-9|double,hard,5,4,-9,double,32512,22701,9811,0,0.6982345,0.69324485,0.70322414,0.00498965,0.005,ci_target_reached,0.79293799,0.7729791,0.81289688
hard|5|4|-8|hit,hard,5,4,-8,hit,32000,22617,9342,41,0.70678125,0.70179333,0.71176917,0.00498792,0.005,ci_target_reached,0.41484375,0.40488186,0.42480564
hard|5|4|-8|stand,hard,5,4,-8,stand,32512,22693,9819,0,0.69798844,0.69299764,0.70297923,0.0049908,0.005,ci_target_reached,0.39597687,0.38599512,0.40595862
hard|5|4|-8|double,hard,5,4,-8,double,32000,22543,9457,0,0.70446875,0.6994694,0.7094681,0.00499935,0.005,ci_target_reached,0.817875,0.79787728,0.83787272
hard|5|4|-7|hit,hard,5,4,-7,hit,32256,22615,9590,51,0.70110987,0.69611413,0.70610561,0.00499574,0.005,ci_target_reached,0.40380084,0.39382625,0.41377544
hard|5|4|-7|stand,hard,5,4,-7,stand,32512,22735,9777,0,0.69928027,0.69429555,0.70426499,0.00498472,0.005,ci_target_reached,0.39856053,0.38859094,0.40853013
hard|5|4|-7|double,hard,5,4,-7,double,32256,22685,9571,0,0.70328001,0.69829474,0.70826528,0.00498527,0.005,ci_target_reached,0.81312004,0.79317867,0.83306141
hard|5|4|-6|hit,hard,5,4,-6,hit,32512,22678,9790,44,0.69752707,0.69253411,0.70252003,0.00499296,0.005,ci_target_reached,0.39640748,0.38643576,0.4063792
hard|5|4|-6|double,hard,5,4,-6,double,32256,22711,9545,0,0.70408606,0.69910472,0.7090674,0.00498134,0.005,ci_target_reached,0.81634425,0.79641857,0.83626992
hard|5|4|-6|stand,hard,5,4,-6,stand,32512,22759,9753,0,0.70001845,0.69503723,0.70499968,0.00498123,0.005,ci_target_reached,0.40003691,0.3900743,0.40999951
hard|5|4|-5|hit,hard,5,4,-5,hit,32256,22661,9545,50,0.70253596,0.69754709,0.70752483,0.00498887,0.005,ci_target_reached,0.40662202,0.3966609,0.41658315
hard|5|4|-5|stand,hard,5,4,-5,stand,32256,22613,9643,0,0.70104787,0.69605183,0.7060439,0.00499604,0.005,ci_target_reached,0.40209573,0.39210351,0.41208796
hard|5|4|-5|double,hard,5,4,-5,double,32512,22659,9853,0,0.69694267,0.69194698,0.70193835,0.00499569,0.005,ci_target_reached,0.78777067,0.76778762,0.80775372
hard|5|4|-4|hit,hard,5,4,-4,hit,32256,22593,9611,52,0.70042783,0.69542883,0.70542683,0.004999,0.005,ci_target_reached,0.40246776,0.39248693,0.41244859
hard|5|4|-4|stand,hard,5,4,-4,stand,32512,22756,9756,0,0.69992618,0.69494452,0.70490784,0.00498166,0.005,ci_target_reached,0.39985236,0.38988888,0.40981584
hard|5|4|-4|double,hard,5,4,-4,double,32512,22708,9804,0,0.6984498,0.69346117,0.70343844,0.00498863,0.005,ci_target_reached,0.79379921,0.77384437,0.81375406
hard|5|4|-3|hit,hard,5,4,-3,hit,32256,22591,9620,45,0.70036582,0.69536653,0.70536512,0.0049993,0.005,ci_target_reached,0.40212674,0.39214298,0.41211049
hard|5|4|+0|hit,hard,5,4,0,hit,38144,17418,19567,1159,0.456638,0.45163911,0.46163689,0.00499889,0.005,ci_target_reached,-0.05633914,-0.06620503,-0.04647324
hard|5|4|+0|stand,hard,5,4,0,stand,36864,14541,22323,0,0.39444987,0.38946073,0.39943901,0.00498914,0.005,ci_target_reached,-0.21110026,-0.22107868,-0.20112184
hard|5|4|+0|double,hard,5,4,0,double,36864,14593,22271,0,0.39586046,0.39086823,0.40085269,0.00499223,0.005,ci_target_reached,-0.41655816,-0.43652735,-0.39658897
hard|5|4|-3|stand,hard,5,4,-3,stand,32256,22679,9577,0,0.703094,0.69810783,0.70808017,0.00498617,0.005,ci_target_reached,0.406188,0.3962155,0.41616049
hard|5|4|-3|double,hard,5,4,-3,double,32256,22607,9649,0,0.70086186,0.69586493,0.70585878,0.00499693,0.005,ci_target_reached,0.80344742,0.78345941,0.82343543
hard|5|4|-2|hit,hard,5,4,-2,hit,32000,22630,9333,37,0.7071875,0.7022016,0.7121734,0.0049859,0.005,ci_target_reached,0.41553125,0.40557205,0.42549045
hard|5|4|-2|stand,hard,5,4,-2,stand,32512,22696,9816,0,0.69808071,0.69309034,0.70307108,0.00499037,0.005,ci_target_reached,0.39616142,0.38618053,0.4061423
hard|5|4|-2|double,hard,5,4,-2,double,32512,22708,9804,0,0.6984498,0.69346117,0.70343844,0.00498863,0.005,ci_target_reached,0.79379921,0.77384437,0.81375406
hard|5|4|-1|hit,hard,5,4,-1,hit,32000,22567,9385,48,0.70521875,0.70022309,0.71021441,0.00499566,0.005,ci_target_reached,0.4119375,0.40196246,0.42191254
hard|5|4|-1|stand,hard,5,4,-1,stand,32256,22592,9664,0,0.70039683,0.69539768,0.70539597,0.00499915,0.005,ci_target_reached,0.40079365,0.3907952,0.4107921
hard|5|4|-1|double,hard,5,4,-1,double,32256,22658,9598,0,0.70244296,0.69745364,0.70743228,0.00498932,0.005,ci_target_reached,0.80977183,0.78981423,0.82972942
hard|5|4|+1|hit,hard,5,4,1,hit,38400,20434,17396,570,0.53213542,0.52714471,0.53712612,0.0049907,0.005,ci_target_reached,0.07911458,0.06921847,0.0890107
hard|5|4|+1|stand,hard,5,4,1,stand,38400,19640,18760,0,0.51145833,0.50645861,0.51645806,0.00499973,0.005,ci_target_reached,0.02291667,0.01291708,0.03291625
hard|5|4|+2|stand,hard,5,4,2,stand,32000,9413,22587,0,0.29415625,0.28916368,0.29914882,0.00499257,0.005,ci_target_reached,-0.4116875,-0.4216728,-0.4017022
hard|5|4|+1|double,hard,5,4,1,double,38416,19500,18916,0,0.507601,0.50260158,0.51260042,0.00499942,0.005,ci_target_reached,0.030404,0.01040605,0.05040195
hard|5|4|+2|hit,hard,5,4,2,hit,34304,11458,21907,939,0.33401353,0.3290224,0.33900465,0.00499112,0.005,ci_target_reached,-0.30460005,-0.31452648,-0.29467361
hard|5|4|+2|double,hard,5,4,2,double,32256,9617,22639,0,0.29814608,0.29315392,0.30313824,0.00499216,0.005,ci_target_reached,-0.80741567,-0.82738464,-0.78744671
hard|5|4|+3|hit,hard,5,4,3,hit,30720,8445,21290,985,0.27490234,0.26990967,0.27989501,0.00499267,0.005,ci_target_reached,-0.41813151,-0.42809054,-0.40817248
hard|5|4|+3|stand,hard,5,4,3,stand,28416,6883,21533,0,0.24222269,0.23724128,0.24720411,0.00498142,0.005,ci_target_reached,-0.51555462,-0.52551762,-0.50559161
hard|5|4|+3|double,hard,5,4,3,double,28416,6935,21481,0,0.24405265,0.23905849,0.2490468,0.00499416,0.005,ci_target_reached,-1.02378941,-1.04376639,-1.00381244
hard|5|4|+4|stand,hard,5,4,4,stand,26880,6041,20839,0,0.22473958,0.21974953,0.22972963,0.00499005,0.005,ci_target_reached,-0.55052083,-0.56050112,-0.54054054
hard|5|4|+4|double,hard,5,4,4,double,27392,6309,21083,0,0.23032272,0.22533655,0.23530889,0.00498617,0.005,ci_target_reached,-1.07870911,-1.09865415,-1.05876408
hard|5|4|+4|hit,hard,5,4,4,hit,30208,8027,21178,1003,0.26572431,0.26074304,0.27070558,0.00498127,0.005,ci_target_reached,-0.43534825,-0.44529058,-0.42540593
hard|5|4|+5|stand,hard,5,4,5,stand,26880,6050,20830,0,0.2250744,0.22008172,0.23006709,0.00499269,0.005,ci_target_reached,-0.54985119,-0.55983675,-0.53986563
hard|5|4|+5|double,hard,5,4,5,double,27136,6142,20994,0,0.22634139,0.22136242,0.23132037,0.00497897,0.005,ci_target_reached,-1.09463443,-1.1145507,-1.07471817
hard|5|4|+5|hit,hard,5,4,5,hit,30208,8085,21103,1020,0.26764433,0.26265164,0.27263703,0.0049927,0.005,ci_target_reached,-0.43094544,-0.44090854,-0.42098235
hard|5|4|+6|stand,hard,5,4,6,stand,27136,6176,20960,0,0.22759434,0.22260565,0.23258303,0.00498869,0.005,ci_target_reached,-0.54481132,-0.55478889,-0.53483375
hard|5|4|+6|double,hard,5,4,6,double,27136,6199,20937,0,0.22844192,0.22344669,0.23343715,0.00499523,0.005,ci_target_reached,-1.08623231,-1.10621359,-1.06625103
hard|5|4|+6|hit,hard,5,4,6,hit,30208,8025,21121,1062,0.2656581,0.26067723,0.27063898,0.00498088,0.005,ci_target_reached,-0.43352754,-0.44346749,-0.42358759
hard|5|4|+7|stand,hard,5,4,7,stand,26624,5917,20707,0,0.22224309,0.21724901,0.22723717,0.00499408,0.005,ci_target_reached,-0.55551382,-0.56550217,-0.54552547
hard|5|4|+7|double,hard,5,4,7,double,27136,6192,20944,0,0.22818396,0.22319072,0.2331772,0.00499324,0.005,ci_target_reached,-1.08726415,-1.10723749,-1.06729081
hard|5|4|+8|stand,hard,5,4,8,stand,26880,6055,20825,0,0.22526042,0.22026626,0.23025457,0.00499415,0.005,ci_target_reached,-0.54947917,-0.55946766,-0.53949068
hard|5|4|+8|double,hard,5,4,8,double,26624,5927,20697,0,0.22261869,0.2176216,0.22761578,0.00499709,0.005,ci_target_reached,-1.10952524,-1.12951398,-1.0895365
hard|5|4|+7|hit,hard,5,4,7,hit,30208,8090,21209,909,0.26780985,0.26281618,0.27280353,0.00499368,0.005,ci_target_reached,-0.43428893,-0.44425701,-0.42432085
hard|5|4|+8|hit,hard,5,4,8,hit,30208,8064,21161,983,0.26694915,0.26196058,0.27193773,0.00498857,0.005,ci_target_reached,-0.43356065,-0.44351713,-0.42360416
hard|5|4|+9|stand,hard,5,4,9,stand,26880,6001,20879,0,0.22325149,0.21827321,0.22822976,0.00497827,0.005,ci_target_reached,-0.55349702,-0.56345376,-0.54354029
hard|5|4|+9|double,hard,5,4,9,double,26880,6019,20861,0,0.22392113,0.21893755,0.22890472,0.00498359,0.005,ci_target_reached,-1.10431548,-1.12425019,-1.08438076
hard|5|4|+9|hit,hard,5,4,9,hit,30208,8058,21126,1024,0.26675053,0.26176314,0.27173792,0.00498739,0.005,ci_target_reached,-0.43260064,-0.44255376,-0.42264751
hard|5|5|-10|hit,hard,5,5,-10,hit,21248,17784,3428,36,0.83697289,0.83200602,0.84193976,0.00496687,0.005,ci_target_reached,0.67564006,0.66574238,0.68553774
hard|5|5|-10|stand,hard,5,5,-10,stand,21248,17752,3496,0,0.83546687,0.8304816,0.84045213,0.00498527,0.005,ci_target_reached,0.67093373,0.66096297,0.6809045
hard|5|5|-10|double,hard,5,5,-10,double,21504,17917,3587,0,0.83319382,0.828211,0.83817665,0.00498282,0.005,ci_target_reached,1.3327753,1.31284354,1.35270706
hard|5|4|+10|stand,hard,5,4,10,stand,26880,6026,20854,0,0.22418155,0.2191959,0.22916719,0.00498565,0.005,ci_target_reached,-0.5516369,-0.56160838,-0.54166543
hard|5|4|+10|double,hard,5,4,10,double,26880,6031,20849,0,0.22436756,0.21938044,0.22935468,0.00498712,0.005,ci_target_reached,-1.10252976,-1.1224786,-1.08258093
hard|5|4|+10|hit,hard,5,4,10,hit,30208,8043,21094,1071,0.26625397,0.26126954,0.27123841,0.00498444,0.005,ci_target_reached,-0.43203787,-0.44198416,-0.42209158
hard|5|5|-9|hit,hard,5,5,-9,hit,21248,17758,3453,37,0.83574925,0.83076742,0.84073107,0.00498183,0.005,ci_target_reached,0.67323983,0.66331306,0.68316661
hard|5|5|-9|stand,hard,5,5,-9,stand,21760,18094,3666,0,0.83152574,0.82655259,0.83649888,0.00497315,0.005,ci_target_reached,0.66305147,0.65310495,0.67299799
hard|5|5|-9|double,hard,5,5,-9,double,21504,17899,3605,0,0.83235677,0.82736397,0.83734957,0.0049928,0.005,ci_target_reached,1.32942708,1.30945542,1.34939875
hard|5|5|-8|hit,hard,5,5,-8,hit,20992,17598,3368,26,0.83831936,0.83333897,0.84329974,0.00498039,0.005,ci_target_reached,0.67787729,0.6679431,0.68781147
hard|5|5|-8|stand,hard,5,5,-8,stand,20992,17576,3416,0,0.83727134,0.83227797,0.84226472,0.00499338,0.005,ci_target_reached,0.67454268,0.66455569,0.68452967
hard|5|5|-8|double,hard,5,5,-8,double,21504,17901,3603,0,0.83244978,0.82745808,0.83744147,0.00499169,0.005,ci_target_reached,1.32979911,1.30983187,1.34976635
hard|5|5|-7|hit,hard,5,5,-7,hit,20992,17594,3376,22,0.83812881,0.83314606,0.84311156,0.00498275,0.005,ci_target_reached,0.67730564,0.66736257,0.68724871
hard|5|5|-7|stand,hard,5,5,-7,stand,21248,17759,3489,0,0.83579631,0.83081506,0.84077756,0.00498125,0.005,ci_target_reached,0.67159262,0.66162988,0.68155536
hard|5|5|-7|double,hard,5,5,-7,double,21248,17755,3493,0,0.83560806,0.83062451,0.8405916,0.00498355,0.005,ci_target_reached,1.34243223,1.32249757,1.36236689
hard|5|5|-6|hit,hard,5,5,-6,hit,21504,17923,3552,29,0.83347284,0.82849335,0.83845233,0.00497949,0.005,ci_target_reached,0.66829427,0.65836335,0.67822519
hard|5|5|-6|stand,hard,5,5,-6,stand,21248,17731,3517,0,0.83447854,0.82948128,0.8394758,0.00499726,0.005,ci_target_reached,0.66895708,0.65896233,0.67895183
hard|5|5|-6|double,hard,5,5,-6,double,20992,17593,3399,0,0.83808117,0.83309783,0.84306452,0.00498334,0.005,ci_target_reached,1.3523247,1.33239084,1.37225855
hard|5|5|-5|hit,hard,5,5,-5,hit,20992,17585,3366,41,0.83770008,0.83271201,0.84268815,0.00498807,0.005,ci_target_reached,0.67735328,0.66741914,0.68728742
hard|5|5|-5|stand,hard,5,5,-5,stand,20992,17584,3408,0,0.83765244,0.83266378,0.8426411,0.00498866,0.005,ci_target_reached,0.67530488,0.66532732,0.68528244
hard|5|5|-4|hit,hard,5,5,-4,hit,21248,17776,3447,25,0.83659639,0.8316249,0.84156787,0.00497148,0.005,ci_target_reached,0.67436935,0.6644513,0.68428741
hard|5|5|-4|stand,hard,5,5,-4,stand,21248,17758,3490,0,0.83574925,0.83076742,0.84073107,0.00498183,0.005,ci_target_reached,0.67149849,0.6615346,0.68146238
hard|5|5|-5|double,hard,5,5,-5,double,21760,18088,3672,0,0.83125,0.82627361,0.83622639,0.00497639,0.005,ci_target_reached,1.325,1.30509399,1.34490601
hard|5|5|-3|hit,hard,5,5,-3,hit,20736,17417,3295,24,0.8399402,0.83494953,0.84493087,0.00499067,0.005,ci_target_reached,0.68103781,0.67108162,0.690994
hard|5|5|-4|double,hard,5,5,-4,double,21248,17735,3513,0,0.83466679,0.82967181,0.83966177,0.00499498,0.005,ci_target_reached,1.33866717,1.31868678,1.35864755
hard|5|5|+0|hit,hard,5,5,0,hit,38400,18232,19051,1117,0.47479167,0.46979699,0.47978635,0.00499468,0.005,ci_target_reached,-0.02132812,-0.03118148,-0.01147477
hard|5|5|-3|stand,hard,5,5,-3,stand,21504,17917,3587,0,0.83319382,0.828211,0.83817665,0.00498282,0.005,ci_target_reached,0.66638765,0.65642177,0.67635353
hard|5|5|+0|stand,hard,5,5,0,stand,37632,15832,21800,0,0.42070578,0.4157179,0.42569367,0.00498788,0.005,ci_target_reached,-0.15858844,-0.16856433,-0.14861254
hard|5|5|+0|double,hard,5,5,0,double,37632,15953,21679,0,0.42392113,0.41892814,0.42891412,0.00499299,0.005,ci_target_reached,-0.30431548,-0.32428771,-0.28434324
hard|5|5|-3|double,hard,5,5,-3,double,21248,17738,3510,0,0.83480798,0.82981471,0.83980125,0.00499327,0.005,ci_target_reached,1.33923193,1.31925839,1.35920547
hard|5|5|-2|hit,hard,5,5,-2,hit,20480,17240,3213,27,0.84179688,0.83679881,0.84679494,0.00499807,0.005,ci_target_reached,0.68491211,0.67494507,0.69487915
hard|5|5|-2|stand,hard,5,5,-2,stand,21248,17731,3517,0,0.83447854,0.82948128,0.8394758,0.00499726,0.005,ci_target_reached,0.66895708,0.65896233,0.67895183
hard|5|5|-2|double,hard,5,5,-2,double,21248,17751,3497,0,0.8354198,0.83043397,0.84040564,0.00498584,0.005,ci_target_reached,1.34167922,1.32173539,1.36162304
hard|5|5|-1|hit,hard,5,5,-1,hit,21248,17761,3470,17,0.83589044,0.83091033,0.84087054,0.00498011,0.005,ci_target_reached,0.67258095,0.66263754,0.68252436
hard|5|5|-1|stand,hard,5,5,-1,stand,21248,17776,3472,0,0.83659639,0.8316249,0.84156787,0.00497148,0.005,ci_target_reached,0.67319277,0.66324957,0.68313597
hard|5|5|-1|double,hard,5,5,-1,double,22016,18241,3775,0,0.82853379,0.82355492,0.83351267,0.00497888,0.005,ci_target_reached,1.31413517,1.29421922,1.33405113
hard|5|5|+1|hit,hard,5,5,1,hit,36352,22477,13356,519,0.61831536,0.61332135,0.62330937,0.00499401,0.005,ci_target_reached,0.25090779,0.24103263,0.26078295
hard|5|5|+1|stand,hard,5,5,1,stand,36864,22180,14684,0,0.60167101,0.59667348,0.60666854,0.00499753,0.005,ci_target_reached,0.20334201,0.19334682,0.21333721
hard|5|5|+1|double,hard,5,5,1,double,36864,22148,14716,0,0.60080295,0.59580359,0.60580231,0.00499936,0.005,ci_target_reached,0.40321181,0.38321409,0.42320952
hard|5|5|+3|stand,hard,5,5,3,stand,29184,7356,21828,0,0.25205592,0.24707435,0.2570375,0.00498158,0.005,ci_target_reached,-0.49588816,-0.50585148,-0.48592484
hard|5|5|+2|stand,hard,5,5,2,stand,34048,11224,22824,0,0.32965226,0.32465895,0.33464556,0.00499331,0.005,ci_target_reached,-0.34069549,-0.35068225,-0.33070873
hard|5|5|+2|hit,hard,5,5,2,hit,35584,12938,21615,1031,0.36359038,0.3585923,0.36858846,0.00499808,0.005,ci_target_reached,-0.24384555,-0.25376594,-0.23392516
hard|5|5|+3|double,hard,5,5,3,double,29440,7573,21867,0,0.25723505,0.25224187,0.26222824,0.00499319,0.005,ci_target_reached,-0.97105978,-0.99103288,-0.95108669
hard|5|5|+3|hit,hard,5,5,3,hit,32256,9553,21668,1035,0.29616195,0.2911794,0.30114451,0.00498255,0.005,ci_target_reached,-0.37558904,-0.38551265,-0.36566542
hard|5|5|+2|double,hard,5,5,2,double,34304,11399,22905,0,0.33229361,0.32730893,0.33727829,0.00498468,0.005,ci_target_reached,-0.67082556,-0.69076458,-0.65088654
hard|5|5|+4|stand,hard,5,5,4,stand,27904,6570,21334,0,0.23545011,0.23047188,0.24042835,0.00497823,0.005,ci_target_reached,-0.52909977,-0.53905641,-0.51914313
hard|5|5|+4|double,hard,5,5,4,double,27904,6640,21264,0,0.23795872,0.23296225,0.24295518,0.00499647,0.005,ci_target_reached,-1.04816514,-1.06815136,-1.02817892
hard|5|5|+4|hit,hard,5,5,4,hit,30976,8625,21378,973,0.27844137,0.2734497,0.28343305,0.00499167,0.005,ci_target_reached,-0.41170584,-0.42166098,-0.4017507
hard|5|5|+5|stand,hard,5,5,5,stand,27904,6610,21294,0,0.2368836,0.23189492,0.24187228,0.00498868,0.005,ci_target_reached,-0.5262328,-0.53621034,-0.51625526
hard|5|5|+5|double,hard,5,5,5,double,28160,6801,21359,0,0.24151278,0.23651377,0.24651179,0.00499901,0.005,ci_target_reached,-1.03394886,-1.05394526,-1.01395247
hard|5|5|+6|stand,hard,5,5,6,stand,28416,6870,21546,0,0.2417652,0.23678699,0.24674341,0.00497821,0.005,ci_target_reached,-0.51646959,-0.52642619,-0.506513
hard|5|5|+5|hit,hard,5,5,5,hit,30976,8649,21299,1028,0.27921617,0.27422024,0.2842121,0.00499593,0.005,ci_target_reached,-0.40838068,-0.41834175,-0.39841962
hard|5|5|+6|double,hard,5,5,6,double,27904,6619,21285,0,0.23720614,0.23221511,0.24219716,0.00499102,0.005,ci_target_reached,-1.05117546,-1.0711399,-1.03121102
hard|5|5|+6|hit,hard,5,5,6,hit,30720,8476,21201,1043,0.27591146,0.27091311,0.2809098,0.00499834,0.005,ci_target_reached,-0.41422526,-0.42419285,-0.40425767
hard|5|5|+7|stand,hard,5,5,7,stand,28416,6925,21491,0,0.24370073,0.23870902,0.24869245,0.00499172,0.005,ci_target_reached,-0.51259854,-0.52258214,-0.50261493
hard|5|5|+7|double,hard,5,5,7,double,27648,6429,21219,0,0.23253038,0.22755078,0.23750998,0.0049796,0.005,ci_target_reached,-1.06987847,-1.08979724,-1.0499597
hard|5|5|+7|hit,hard,5,5,7,hit,30720,8478,21272,970,0.27597656,0.27097785,0.28097527,0.00499871,0.005,ci_target_reached,-0.41647135,-0.42644214,-0.40650056
hard|5|5|+8|stand,hard,5,5,8,stand,28416,6897,21519,0,0.24271537,0.23773051,0.24770023,0.00498486,0.005,ci_target_reached,-0.51456926,-0.52453915,-0.50459936
hard|5|5|+8|double,hard,5,5,8,double,27904,6570,21334,0,0.23545011,0.23047188,0.24042835,0.00497823,0.005,ci_target_reached,-1.05819954,-1.07811283,-1.03828625
hard|5|5|+8|hit,hard,5,5,8,hit,30976,8605,21338,1033,0.27779571,0.2728076,0.28278382,0.00498811,0.005,ci_target_reached,-0.41106018,-0.42100656,-0.4011138
hard|5|5|+9|stand,hard,5,5,9,stand,28160,6730,21430,0,0.23899148,0.23401037,0.24397258,0.00498111,0.005,ci_target_reached,-0.52201705,-0.53197943,-0.51205466
hard|5|5|+9|double,hard,5,5,9,double,27904,6602,21302,0,0.2365969,0.23161031,0.2415835,0.0049866,0.005,ci_target_reached,-1.05361239,-1.07355913,-1.03366564
hard|5|5|+9|hit,hard,5,5,9,hit,30720,8400,21270,1050,0.2734375,0.26845312,0.27842188,0.00498438,0.005,ci_target_reached,-0.41894531,-0.42888677,-0.40900386
hard|5|5|+10|stand,hard,5,5,10,stand,27904,6651,21253,0,0.23835292,0.23335362,0.24335223,0.00499931,0.005,ci_target_reached,-0.52329415,-0.53329295,-0.51329535
hard|5|5|+10|double,hard,5,5,10,double,27648,6453,21195,0,0.23339844,0.22841237,0.2383845,0.00498607,0.005,ci_target_reached,-1.06640625,-1.08635088,-1.04646162
hard|5|5|+10|hit,hard,5,5,10,hit,30976,8665,21243,1068,0.2797327,0.27473394,0.28473145,0.00499876,0.005,ci_target_reached,-0.4060563,-0.41602111,-0.39609149
hard|5|6|-10|hit,hard,5,6,-10,hit,29696,21969,7625,102,0.73979661,0.73480639,0.74478683,0.00499022,0.005,ci_target_reached,0.48302802,0.47309119,0.49296484
hard|5|6|-10|stand,hard,5,6,-10,stand,29696,21977,7719,0,0.740066,0.73507746,0.74505455,0.00498854,0.005,ci_target_reached,0.480132,0.47015475,0.49010926
hard|5|6|-10|double,hard,5,6,-10,double,29440,21891,7549,0,0.74358016,0.73859216,0.74856817,0.004988,0.005,ci_target_reached,0.97432065,0.95436829,0.99427301
hard|5|6|-9|hit,hard,5,6,-9,hit,29696,21984,7579,133,0.74030172,0.73531465,0.7452888,0.00498708,0.005,ci_target_reached,0.48508217,0.4751651,0.49499923
hard|5|6|-9|stand,hard,5,6,-9,stand,29440,21869,7571,0,0.74283288,0.73784012,0.74782564,0.00499276,0.005,ci_target_reached,0.48566576,0.47568008,0.49565144
hard|5|6|-9|double,hard,5,6,-9,double,29952,22064,7888,0,0.7366453,0.73165711,0.74163349,0.00498819,0.005,ci_target_reached,0.9465812,0.92662811,0.96653429
hard|5|6|-8|hit,hard,5,6,-8,hit,29184,21751,7313,120,0.74530565,0.74030691,0.75030439,0.00499874,0.005,ci_target_reached,0.49472314,0.48477937,0.5046669
hard|5|6|-8|stand,hard,5,6,-8,stand,29696,21971,7725,0,0.73986395,0.73487415,0.74485376,0.0049898,0.005,ci_target_reached,0.47972791,0.46974814,0.48970768
hard|5|6|-8|double,hard,5,6,-8,double,29440,21904,7536,0,0.74402174,0.73903655,0.74900693,0.00498519,0.005,ci_target_reached,0.97608696,0.95614587,0.99602805
hard|5|6|-7|hit,hard,5,6,-7,hit,29440,21881,7439,120,0.74324049,0.73825032,0.74823066,0.00499017,0.005,ci_target_reached,0.49055707,0.48062938,0.50048475
hard|5|6|-7|double,hard,5,6,-7,double,29440,21865,7575,0,0.74269701,0.73770339,0.74769063,0.00499362,0.005,ci_target_reached,0.97078804,0.95081323,0.99076286
hard|5|6|-7|stand,hard,5,6,-7,stand,29696,21950,7746,0,0.73915679,0.7341626,0.74415098,0.00499419,0.005,ci_target_reached,0.47831358,0.46832503,0.48830213
hard|5|6|-6|hit,hard,5,6,-6,hit,29440,21861,7491,88,0.74256114,0.73756666,0.74755562,0.00499448,0.005,ci_target_reached,0.48811141,0.47816088,0.49806194
hard|5|6|-6|stand,hard,5,6,-6,stand,29696,21953,7743,0,0.73925781,0.73426425,0.74425138,0.00499357,0.005,ci_target_reached,0.47851562,0.46852833,0.48850292
hard|5|6|-6|double,hard,5,6,-6,double,29440,21854,7586,0,0.74232337,0.73732738,0.74731936,0.00499599,0.005,ci_target_reached,0.96929348,0.94930919,0.98927776
hard|5|6|-5|hit,hard,5,6,-5,hit,29952,22100,7729,123,0.73784722,0.73286637,0.74282807,0.00498085,0.005,ci_target_reached,0.47980101,0.46989098,0.48971105
hard|5|6|-5|stand,hard,5,6,-5,stand,29440,21866,7574,0,0.74273098,0.73773757,0.74772438,0.0049934,0.005,ci_target_reached,0.48546196,0.47547498,0.49544893
hard|5|6|-5|double,hard,5,6,-5,double,29696,22009,7687,0,0.74114359,0.73616177,0.7461254,0.00498182,0.005,ci_target_reached,0.96457435,0.94464675,0.98450196
hard|5|6|-4|hit,hard,5,6,-4,hit,29440,21838,7504,98,0.74177989,0.73678047,0.74677931,0.00499942,0.005,ci_target_reached,0.48688859,0.47693247,0.49684471
hard|5|6|-4|stand,hard,5,6,-4,stand,29696,21959,7737,0,0.73945986,0.73446755,0.74445217,0.00499231,0.005,ci_target_reached,0.47891972,0.46893493,0.48890451
hard|5|6|-4|double,hard,5,6,-4,double,29696,21982,7714,0,0.74023438,0.73524688,0.74522187,0.0049875,0.005,ci_target_reached,0.9609375,0.94098718,0.98088782
hard|5|6|-3|hit,hard,5,6,-3,hit,29440,21892,7438,110,0.74361413,0.73862634,0.74860192,0.00498779,0.005,ci_target_reached,0.49096467,0.48103739,0.50089196
hard|5|6|-3|stand,hard,5,6,-3,stand,29440,21838,7602,0,0.74177989,0.73678047,0.74677931,0.00499942,0.005,ci_target_reached,0.48355978,0.47356077,0.49355879
hard|5|6|+0|hit,hard,5,6,0,hit,38400,18658,18616,1126,0.48588542,0.48088637,0.49088447,0.00499905,0.005,ci_target_reached,0.00109375,-0.00876072,0.01094822
hard|5|6|+0|stand,hard,5,6,0,stand,37632,15973,21659,0,0.42445259,0.41945878,0.42944641,0.00499382,0.005,ci_target_reached,-0.15109481,-0.16108258,-0.14110705
hard|5|6|+0|double,hard,5,6,0,double,37632,16006,21626,0,0.42532951,0.42033434,0.43032467,0.00499516,0.005,ci_target_reached,-0.29868197,-0.31866289,-0.27870106
hard|5|6|-3|double,hard,5,6,-3,double,29696,22024,7672,0,0.74164871,0.73667006,0.74662736,0.00497865,0.005,ci_target_reached,0.96659483,0.9466799,0.98650976
hard|5|6|-2|hit,hard,5,6,-2,hit,29184,21802,7280,102,0.74705318,0.74206578,0.75204058,0.0049874,0.005,ci_target_reached,0.49760143,0.4876725,0.50753035
hard|5|6|-2|stand,hard,5,6,-2,stand,29696,21981,7715,0,0.7402007,0.73521299,0.74518841,0.00498771,0.005,ci_target_reached,0.4804014,0.47042582,0.49037698
hard|5|6|-2|double,hard,5,6,-2,double,29696,22013,7683,0,0.74127829,0.73629731,0.74625926,0.00498097,0.005,ci_target_reached,0.96511315,0.94518892,0.98503737
hard|5|6|-1|hit,hard,5,6,-1,hit,29440,21931,7400,109,0.74493886,0.73995954,0.74991817,0.00497932,0.005,ci_target_reached,0.49358016,0.48366959,0.50349073
hard|5|6|-1|stand,hard,5,6,-1,stand,29696,21967,7729,0,0.73972926,0.73473862,0.7447199,0.00499064,0.005,ci_target_reached,0.47945851,0.46947707,0.48943996
hard|5|6|-1|double,hard,5,6,-1,double,29696,22019,7677,0,0.74148033,0.73650063,0.74646004,0.00497971,0.005,ci_target_reached,0.96592134,0.94600218,0.9858405
hard|5|6|+1|hit,hard,5,6,1,hit,37888,21571,15716,601,0.56933594,0.56434986,0.57432201,0.00498608,0.005,ci_target_reached,0.15453442,0.14466697,0.16440186
hard|5|6|+1|stand,hard,5,6,1,stand,38144,20830,17314,0,0.54608851,0.54109207,0.55108494,0.00499643,0.005,ci_target_reached,0.09217701,0.08218402,0.10217001
hard|5|6|+1|double,hard,5,6,1,double,38144,21002,17142,0,0.55059773,0.5456057,0.55558977,0.00499204,0.005,ci_target_reached,0.20239094,0.18242253,0.22235935
hard|5|6|+2|stand,hard,5,6,2,stand,34048,11117,22931,0,0.32650963,0.32152855,0.33149072,0.00498109,0.005,ci_target_reached,-0.34698073,-0.35694305,-0.33701842
hard|5|6|+2|hit,hard,5,6,2,hit,35584,12868,21727,989,0.3616232,0.35663096,0.36661544,0.00499224,0.005,ci_target_reached,-0.24896021,-0.2588733,-0.23904711
hard|5|6|+2|double,hard,5,6,2,double,34048,11277,22771,0,0.33120888,0.32620961,0.33620815,0.00499927,0.005,ci_target_reached,-0.67516447,-0.69516184,-0.6551671
hard|5|6|+3|stand,hard,5,6,3,stand,30208,8086,22122,0,0.26767744,0.26268454,0.27267033,0.00499289,0.005,ci_target_reached,-0.46464513,-0.47463108,-0.45465918
hard|5|6|+3|double,hard,5,6,3,double,29952,7914,22038,0,0.26422276,0.2592293,0.26921621,0.00499346,0.005,ci_target_reached,-0.94310897,-0.96308314,-0.92313481
hard|5|6|+3|hit,hard,5,6,3,hit,32512,9842,21653,1017,0.302719,0.29772489,0.3077131,0.00499411,0.005,ci_target_reached,-0.36328125,-0.37322471,-0.35333779
hard|5|6|+4|stand,hard,5,6,4,stand,29184,7371,21813,0,0.2525699,0.24758496,0.25755484,0.00498494,0.005,ci_target_reached,-0.4948602,-0.50483024,-0.48489015
hard|5|6|+4|hit,hard,5,6,4,hit,31744,9247,21452,1045,0.29129914,0.2863008,0.29629749,0.00499835,0.005,ci_target_reached,-0.38448211,-0.3944394,-0.37452481
hard|5|6|+4|double,hard,5,6,4,double,29184,7416,21768,0,0.25411184,0.24911687,0.25910681,0.00499497,0.005,ci_target_reached,-0.98355263,-1.00353286,-0.96357241
hard|5|6|+5|stand,hard,5,6,5,stand,29696,7708,21988,0,0.25956358,0.25457734,0.26454981,0.00498624,0.005,ci_target_reached,-0.48087284,-0.49084549,-0.4709002
hard|5|6|+5|double,hard,5,6,5,double,28928,7268,21660,0,0.25124447,0.24624625,0.25624269,0.00499822,0.005,ci_target_reached,-0.99502212,-1.01501534,-0.97502891
hard|5|6|+5|hit,hard,5,6,5,hit,32256,9550,21630,1076,0.29606895,0.29108685,0.30105105,0.0049821,0.005,ci_target_reached,-0.37450397,-0.38442484,-0.3645831
hard|5|6|+6|stand,hard,5,6,6,stand,29184,7386,21798,0,0.25308388,0.24809559,0.25807217,0.00498829,0.005,ci_target_reached,-0.49383224,-0.50380899,-0.48385548
hard|5|6|+6|double,hard,5,6,6,double,29440,7519,21921,0,0.25540082,0.25041932,0.26038231,0.00498149,0.005,ci_target_reached,-0.97839674,-0.99832305,-0.95847043
hard|5|6|+6|hit,hard,5,6,6,hit,31488,9058,21421,1009,0.28766514,0.28266515,0.29266513,0.00499999,0.005,ci_target_reached,-0.39262576,-0.40259013,-0.3826614
hard|5|6|+7|stand,hard,5,6,7,stand,29440,7548,21892,0,0.25638587,0.25139808,0.26137366,0.00498779,0.005,ci_target_reached,-0.48722826,-0.49720401,-0.47725251
hard|5|6|+7|double,hard,5,6,7,double,28928,7273,21655,0,0.25141731,0.24641795,0.25641667,0.00499936,0.005,ci_target_reached,-0.99433075,-1.01432853,-0.97433297
hard|5|6|+7|hit,hard,5,6,7,hit,31744,9207,21541,996,0.29003906,0.28504711,0.29503102,0.00499196,0.005,ci_target_reached,-0.38854587,-0.39849345,-0.37859829
hard|5|6|+8|stand,hard,5,6,8,stand,28928,7235,21693,0,0.25010371,0.24511305,0.25509436,0.00499065,0.005,ci_target_reached,-0.49979259,-0.50977407,-0.48981111
hard|5|6|+8|double,hard,5,6,8,double,29184,7375,21809,0,0.25270696,0.24772113,0.2576928,0.00498583,0.005,ci_target_reached,-0.98917215,-1.00911582,-0.96922848
hard|5|6|+8|hit,hard,5,6,8,hit,32000,9430,21559,1011,0.2946875,0.2896923,0.2996827,0.0049952,0.005,ci_target_reached,-0.37903125,-0.38898179,-0.36908071
hard|5|6|+9|stand,hard,5,6,9,stand,28928,7251,21677,0,0.2506568,0.24566248,0.25565113,0.00499433,0.005,ci_target_reached,-0.49868639,-0.50867522,-0.48869757
hard|5|6|+9|double,hard,5,6,9,double,28928,7264,21664,0,0.25110619,0.24610889,0.2561035,0.0049973,0.005,ci_target_reached,-0.99557522,-1.01556478,-0.97558566
hard|5|6|+9|hit,hard,5,6,9,hit,32000,9370,21655,975,0.2928125,0.2878266,0.2977984,0.0049859,0.005,ci_target_reached,-0.38390625,-0.39384113,-0.37397137
hard|5|7|-10|hit,hard,5,7,-10,hit,17920,2389,15172,359,0.13331473,0.12833786,0.13829161,0.00497688,0.005,ci_target_reached,-0.71333705,-0.72338699,-0.70328711
hard|5|6|+10|stand,hard,5,6,10,stand,28928,7259,21669,0,0.25093335,0.24593719,0.25592951,0.00499616,0.005,ci_target_reached,-0.4981333,-0.50812579,-0.4881408
hard|5|6|+10|double,hard,5,6,10,double,29440,7572,21868,0,0.25720109,0.25220811,0.26219406,0.00499297,0.005,ci_target_reached,-0.97119565,-0.99116788,-0.95122342
hard|5|6|+10|hit,hard,5,6,10,hit,32000,9334,21633,1033,0.2916875,0.28670724,0.29666776,0.00498026,0.005,ci_target_reached,-0.38434375,-0.39426564,-0.37442186
hard|5|7|-9|hit,hard,5,7,-9,hit,17664,2332,14931,401,0.13201993,0.12702779,0.13701206,0.00499213,0.005,ci_target_reached,-0.71325861,-0.72335361,-0.7031636
hard|5|7|-8|hit,hard,5,7,-8,hit,17664,2333,14950,381,0.13207654,0.1270835,0.13706958,0.00499304,0.005,ci_target_reached,-0.71427763,-0.72436916,-0.70418609
hard|5|7|-10|stand,hard,5,7,-10,stand,34304,11537,22767,0,0.33631646,0.33131683,0.3413161,0.00499963,0.005,ci_target_reached,-0.32736707,-0.33736649,-0.31736766
hard|5|7|-10|double,hard,5,7,-10,double,34560,11638,22922,0,0.33674769,0.33176503,0.34173034,0.00498266,0.005,ci_target_reached,-0.65300926,-0.67294017,-0.63307835
hard|5|7|-7|hit,hard,5,7,-7,hit,18432,2560,15481,391,0.13888889,0.13389622,0.14388156,0.00499267,0.005,ci_target_reached,-0.70100911,-0.711088,-0.69093023
hard|5|7|-9|stand,hard,5,7,-9,stand,34304,11391,22913,0,0.3320604,0.3270766,0.3370442,0.0049838,0.005,ci_target_reached,-0.3358792,-0.34584695,-0.32591145
hard|5|7|-9|double,hard,5,7,-9,double,34048,11260,22788,0,0.33070959,0.32571222,0.33570695,0.00499736,0.005,ci_target_reached,-0.67716165,-0.6971514,-0.65717191
hard|5|7|-6|hit,hard,5,7,-6,hit,17920,2400,15120,400,0.13392857,0.12894202,0.13891513,0.00498655,0.005,ci_target_reached,-0.70982143,-0.71990029,-0.69974257
hard|5|7|-8|stand,hard,5,7,-8,stand,34304,11461,22843,0,0.33410098,0.32910953,0.33909243,0.00499145,0.005,ci_target_reached,-0.33179804,-0.34178109,-0.32181499
hard|5|7|-8|double,hard,5,7,-8,double,34560,11725,22835,0,0.33926505,0.3342733,0.34425679,0.00499175,0.005,ci_target_reached,-0.64293981,-0.66290708,-0.62297255
hard|5|7|-7|stand,hard,5,7,-7,stand,34304,11391,22913,0,0.3320604,0.3270766,0.3370442,0.0049838,0.005,ci_target_reached,-0.3358792,-0.34584695,-0.32591145
hard|5|7|-5|hit,hard,5,7,-5,hit,18176,2462,15300,414,0.13545335,0.13047831,0.14042838,0.00497503,0.005,ci_target_reached,-0.70631602,-0.71637114,-0.6962609
hard|5|7|-7|double,hard,5,7,-7,double,34304,11446,22858,0,0.33366371,0.32867389,0.33865353,0.00498982,0.005,ci_target_reached,-0.66534515,-0.68530472,-0.64538558
hard|5|7|-6|stand,hard,5,7,-6,stand,34304,11521,22783,0,0.33585005,0.33085212,0.34084797,0.00499792,0.005,ci_target_reached,-0.32829991,-0.3382959,-0.31830392
hard|5|7|-4|hit,hard,5,7,-4,hit,17920,2389,15182,349,0.13331473,0.12833786,0.13829161,0.00497688,0.005,ci_target_reached,-0.71389509,-0.72394249,-0.70384769
hard|5|7|-6|double,hard,5,7,-6,double,34304,11453,22851,0,0.33386777,0.32887719,0.33885835,0.00499058,0.005,ci_target_reached,-0.66452892,-0.68449154,-0.6445663
hard|5|7|-5|stand,hard,5,7,-5,stand,34304,11489,22815,0,0.33491721,0.32992273,0.33991169,0.00499448,0.005,ci_target_reached,-0.33016558,-0.34015468,-0.32017647
hard|5|7|-3|hit,hard,5,7,-3,hit,17920,2412,15117,391,0.13459821,0.12960114,0.13959529,0.00499707,0.005,ci_target_reached,-0.70898438,-0.71908119,-0.69888756
hard|5|7|-5|double,hard,5,7,-5,double,34304,11428,22876,0,0.33313899,0.32815113,0.33812685,0.00498786,0.005,ci_target_reached,-0.66744403,-0.68739575,-0.64749231
hard|5|7|-4|stand,hard,5,7,-4,stand,34048,11270,22778,0,0.33100329,0.3260048,0.33600177,0.00499849,0.005,ci_target_reached,-0.33799342,-0.34799054,-0.3279963
hard|5|7|-2|hit,hard,5,7,-2,hit,18432,2534,15525,373,0.1374783,0.13250698,0.14244962,0.00497132,0.005,ci_target_reached,-0.70480686,-0.71484053,-0.69477318
hard|5|7|+0|hit,hard,5,7,0,hit,36864,14701,18968,3195,0.39879015,0.39379164,0.40378865,0.0049985,0.005,ci_target_reached,-0.11574978,-0.12543402,-0.10606554
hard|5|7|+0|stand,hard,5,7,0,stand,29952,7912,22040,0,0.26415598,0.25916293,0.26914904,0.00499305,0.005,ci_target_reached,-0.47168803,-0.48167431,-0.46170176
hard|5|7|+0|double,hard,5,7,0,double,29952,7837,22115,0,0.26165198,0.2566742,0.26662976,0.00497778,0.005,ci_target_reached,-0.95339209,-0.97330355,-0.93348064
hard|5|7|-4|double,hard,5,7,-4,double,34304,11523,22781,0,0.33590835,0.33091021,0.34090649,0.00499814,0.005,ci_target_reached,-0.6563666,-0.67635944,-0.63637377
hard|5|7|-1|hit,hard,5,7,-1,hit,17920,2387,15157,376,0.13320313,0.12822801,0.13817824,0.00497511,0.005,ci_target_reached,-0.71261161,-0.72266246,-0.70256075
hard|5|7|-3|stand,hard,5,7,-3,stand,34304,11385,22919,0,0.33188549,0.32690235,0.33686864,0.00498314,0.005,ci_target_reached,-0.33622901,-0.34619544,-0.32626258
hard|5|7|-3|double,hard,5,7,-3,double,34304,11480,22824,0,0.33465485,0.32966134,0.33964836,0.00499351,0.005,ci_target_reached,-0.6613806,-0.68135492,-0.64140627
hard|5|7|-2|stand,hard,5,7,-2,stand,34048,11223,22825,0,0.32962289,0.32462969,0.33461608,0.0049932,0.005,ci_target_reached,-0.34075423,-0.35074077,-0.33076769
hard|5|7|-2|double,hard,5,7,-2,double,34304,11377,22927,0,0.33165229,0.32667003,0.33663455,0.00498226,0.005,ci_target_reached,-0.67339086,-0.69332019,-0.65346153
hard|5|7|-1|stand,hard,5,7,-1,stand,34304,11461,22843,0,0.33410098,0.32910953,0.33909243,0.00499145,0.005,ci_target_reached,-0.33179804,-0.34178109,-0.32181499
hard|5|7|-1|double,hard,5,7,-1,double,34304,11450,22854,0,0.33378032,0.32879006,0.33877057,0.00499026,0.005,ci_target_reached,-0.66487873,-0.68484004,-0.64491742
hard|5|7|+1|stand,hard,5,7,1,stand,32256,9557,22699,0,0.29628596,0.29130281,0.30126912,0.00498316,0.005,ci_target_reached,-0.40742808,-0.41739454,-0.39746161
hard|5|7|+1|hit,hard,5,7,1,hit,34304,11491,19886,2927,0.33497551,0.32998082,0.33997021,0.0049947,0.005,ci_target_reached,-0.24472365,-0.25450769,-0.2349396
hard|5|7|+1|double,hard,5,7,1,double,32000,9397,22603,0,0.29365625,0.28866616,0.29864634,0.00499009,0.005,ci_target_reached,-0.825375,-0.84533569,-0.80541431
hard|5|7|+2|stand,hard,5,7,2,stand,30720,8484,22236,0,0.27617188,0.27117207,0.28117168,0.0049998,0.005,ci_target_reached,-0.44765625,-0.45765602,-0.43765648
hard|5|7|+2|double,hard,5,7,2,double,30464,8253,22211,0,0.27090993,0.26591918,0.27590067,0.00499075,0.005,ci_target_reached,-0.91636029,-0.93632361,-0.89639697
hard|5|7|+2|hit,hard,5,7,2,hit,37376,15463,17971,3942,0.41371468,0.40872165,0.41870772,0.00499304,0.005,ci_target_reached,-0.06710188,-0.0766665,-0.05753727
hard|5|7|+3|hit,hard,5,7,3,hit,37632,15937,17580,4115,0.42349596,0.41850363,0.42848829,0.00499233,0.005,ci_target_reached,-0.04365965,-0.0531848,-0.0341345
hard|5|7|+3|stand,hard,5,7,3,stand,30464,8287,22177,0,0.272026,0.26702881,0.27702319,0.00499719,0.005,ci_target_reached,-0.455948,-0.46594255,-0.44595346
hard|5|7|+3|double,hard,5,7,3,double,30976,8575,22401,0,0.27682722,0.27184447,0.28180997,0.00498275,0.005,ci_target_reached,-0.89269112,-0.91262243,-0.87275981
hard|5|7|+4|stand,hard,5,7,4,stand,30720,8456,22264,0,0.27526042,0.27026573,0.2802551,0.00499469,0.005,ci_target_reached,-0.44947917,-0.4594687,-0.43948963
hard|5|7|+4|double,hard,5,7,4,double,30464,8269,22195,0,0.27143514,0.26644135,0.27642892,0.00499378,0.005,ci_target_reached,-0.91425945,-0.93423492,-0.89428399
hard|5|7|+4|hit,hard,5,7,4,hit,37888,16380,17273,4235,0.43232686,0.42733847,0.43731525,0.00498839,0.005,ci_target_reached,-0.02356947,-0.03305663,-0.01408231
hard|5|7|+5|stand,hard,5,7,5,stand,30720,8382,22338,0,0.27285156,0.26787052,0.2778326,0.00498104,0.005,ci_target_reached,-0.45429687,-0.46425912,-0.44433463
hard|5|7|+5|double,hard,5,7,5,double,30976,8615,22361,0,0.27811854,0.27312865,0.28310844,0.00498989,0.005,ci_target_reached,-0.88752583,-0.90748572,-0.86756593
hard|5|7|+5|hit,hard,5,7,5,hit,37632,15956,17331,4345,0.42400085,0.41900773,0.42899397,0.00499312,0.005,ci_target_reached,-0.03653805,-0.04603347,-0.02704264
hard|5|7|+6|stand,hard,5,7,6,stand,30720,8409,22311,0,0.27373047,0.26874443,0.27871651,0.00498604,0.005,ci_target_reached,-0.45253906,-0.46251131,-0.44256682
hard|5|7|+6|double,hard,5,7,6,double,30720,8438,22282,0,0.27467448,0.26968309,0.27966586,0.00499139,0.005,ci_target_reached,-0.90130208,-0.92126795,-0.88133622
hard|5|7|+6|hit,hard,5,7,6,hit,37888,16339,17326,4223,0.43124472,0.42625783,0.43623161,0.00498689,0.005,ci_target_reached,-0.02605046,-0.03553866,-0.01656227
hard|5|7|+7|stand,hard,5,7,7,stand,30976,8600,22376,0,0.2776343,0.27264708,0.28262152,0.00498722,0.005,ci_target_reached,-0.4447314,-0.45470601,-0.4347568
hard|5|7|+7|double,hard,5,7,7,double,30720,8380,22340,0,0.27278646,0.26780579,0.27776713,0.00498067,0.005,ci_target_reached,-0.90885417,-0.92877717,-0.88893116
hard|5|7|+7|hit,hard,5,7,7,hit,37888,16316,17257,4315,0.43063767,0.42565163,0.43562371,0.00498604,0.005,ci_target_reached,-0.02483636,-0.0343119,-0.01536082
hard|5|7|+8|stand,hard,5,7,8,stand,30720,8438,22282,0,0.27467448,0.26968309,0.27966586,0.00499139,0.005,ci_target_reached,-0.45065104,-0.46063397,-0.44066811
hard|5|7|+8|double,hard,5,7,8,double,30720,8429,22291,0,0.27438151,0.26939178,0.27937124,0.00498973,0.005,ci_target_reached,-0.90247396,-0.9224332,-0.88251471
hard|5|7|+8|hit,hard,5,7,8,hit,37632,16065,17339,4228,0.42689732,0.42189979,0.43189485,0.00499753,0.005,ci_target_reached,-0.03385417,-0.04336729,-0.02434104
hard|5|7|+9|stand,hard,5,7,9,stand,30720,8458,22262,0,0.27532552,0.27033047,0.28032057,0.00499505,0.005,ci_target_reached,-0.44934896,-0.45933923,-0.43935869
hard|5|7|+9|double,hard,5,7,9,double,30464,8283,22181,0,0.2718947,0.26689826,0.27689113,0.00499643,0.005,ci_target_reached,-0.91242122,-0.93240728,-0.89243516
hard|5|8|-10|hit,hard,5,8,-10,hit,16896,2110,14551,235,0.12488163,0.11989684,0.12986642,0.00498479,0.005,ci_target_reached,-0.73632812,-0.74637487,-0.72628138
hard|5|7|+9|hit,hard,5,7,9,hit,37632,15931,17429,4272,0.42333652,0.41834444,0.4283286,0.00499208,0.005,ci_target_reached,-0.03980655,-0.04931104,-0.03030205
hard|5|7|+10|stand,hard,5,7,10,stand,30720,8441,22279,0,0.27477214,0.2697802,0.27976407,0.00499194,0.005,ci_target_reached,-0.45045573,-0.46043976,-0.44047169
hard|5|7|+10|double,hard,5,7,10,double,30464,8296,22168,0,0.27232143,0.26732254,0.27732032,0.00499889,0.005,ci_target_reached,-0.91071429,-0.93071016,-0.89071841
hard|5|7|+10|hit,hard,5,7,10,hit,37888,16263,17465,4160,0.42923881,0.42425476,0.43422285,0.00498404,0.005,ci_target_reached,-0.03172508,-0.04122041,-0.02222976
hard|5|8|-10|stand,hard,5,8,-10,stand,27648,6441,21207,0,0.23296441,0.22798157,0.23794725,0.00498284,0.005,ci_target_reached,-0.53407118,-0.54403704,-0.52410532
hard|5|8|-9|hit,hard,5,8,-9,hit,17152,2192,14772,188,0.12779851,0.12280196,0.13279505,0.00499655,0.005,ci_target_reached,-0.73344216,-0.74349407,-0.72339025
hard|5|8|-10|double,hard,5,8,-10,double,27136,6191,20945,0,0.22814711,0.22315415,0.23314007,0.00499296,0.005,ci_target_reached,-1.08741156,-1.10738376,-1.06743936
hard|5|8|-8|hit,hard,5,8,-8,hit,16640,2039,14393,208,0.12253606,0.1175538,0.12751831,0.00498226,0.005,ci_target_reached,-0.74242788,-0.75246446,-0.73239131
hard|5|8|-7|hit,hard,5,8,-7,hit,17408,2263,14925,220,0.1299977,0.12500185,0.13499356,0.00499585,0.005,ci_target_reached,-0.72736673,-0.73742374,-0.71730972
hard|5|8|-9|stand,hard,5,8,-9,stand,27392,6351,21041,0,0.23185602,0.22685826,0.23685377,0.00499775,0.005,ci_target_reached,-0.53628797,-0.54628365,-0.52629228
hard|5|8|-9|double,hard,5,8,-9,double,27136,6188,20948,0,0.22803656,0.22304445,0.23302866,0.00499211,0.005,ci_target_reached,-1.08785377,-1.10782256,-1.06788498
hard|5|8|-6|hit,hard,5,8,-6,hit,17408,2232,14934,242,0.12821691,0.12325032,0.1331835,0.00496659,0.005,ci_target_reached,-0.72966452,-0.7396708,-0.71965824
hard|5|8|-8|stand,hard,5,8,-8,stand,27136,6203,20933,0,0.22858933,0.22359297,0.23358569,0.00499636,0.005,ci_target_reached,-0.54282134,-0.55281425,-0.53282843
hard|5|8|-8|double,hard,5,8,-8,double,27392,6319,21073,0,0.23068779,0.22569886,0.23567673,0.00498893,0.005,ci_target_reached,-1.07724883,-1.09720493,-1.05729273
hard|5|8|-7|stand,hard,5,8,-7,stand,27648,6447,21201,0,0.23318142,0.22819697,0.23816588,0.00498445,0.005,ci_target_reached,-0.53363715,-0.54360624,-0.52366807
hard|5|8|-7|double,hard,5,8,-7,double,27136,6159,20977,0,0.22696787,0.22198403,0.23195171,0.00498384,0.005,ci_target_reached,-1.09212854,-1.11206427,-1.07219281
hard|5|8|-5|hit,hard,5,8,-5,hit,16640,2054,14366,220,0.1234375,0.11843952,0.12843548,0.00499798,0.005,ci_target_reached,-0.73990385,-0.7499751,-0.72983259
hard|5|8|-6|stand,hard,5,8,-6,stand,27136,6200,20936,0,0.22847877,0.22348326,0.23347429,0.00499551,0.005,ci_target_reached,-0.54304245,-0.55303366,-0.53305124
hard|5|8|-4|hit,hard,5,8,-4,hit,17408,2243,14932,233,0.12884881,0.12387179,0.13382582,0.00497701,0.005,ci_target_reached,-0.72891774,-0.73894172,-0.71889376
hard|5|8|-6|double,hard,5,8,-6,double,27392,6342,21050,0,0.23152745,0.22653218,0.23652273,0.00499528,0.005,ci_target_reached,-1.07389019,-1.09387166,-1.05390871
hard|5|8|-5|stand,hard,5,8,-5,stand,26880,6069,20811,0,0.22578125,0.22078301,0.23077949,0.00499824,0.005,ci_target_reached,-0.5484375,-0.55843417,-0.53844083
hard|5|8|-3|hit,hard,5,8,-3,hit,17408,2229,14979,200,0.12804458,0.12308083,0.13300832,0.00496374,0.005,ci_target_reached,-0.73242188,-0.74241029,-0.72243346
hard|5|8|-5|double,hard,5,8,-5,double,27392,6297,21095,0,0.22988464,0.2249018,0.23486748,0.00498284,0.005,ci_target_reached,-1.08046145,-1.10039318,-1.06052972
hard|5|8|-4|stand,hard,5,8,-4,stand,27392,6276,21116,0,0.22911799,0.22414099,0.23409499,0.004977,0.005,ci_target_reached,-0.54176402,-0.5517182,-0.53180983
hard|5|8|-4|double,hard,5,8,-4,double,27392,6319,21073,0,0.23068779,0.22569886,0.23567673,0.00498893,0.005,ci_target_reached,-1.07724883,-1.09720493,-1.05729273
hard|5|8|+0|hit,hard,5,8,0,hit,35840,13125,19564,3151,0.36621094,0.36122313,0.37119875,0.00498781,0.005,ci_target_reached,-0.1796596,-0.18937076,-0.16994844
hard|5|8|-2|hit,hard,5,8,-2,hit,17408,2253,14937,218,0.12942325,0.12443681,0.1344097,0.00498645,0.005,ci_target_reached,-0.72863051,-0.73866858,-0.71859245
hard|5|8|+0|stand,hard,5,8,0,stand,28416,6951,21465,0,0.24461571,0.23961766,0.24961376,0.00499805,0.005,ci_target_reached,-0.51076858,-0.52076486,-0.5007723
hard|5|8|+0|double,hard,5,8,0,double,28928,7185,21743,0,0.24837528,0.24339617,0.25335438,0.00497911,0.005,ci_target_reached,-1.00649889,-1.02641567,-0.98658212
hard|5|8|-3|stand,hard,5,8,-3,stand,27136,6214,20922,0,0.22899469,0.22399522,0.23399417,0.00499948,0.005,ci_target_reached,-0.54201061,-0.55200975,-0.53201148
hard|5|8|-3|double,hard,5,8,-3,double,27136,6204,20932,0,0.22862618,0.22362953,0.23362283,0.00499665,0.005,ci_target_reached,-1.08549528,-1.10548224,-1.06550833
hard|5|8|-1|hit,hard,5,8,-1,hit,17920,2369,15331,220,0.13219866,0.12723947,0.13715785,0.00495919,0.005,ci_target_reached,-0.72332589,-0.73330525,-0.71334653
hard|5|8|-2|stand,hard,5,8,-2,stand,27392,6351,21041,0,0.23185602,0.22685826,0.23685377,0.00499775,0.005,ci_target_reached,-0.53628797,-0.54628365,-0.52629228
hard|5|8|-2|double,hard,5,8,-2,double,27648,6504,21144,0,0.23524306,0.23024335,0.24024276,0.0049997,0.005,ci_target_reached,-1.05902778,-1.07902696,-1.0390286
hard|5|8|-1|stand,hard,5,8,-1,stand,27136,6204,20932,0,0.22862618,0.22362953,0.23362283,0.00499665,0.005,ci_target_reached,-0.54274764,-0.55274112,-0.53275417
hard|5|8|-1|double,hard,5,8,-1,double,27648,6438,21210,0,0.2328559,0.22787387,0.23783793,0.00498203,0.005,ci_target_reached,-1.06857639,-1.08850487,-1.04864791
hard|5|8|+1|stand,hard,5,8,1,stand,28160,6749,21411,0,0.23966619,0.23468027,0.24465211,0.00498592,0.005,ci_target_reached,-0.52066761,-0.53063963,-0.5106956
hard|5|8|+1|double,hard,5,8,1,double,28416,6900,21516,0,0.24282095,0.23783535,0.24780654,0.00498559,0.005,ci_target_reached,-1.02871622,-1.04865895,-1.00877349
hard|5|8|+1|hit,hard,5,8,1,hit,34816,12003,19842,2971,0.34475528,0.33976272,0.34974785,0.00499257,0.005,ci_target_reached,-0.2251551,-0.23491898,-0.21539122
hard|5|8|+2|stand,hard,5,8,2,stand,28416,6902,21514,0,0.24289133,0.23790524,0.24787741,0.00498609,0.005,ci_target_reached,-0.51421734,-0.52418969,-0.504245
hard|5|8|+2|double,hard,5,8,2,double,28416,6927,21489,0,0.24377111,0.23877891,0.24876332,0.0049922,0.005,ci_target_reached,-1.02491554,-1.04488471,-1.00494637
hard|5|8|+2|hit,hard,5,8,2,hit,37888,16242,17269,4377,0.42868454,0.4237013,0.43366779,0.00498324,0.005,ci_target_reached,-0.02710621,-0.03657236,-0.01764006
hard|5|8|+3|stand,hard,5,8,3,stand,28416,6908,21508,0,0.24310248,0.23811492,0.24809003,0.00498756,0.005,ci_target_reached,-0.51379505,-0.52377033,-0.50381976
hard|5|8|+3|double,hard,5,8,3,double,28416,6957,21459,0,0.24482686,0.23982735,0.24982637,0.00499951,0.005,ci_target_reached,-1.02069257,-1.04069096,-1.00069418
hard|5|8|+3|hit,hard,5,8,3,hit,37888,16729,16764,4395,0.44153822,0.43653803,0.4465384,0.00500019,0.005,ci_target_reached,-0.00092378,-0.01039131,0.00854376
hard|5|8|+4|stand,hard,5,8,4,stand,28672,7098,21574,0,0.24755859,0.24256282,0.25255436,0.00499577,0.005,ci_target_reached,-0.50488281,-0.51487453,-0.4948911
hard|5|8|+4|double,hard,5,8,4,double,28672,7105,21567,0,0.24780273,0.24280531,0.25280016,0.00499742,0.005,ci_target_reached,-1.00878906,-1.0287791,-0.98879903
hard|5|8|+4|hit,hard,5,8,4,hit,38144,16939,16780,4425,0.44408033,0.43909401,0.44906664,0.00498632,0.005,ci_target_reached,0.00416841,-0.00526717,0.01360399
hard|5|8|+5|stand,hard,5,8,5,stand,28416,6929,21487,0,0.2438415,0.23884881,0.24883419,0.00499269,0.005,ci_target_reached,-0.512317,-0.52230257,-0.50233144
hard|5|8|+5|double,hard,5,8,5,double,28672,7098,21574,0,0.24755859,0.24256282,0.25255436,0.00499577,0.005,ci_target_reached,-1.00976562,-1.02974905,-0.9897822
hard|5|8|+5|hit,hard,5,8,5,hit,37888,16614,16774,4500,0.43850296,0.43350646,0.44349945,0.00499649,0.005,ci_target_reached,-0.00422297,-0.01367557,0.00522962
hard|5|8|+6|stand,hard,5,8,6,stand,28672,7093,21579,0,0.24738421,0.24238962,0.2523788,0.00499459,0.005,ci_target_reached,-0.50523158,-0.51522094,-0.49524223
hard|5|8|+6|double,hard,5,8,6,double,28672,7110,21562,0,0.24797712,0.24297852,0.25297572,0.0049986,0.005,ci_target_reached,-1.00809152,-1.02808627,-0.98809677
hard|5|8|+6|hit,hard,5,8,6,hit,37888,16616,16793,4479,0.43855574,0.43355918,0.4435523,0.00499656,0.005,ci_target_reached,-0.00467166,-0.01412721,0.00478388
hard|5|8|+7|stand,hard,5,8,7,stand,28672,7054,21618,0,0.246024,0.24103866,0.25100933,0.00498534,0.005,ci_target_reached,-0.50795201,-0.51792286,-0.49798116
hard|5|8|+7|double,hard,5,8,7,double,28160,6789,21371,0,0.24108665,0.23609065,0.24608265,0.004996,0.005,ci_target_reached,-1.03565341,-1.05563776,-1.01566905
hard|5|8|+7|hit,hard,5,8,7,hit,37888,16697,16680,4511,0.44069362,0.43569445,0.4456928,0.00499918,0.005,ci_target_reached,0.00044869,-0.00900244,0.00989982
hard|5|8|+8|stand,hard,5,8,8,stand,28928,7260,21668,0,0.25096792,0.24597153,0.25596431,0.00499639,0.005,ci_target_reached,-0.49806416,-0.50805711,-0.48807121
hard|5|8|+8|double,hard,5,8,8,double,28672,7094,21578,0,0.24741908,0.24242426,0.25241391,0.00499482,0.005,ci_target_reached,-1.01032366,-1.03030331,-0.99034401
hard|5|8|+8|hit,hard,5,8,8,hit,37888,16710,16717,4461,0.44103674,0.43603715,0.44603633,0.00499959,0.005,ci_target_reached,-0.00018476,-0.00964296,0.00927345
hard|5|8|+9|stand,hard,5,8,9,stand,28672,7043,21629,0,0.24564035,0.24065763,0.25062306,0.00498272,0.005,ci_target_reached,-0.50871931,-0.51868491,-0.4987537
hard|5|8|+9|double,hard,5,8,9,double,28672,7058,21614,0,0.2461635,0.24117721,0.25114979,0.00498629,0.005,ci_target_reached,-1.01534598,-1.03529149,-0.99540048
hard|5|9|-10|hit,hard,5,9,-10,hit,15616,1775,13514,327,0.11366547,0.10868713,0.11864381,0.00497834,0.005,ci_target_reached,-0.751729,-0.76182074,-0.74163726
hard|5|8|+9|hit,hard,5,8,9,hit,38144,16911,16673,4560,0.44334627,0.43836079,0.44833175,0.00498548,0.005,ci_target_reached,0.00623951,-0.00317704,0.01565607
hard|5|9|-10|stand,hard,5,9,-10,stand,15872,1828,14044,0,0.11517137,0.11020497,0.12013778,0.0049664,0.005,ci_target_reached,-0.76965726,-0.77959038,-0.75972414
hard|5|9|-10|double,hard,5,9,-10,double,15616,1788,13828,0,0.11449795,0.10950376,0.11949214,0.00499419,0.005,ci_target_reached,-1.5420082,-1.56198559,-1.52203081
hard|5|8|+10|stand,hard,5,8,10,stand,28928,7197,21731,0,0.2487901,0.24380821,0.25377199,0.00498189,0.005,ci_target_reached,-0.5024198,-0.51238375,-0.49245585
hard|5|9|-9|hit,hard,5,9,-9,hit,15616,1783,13501,332,0.11417777,0.10918967,0.11916587,0.0049881,0.005,ci_target_reached,-0.75038422,-0.76049666,-0.74027178
hard|5|8|+10|double,hard,5,8,10,double,28416,6911,21505,0,0.24320805,0.23821976,0.24819634,0.00498829,0.005,ci_target_reached,-1.02716779,-1.04712131,-1.00721428
hard|5|8|+10|hit,hard,5,8,10,hit,37888,16688,16735,4465,0.44045608,0.43545719,0.44545497,0.00499889,0.005,ci_target_reached,-0.0012405,-0.01069813,0.00821713
hard|5|9|-9|stand,hard,5,9,-9,stand,16128,1898,14230,0,0.11768353,0.11271033,0.12265673,0.0049732,0.005,ci_target_reached,-0.76463294,-0.77457964,-0.75468623
hard|5|9|-9|double,hard,5,9,-9,double,16128,1893,14235,0,0.11737351,0.112406,0.12234103,0.00496752,0.005,ci_target_reached,-1.53050595,-1.55037664,-1.51063527
hard|5|9|-8|hit,hard,5,9,-8,hit,14848,1605,12915,328,0.10809537,0.10310095,0.11308978,0.00499442,0.005,ci_target_reached,-0.76171875,-0.7718628,-0.7515747
hard|5|9|-8|stand,hard,5,9,-8,stand,16128,1907,14221,0,0.11824157,0.11325817,0.12322497,0.0049834,0.005,ci_target_reached,-0.76351687,-0.77348397,-0.75354976
hard|5|9|-7|hit,hard,5,9,-7,hit,15104,1648,13109,347,0.10911017,0.1041379,0.11408244,0.00497227,0.005,ci_target_reached,-0.75880561,-0.76890806,-0.74870317
hard|5|9|-8|double,hard,5,9,-8,double,16128,1901,14227,0,0.11786954,0.11289294,0.12284615,0.0049766,0.005,ci_target_reached,-1.52852183,-1.54842886,-1.5086148
hard|5|9|-7|double,hard,5,9,-7,double,15872,1847,14025,0,0.11636845,0.11137968,0.12135722,0.00498877,0.005,ci_target_reached,-1.53452621,-1.55448192,-1.5145705
hard|5|9|-7|stand,hard,5,9,-7,stand,16128,1918,14210,0,0.11892361,0.11392779,0.12391943,0.00499582,0.005,ci_target_reached,-0.76215278,-0.77214472,-0.75216083
hard|5|9|-6|hit,hard,5,9,-6,hit,15360,1711,13324,325,0.11139323,0.10641764,0.11636882,0.00497559,0.005,ci_target_reached,-0.75605469,-0.76614699,-0.74596238
hard|5|9|-6|stand,hard,5,9,-6,stand,16384,1955,14429,0,0.11932373,0.11435989,0.12428757,0.00496384,0.005,ci_target_reached,-0.76135254,-0.77128052,-0.75142456
hard|5|9|-5|hit,hard,5,9,-5,hit,14848,1603,12931,314,0.10796067,0.10296899,0.11295235,0.00499168,0.005,ci_target_reached,-0.76293103,-0.77306353,-0.75279854
hard|5|9|-6|double,hard,5,9,-6,double,16128,1907,14221,0,0.11824157,0.11325817,0.12322497,0.0049834,0.005,ci_target_reached,-1.52703373,-1.54696795,-1.50709951
hard|5|9|-5|stand,hard,5,9,-5,stand,16640,2022,14618,0,0.12151442,0.11655009,0.12647875,0.00496433,0.005,ci_target_reached,-0.75697115,-0.76690011,-0.7470422
hard|5|9|-4|hit,hard,5,9,-4,hit,14848,1607,12937,304,0.10823006,0.10323291,0.11322722,0.00499715,0.005,ci_target_reached,-0.76306573,-0.7732042,-0.75292727
hard|5|9|-5|double,hard,5,9,-5,double,16384,1967,14417,0,0.12005615,0.11507917,0.12503313,0.00497698,0.005,ci_target_reached,-1.51977539,-1.53968391,-1.49986687
hard|5|9|-4|stand,hard,5,9,-4,stand,16128,1913,14215,0,0.11861359,0.11362341,0.12360377,0.00499018,0.005,ci_target_reached,-0.76277282,-0.77275349,-0.75279215
hard|5|9|-4|double,hard,5,9,-4,double,16640,2021,14619,0,0.12145433,0.11649105,0.1264176,0.00496327,0.005,ci_target_reached,-1.51418269,-1.53403638,-1.49432901
hard|5|9|-3|hit,hard,5,9,-3,hit,15360,1726,13286,348,0.11236979,0.10737519,0.1173644,0.00499461,0.005,ci_target_reached,-0.75260417,-0.76274232,-0.74246601
hard|5|9|+0|hit,hard,5,9,0,hit,33792,10920,19889,2983,0.32315341,0.31816688,0.32813994,0.00498653,0.005,ci_target_reached,-0.26541785,-0.27519755,-0.25563816
hard|5|9|+0|stand,hard,5,9,0,stand,27392,6294,21098,0,0.22977512,0.22479311,0.23475713,0.00498201,0.005,ci_target_reached,-0.54044977,-0.55041397,-0.53048557
hard|5|9|-3|stand,hard,5,9,-3,stand,15360,1730,13630,0,0.11263021,0.10763055,0.11762987,0.00499966,0.005,ci_target_reached,-0.77473958,-0.78473922,-0.76473994
hard|5|9|-2|hit,hard,5,9,-2,hit,14592,1543,12688,361,0.10574287,0.10075339,0.11073235,0.00498948,0.005,ci_target_reached,-0.76377467,-0.77393262,-0.75361672
hard|5|9|+0|double,hard,5,9,0,double,26880,6044,20836,0,0.22485119,0.21986026,0.22984212,0.00499093,0.005,ci_target_reached,-1.10059524,-1.12055933,-1.08063114
hard|5|9|-3|double,hard,5,9,-3,double,16128,1892,14236,0,0.11731151,0.11234513,0.12227789,0.00496638,0.005,ci_target_reached,-1.53075397,-1.5506201,-1.51088784
hard|5|9|-2|stand,hard,5,9,-2,stand,16896,2104,14792,0,0.12452652,0.11954781,0.12950522,0.00497871,0.005,ci_target_reached,-0.75094697,-0.76090468,-0.74098926
hard|5|9|-2|double,hard,5,9,-2,double,15616,1788,13828,0,0.11449795,0.10950376,0.11949214,0.00499419,0.005,ci_target_reached,-1.5420082,-1.56198559,-1.52203081
hard|5|9|-1|hit,hard,5,9,-1,hit,15104,1633,13116,355,0.10811706,0.10316471,0.1130694,0.00495235,0.005,ci_target_reached,-0.76026218,-0.77033005,-0.75019432
hard|5|9|-1|stand,hard,5,9,-1,stand,15872,1830,14042,0,0.11529738,0.11032861,0.12026615,0.00496877,0.005,ci_target_reached,-0.76940524,-0.77934309,-0.7594674
hard|5|9|-1|double,hard,5,9,-1,double,15872,1844,14028,0,0.11617944,0.11119419,0.12116469,0.00498525,0.005,ci_target_reached,-1.53528226,-1.55522389,-1.51534063
hard|5|9|+1|stand,hard,5,9,1,stand,23552,4447,19105,0,0.18881624,0.18381795,0.19381453,0.00499829,0.005,ci_target_reached,-0.62236753,-0.63236432,-0.61237073
hard|5|9|+1|double,hard,5,9,1,double,23808,4543,19265,0,0.19081821,0.18582675,0.19580967,0.00499146,0.005,ci_target_reached,-1.23672715,-1.25669341,-1.21676089
hard|5|9|+2|stand,hard,5,9,2,stand,26368,5764,20604,0,0.2185983,0.21360971,0.22358689,0.00498859,0.005,ci_target_reached,-0.5628034,-0.57278077,-0.55282602
hard|5|9|+2|double,hard,5,9,2,double,25856,5529,20327,0,0.21383818,0.20884044,0.21883592,0.00499774,0.005,ci_target_reached,-1.14464728,-1.16463864,-1.12465591
hard|5|9|+1|hit,hard,5,9,1,hit,34560,11792,19570,3198,0.3412037,0.33620507,0.34620234,0.00499864,0.005,ci_target_reached,-0.22505787,-0.23481717,-0.21529857
hard|5|9|+3|stand,hard,5,9,3,stand,27136,6159,20977,0,0.22696787,0.22198403,0.23195171,0.00498384,0.005,ci_target_reached,-0.54606427,-0.55603213,-0.5360964
hard|5|9|+3|double,hard,5,9,3,double,26624,5899,20725,0,0.22156701,0.21657836,0.22655565,0.00498864,0.005,ci_target_reached,-1.11373197,-1.13368693,-1.09377702
hard|5|9|+2|hit,hard,5,9,2,hit,37632,16121,16959,4552,0.42838542,0.42338569,0.43338515,0.00499973,0.005,ci_target_reached,-0.02226828,-0.0317386,-0.01279796
hard|5|9|+3|hit,hard,5,9,3,hit,37888,16445,16711,4732,0.43404244,0.42905172,0.43903316,0.00499072,0.005,ci_target_reached,-0.00702069,-0.01644022,0.00239883
hard|5|9|+4|stand,hard,5,9,4,stand,26880,6057,20823,0,0.22533482,0.22034008,0.23032956,0.00499474,0.005,ci_target_reached,-0.54933036,-0.55932002,-0.5393407
hard|5|9|+4|double,hard,5,9,4,double,26880,6000,20880,0,0.22321429,0.21823631,0.22819226,0.00497798,0.005,ci_target_reached,-1.10714286,-1.12705514,-1.08723057
hard|5|9|+5|stand,hard,5,9,5,stand,26624,5886,20738,0,0.22107873,0.21609402,0.22606343,0.00498471,0.005,ci_target_reached,-0.55784255,-0.56781215,-0.54787295
hard|5|9|+4|hit,hard,5,9,4,hit,37888,16710,16586,4592,0.44103674,0.43603715,0.44603633,0.00499959,0.005,ci_target_reached,0.0032728,-0.00616679,0.0127124
hard|5|9|+5|double,hard,5,9,5,double,26880,6031,20849,0,0.22436756,0.21938044,0.22935468,0.00498712,0.005,ci_target_reached,-1.10252976,-1.1224786,-1.08258093
hard|5|9|+6|stand,hard,5,9,6,stand,27136,6141,20995,0,0.22630454,0.22132585,0.23128323,0.00497869,0.005,ci_target_reached,-0.54739092,-0.55734848,-0.53743336
hard|5|9|+5|hit,hard,5,9,5,hit,37888,16612,16610,4666,0.43845017,0.43345374,0.4434466,0.00499643,0.005,ci_target_reached,5.279e-05,-0.00937637,0.00948195
hard|5|9|+6|double,hard,5,9,6,double,27136,6198,20938,0,0.22840507,0.22341013,0.23340002,0.00499494,0.005,ci_target_reached,-1.08637972,-1.10635987,-1.06639957
hard|5|9|+6|hit,hard,5,9,6,hit,37888,16632,16630,4626,0.43897804,0.43398096,0.44397512,0.00499708,0.005,ci_target_reached,5.279e-05,-0.00938205,0.00948762
hard|5|9|+7|stand,hard,5,9,7,stand,26624,5902,20722,0,0.22167969,0.21669014,0.22666924,0.00498955,0.005,ci_target_reached,-0.55664062,-0.56661992,-0.54666133
hard|5|9|+7|double,hard,5,9,7,double,26624,5916,20708,0,0.22220553,0.21721175,0.22719931,0.00499378,0.005,ci_target_reached,-1.11117788,-1.13115337,-1.0912024
hard|5|9|+7|hit,hard,5,9,7,hit,37888,16728,16647,4513,0.44151182,0.43651167,0.44651198,0.00500015,0.005,ci_target_reached,0.00213788,-0.00731294,0.0115887
hard|5|9|+8|stand,hard,5,9,8,stand,26624,5888,20736,0,0.22115385,0.21616853,0.22613916,0.00498531,0.005,ci_target_reached,-0.55769231,-0.56766312,-0.54772149
hard|5|9|+8|double,hard,5,9,8,double,26624,5930,20694,0,0.22273137,0.21773338,0.22772936,0.00499799,0.005,ci_target_reached,-1.10907452,-1.12906687,-1.08908217
hard|5|10|-10|stand,hard,5,10,-10,stand,2304,28,2276,0,0.01215278,0.00767876,0.01662679,0.00447402,0.005,ci_target_reached,-0.97569444,-0.98464442,-0.96674447
hard|5|10|-10|double,hard,5,10,-10,double,2560,42,2518,0,0.01640625,0.0114853,0.0213272,0.00492095,0.005,ci_target_reached,-1.934375,-1.95406263,-1.91468737
hard|5|9|+8|hit,hard,5,9,8,hit,37888,16597,16677,4614,0.43805427,0.43305833,0.4430502,0.00499593,0.005,ci_target_reached,-0.00211149,-0.011548,0.00732503
hard|5|9|+9|stand,hard,5,9,9,stand,26624,5911,20713,0,0.22201773,0.21702546,0.22701,0.00499227,0.005,ci_target_reached,-0.55596454,-0.56594927,-0.54597982
hard|5|10|-9|stand,hard,5,10,-9,stand,2304,32,2272,0,0.01388889,0.00911017,0.01866761,0.00477872,0.005,ci_target_reached,-0.97222222,-0.98178174,-0.96266271
hard|5|9|+9|double,hard,5,9,9,double,26624,5872,20752,0,0.22055288,0.21557243,0.22553334,0.00498046,0.005,ci_target_reached,-1.11778846,-1.13771066,-1.09786626
hard|5|10|-10|hit,hard,5,10,-10,hit,11264,895,10073,296,0.07945668,0.07446212,0.08445123,0.00499456,0.005,ci_target_reached,-0.81480824,-0.82508784,-0.80452864
hard|5|10|-9|double,hard,5,10,-9,double,3072,54,3018,0,0.01757812,0.01293104,0.02222521,0.00464709,0.005,ci_target_reached,-1.9296875,-1.94827887,-1.91109613
hard|5|10|-8|stand,hard,5,10,-8,stand,2560,41,2519,0,0.01601562,0.01115265,0.0208786,0.00486298,0.005,ci_target_reached,-0.96796875,-0.9776966,-0.9582409
hard|5|10|-8|double,hard,5,10,-8,double,2304,32,2272,0,0.01388889,0.00911017,0.01866761,0.00477872,0.005,ci_target_reached,-1.94444444,-1.96356347,-1.92532542
hard|5|10|-7|stand,hard,5,10,-7,stand,2048,25,2023,0,0.01220703,0.00745117,0.01696289,0.00475586,0.005,ci_target_reached,-0.97558594,-0.98509998,-0.96607189
hard|5|10|-7|double,hard,5,10,-7,double,2304,33,2271,0,0.01432292,0.00947117,0.01917466,0.00485174,0.005,ci_target_reached,-1.94270833,-1.96211952,-1.92329714
hard|5|9|+9|hit,hard,5,9,9,hit,37888,16612,16542,4734,0.43845017,0.43345374,0.4434466,0.00499643,0.005,ci_target_reached,0.00184755,-0.00757194,0.01126704
hard|5|10|-9|hit,hard,5,10,-9,hit,10752,807,9623,322,0.0750558,0.07007544,0.08003617,0.00498037,0.005,ci_target_reached,-0.81994048,-0.83025519,-0.80962576
hard|5|10|-6|stand,hard,5,10,-6,stand,2304,34,2270,0,0.01475694,0.00983332,0.01968057,0.00492362,0.005,ci_target_reached,-0.97048611,-0.98033549,-0.96063673
hard|5|10|-6|double,hard,5,10,-6,double,2560,38,2522,0,0.01484375,0.01015928,0.01952822,0.00468447,0.005,ci_target_reached,-1.940625,-1.95936654,-1.92188346
hard|5|10|-5|stand,hard,5,10,-5,stand,3072,55,3017,0,0.01790365,0.01321451,0.02259279,0.00468914,0.005,ci_target_reached,-0.96419271,-0.97357252,-0.9548129
hard|5|10|-8|hit,hard,5,10,-8,hit,10752,811,9641,300,0.07542783,0.07043614,0.08041952,0.00499169,0.005,ci_target_reached,-0.82124256,-0.8315557,-0.81092942
hard|5|10|-5|double,hard,5,10,-5,double,1536,13,1523,0,0.00846354,0.00388222,0.01304486,0.00458132,0.005,ci_target_reached,-1.96614583,-1.98447709,-1.94781457
hard|5|9|+10|stand,hard,5,9,10,stand,26368,5788,20580,0,0.2195085,0.21451244,0.22450455,0.00499606,0.005,ci_target_reached,-0.56098301,-0.57097531,-0.55099071
hard|5|10|-7|hit,hard,5,10,-7,hit,11008,834,9848,326,0.07576308,0.07081972,0.08070644,0.00494336,0.005,ci_target_reached,-0.81885901,-0.82908905,-0.80862897
hard|5|10|-4|double,hard,5,10,-4,double,2304,31,2273,0,0.01345486,0.00875037,0.01815936,0.00470449,0.005,ci_target_reached,-1.94618056,-1.96500262,-1.92735849
hard|5|9|+10|double,hard,5,9,10,double,26880,6018,20862,0,0.22388393,0.21890064,0.22886722,0.00498329,0.005,ci_target_reached,-1.10446429,-1.12439782,-1.08453075
hard|5|10|-3|stand,hard,5,10,-3,stand,1792,20,1772,0,0.01116071,0.00629669,0.01602474,0.00486403,0.005,ci_target_reached,-0.97767857,-0.98740934,-0.9679478
hard|5|10|-4|stand,hard,5,10,-4,stand,3072,56,3016,0,0.01822917,0.01349837,0.02295996,0.00473079,0.005,ci_target_reached,-0.96354167,-0.97300479,-0.95407854
hard|5|10|-3|double,hard,5,10,-3,double,2304,32,2272,0,0.01388889,0.00911017,0.01866761,0.00477872,0.005,ci_target_reached,-1.94444444,-1.96356347,-1.92532542
hard|5|10|-6|hit,hard,5,10,-6,hit,11008,849,9865,294,0.07712573,0.07214179,0.08210967,0.00498394,0.005,ci_target_reached,-0.8190407,-0.82931515,-0.80876624
hard|5|10|-2|double,hard,5,10,-2,double,2816,48,2768,0,0.01704545,0.01226454,0.02182637,0.00478091,0.005,ci_target_reached,-1.93181818,-1.95094523,-1.91269114
hard|5|10|-2|stand,hard,5,10,-2,stand,3072,59,3013,0,0.01920573,0.01435229,0.02405917,0.00485344,0.005,ci_target_reached,-0.96158854,-0.97129701,-0.95188008
hard|5|10|+0|hit,hard,5,10,0,hit,30976,8564,19930,2482,0.27647211,0.27149133,0.28145288,0.00498077,0.005,ci_target_reached,-0.36692924,-0.37679772,-0.35706075
hard|5|10|+0|stand,hard,5,10,0,stand,25856,5514,20342,0,0.21325804,0.20826524,0.21825085,0.0049928,0.005,ci_target_reached,-0.57348391,-0.58346971,-0.56349812
hard|5|10|-1|stand,hard,5,10,-1,stand,2304,33,2271,0,0.01432292,0.00947117,0.01917466,0.00485174,0.005,ci_target_reached,-0.97135417,-0.98105976,-0.96164857
hard|5|10|+0|double,hard,5,10,0,double,25600,5405,20195,0,0.21113281,0.20613344,0.21613219,0.00499938,0.005,ci_target_reached,-1.15546875,-1.17546665,-1.13547085
hard|5|10|-5|hit,hard,5,10,-5,hit,11008,836,9867,305,0.07594477,0.07099597,0.08089357,0.0049488,0.005,ci_target_reached,-0.82040334,-0.83062273,-0.81018395
hard|5|10|-1|double,hard,5,10,-1,double,2816,48,2768,0,0.01704545,0.01226454,0.02182637,0.00478091,0.005,ci_target_reached,-1.93181818,-1.95094523,-1.91269114
hard|5|9|+10|hit,hard,5,9,10,hit,37888,16639,16646,4603,0.4391628,0.43416548,0.44416011,0.00499731,0.005,ci_target_reached,-0.00018476,-0.00962285,0.00925334
hard|5|10|-4|hit,hard,5,10,-4,hit,11264,893,10063,308,0.07927912,0.07428966,0.08426857,0.00498946,0.005,ci_target_reached,-0.81409801,-0.82437913,-0.80381689
hard|5|10|-3|hit,hard,5,10,-3,hit,10496,767,9412,317,0.07307546,0.06809634,0.07805457,0.00497911,0.005,ci_target_reached,-0.8236471,-0.83397501,-0.8133192
hard|5|10|-2|hit,hard,5,10,-2,hit,10752,808,9642,302,0.07514881,0.07016561,0.08013201,0.0049832,0.005,ci_target_reached,-0.82161458,-0.83191391,-0.81131526
hard|5|10|-1|hit,hard,5,10,-1,hit,10496,763,9422,311,0.07269436,0.06772722,0.07766149,0.00496714,0.005,ci_target_reached,-0.82498095,-0.83527997,-0.81468192
hard|5|10|+1|double,hard,5,10,1,double,23296,4297,18999,0,0.18445227,0.17947166,0.18943287,0.0049806,0.005,ci_target_reached,-1.26219093,-1.28211378,-1.24226809
hard|5|10|+1|stand,hard,5,10,1,stand,23552,4387,19165,0,0.18626868,0.18129644,0.19124093,0.00497225,0.005,ci_target_reached,-0.62746264,-0.63740734,-0.61751793
hard|5|10|+2|stand,hard,5,10,2,stand,24320,4776,19544,0,0.19638158,0.19138872,0.20137444,0.00499286,0.005,ci_target_reached,-0.60723684,-0.61722277,-0.59725091
hard|5|10|+2|double,hard,5,10,2,double,25088,5136,19952,0,0.20471939,0.19972637,0.2097124,0.00499301,0.005,ci_target_reached,-1.18112245,-1.2010949,-1.16115
hard|5|10|+3|stand,hard,5,10,3,stand,24832,5014,19818,0,0.20191688,0.19692389,0.20690987,0.00499299,0.005,ci_target_reached,-0.59616624,-0.60615242,-0.58618006
hard|5|10|+3|double,hard,5,10,3,double,25088,5134,19954,0,0.20463967,0.19964738,0.20963196,0.00499229,0.005,ci_target_reached,-1.18144133,-1.20141089,-1.16147176
hard|5|10|+1|hit,hard,5,10,1,hit,36864,14507,17966,4391,0.39352756,0.38854046,0.39851466,0.0049871,0.005,ci_target_reached,-0.09383138,-0.1033646,-0.08429816
hard|5|10|+2|hit,hard,5,10,2,hit,37376,15464,17063,4849,0.41374144,0.40874836,0.41873452,0.00499308,0.005,ci_target_reached,-0.04278146,-0.05222933,-0.03333359
hard|5|10|+3|hit,hard,5,10,3,hit,37632,15750,17243,4639,0.41852679,0.41354249,0.42351108,0.0049843,0.005,ci_target_reached,-0.03967368,-0.04912572,-0.03022165
hard|5|10|+4|stand,hard,5,10,4,stand,24832,4977,19855,0,0.20042687,0.19544769,0.20540604,0.00497917,0.005,ci_target_reached,-0.59914626,-0.60910481,-0.58918771
hard|5|10|+4|double,hard,5,10,4,double,24832,4972,19860,0,0.20022552,0.19524822,0.20520281,0.0049773,0.005,ci_target_reached,-1.19909794,-1.21900753,-1.17918834
hard|5|10|+5|stand,hard,5,10,5,stand,25088,5136,19952,0,0.20471939,0.19972637,0.2097124,0.00499301,0.005,ci_target_reached,-0.59056122,-0.60054745,-0.580575
hard|5|10|+5|double,hard,5,10,5,double,24832,4978,19854,0,0.20046714,0.19548759,0.20544669,0.00497955,0.005,ci_target_reached,-1.19813144,-1.21805004,-1.17821285
hard|5|10|+4|hit,hard,5,10,4,hit,37632,15796,16938,4898,0.41974915,0.41476283,0.42473547,0.00498632,0.005,ci_target_reached,-0.03034651,-0.03976485,-0.02092818
hard|5|10|+6|stand,hard,5,10,6,stand,24576,4875,19701,0,0.19836426,0.19337862,0.2033499,0.00498564,0.005,ci_target_reached,-0.60327148,-0.61324296,-0.59330001
hard|5|10|+5|hit,hard,5,10,5,hit,37632,15768,17076,4788,0.4190051,0.41402001,0.42399019,0.00498509,0.005,ci_target_reached,-0.03475765,-0.04419026,-0.02532505
hard|5|10|+6|double,hard,5,10,6,double,25088,5145,19943,0,0.20507812,0.20008187,0.21007438,0.00499626,0.005,ci_target_reached,-1.1796875,-1.19967293,-1.15970207
hard|5|10|+6|hit,hard,5,10,6,hit,37632,15892,17056,4684,0.42230017,0.41730973,0.42729061,0.00499044,0.005,ci_target_reached,-0.03093112,-0.04038003,-0.02148221
hard|5|10|+7|stand,hard,5,10,7,stand,24576,4898,19678,0,0.19930013,0.19430566,0.2042946,0.00499447,0.005,ci_target_reached,-0.60139974,-0.61138888,-0.5914106
hard|5|10|+7|double,hard,5,10,7,double,25344,5210,20134,0,0.20557134,0.20059595,0.21054673,0.00497539,0.005,ci_target_reached,-1.17771465,-1.1976166,-1.15781269
hard|5|10|+7|hit,hard,5,10,7,hit,37376,15490,17149,4737,0.41443707,0.40944276,0.41943138,0.00499431,0.005,ci_target_reached,-0.04438677,-0.05385017,-0.03492338
hard|5|10|+8|stand,hard,5,10,8,stand,24320,4753,19567,0,0.19543586,0.1904521,0.20041961,0.00498376,0.005,ci_target_reached,-0.60912829,-0.61909601,-0.59916057
hard|5|10|+8|double,hard,5,10,8,double,24832,5001,19831,0,0.20139336,0.19640522,0.20638151,0.00498815,0.005,ci_target_reached,-1.19442655,-1.21437954,-1.17447356
hard|5|10|+9|stand,hard,5,10,9,stand,24832,5018,19814,0,0.20207796,0.19708349,0.20707244,0.00499448,0.005,ci_target_reached,-0.59584407,-0.60583323,-0.58585492
hard|6|A|-10|hit,hard,6,A,-10,hit,6144,243,5845,56,0.03955078,0.03467723,0.04442433,0.00487355,0.005,ci_target_reached,-0.91178385,-0.92177222,-0.90179548
hard|5|10|+8|hit,hard,5,10,8,hit,37632,15740,16999,4893,0.41826105,0.4132772,0.42324491,0.00498385,0.005,ci_target_reached,-0.03345557,-0.04287355,-0.02403759
hard|6|A|-10|stand,hard,6,A,-10,stand,7424,374,7050,0,0.05037716,0.04540174,0.05535257,0.00497542,0.005,ci_target_reached,-0.89924569,-0.90919719,-0.88929419
hard|6|A|-9|hit,hard,6,A,-9,hit,5376,194,5124,58,0.03608631,0.03110072,0.0410719,0.00498559,0.005,ci_target_reached,-0.91703869,-0.92733226,-0.90674512
hard|6|A|-10|double,hard,6,A,-10,double,7680,404,7272,4,0.05260417,0.04761129,0.05759705,0.00499288,0.005,ci_target_reached,-1.78854167,-1.80853507,-1.76854826
hard|5|10|+9|double,hard,5,10,9,double,25088,5121,19967,0,0.20412149,0.1991339,0.20910908,0.00498759,0.005,ci_target_reached,-1.18351403,-1.20346479,-1.16356327
hard|6|A|-9|double,hard,6,A,-9,double,7168,347,6813,8,0.0484096,0.04344084,0.05337836,0.00496876,0.005,ci_target_reached,-1.80412946,-1.8240543,-1.78420463
hard|5|10|+9|hit,hard,5,10,9,hit,37632,15902,17033,4697,0.4225659,0.41757504,0.42755677,0.00499087,0.005,ci_target_reached,-0.03005421,-0.03950154,-0.02060688
hard|6|A|-9|stand,hard,6,A,-9,stand,8448,476,7972,0,0.0563447,0.05142756,0.06126183,0.00491714,0.005,ci_target_reached,-0.88731061,-0.89714546,-0.87747575
hard|6|A|-8|hit,hard,6,A,-8,hit,6400,270,6063,67,0.0421875,0.03726259,0.04711241,0.00492491,0.005,ci_target_reached,-0.90515625,-0.91526528,-0.89504722
hard|5|10|+10|stand,hard,5,10,10,stand,24576,4902,19674,0,0.19946289,0.19446689,0.20445889,0.004996,0.005,ci_target_reached,-0.60107422,-0.61106642,-0.59108202
hard|6|A|-8|double,hard,6,A,-8,double,7424,372,7046,6,0.05010776,0.04514496,0.05507056,0.0049628,0.005,ci_target_reached,-1.79795259,-1.81783875,-1.77806642
hard|6|A|-8|stand,hard,6,A,-8,stand,7680,400,7280,0,0.05208333,0.04711387,0.0570528,0.00496947,0.005,ci_target_reached,-0.89583333,-0.90577292,-0.88589375
hard|6|A|-7|hit,hard,6,A,-7,hit,5632,210,5372,50,0.03728693,0.03233868,0.04223518,0.00494825,0.005,ci_target_reached,-0.9165483,-0.92670002,-0.90639657
hard|6|A|-6|hit,hard,6,A,-6,hit,5376,185,5135,56,0.0344122,0.0295394,0.039285,0.0048728,0.005,ci_target_reached,-0.92075893,-0.93082556,-0.9106923
hard|5|10|+10|double,hard,5,10,10,double,24832,5008,19824,0,0.20167526,0.1966845,0.20666601,0.00499076,0.005,ci_target_reached,-1.19329897,-1.21326239,-1.17333554
hard|6|A|-7|stand,hard,6,A,-7,stand,7936,432,7504,0,0.05443548,0.04944386,0.05942711,0.00499162,0.005,ci_target_reached,-0.89112903,-0.90111291,-0.88114516
hard|6|A|-7|double,hard,6,A,-7,double,8192,448,7738,6,0.0546875,0.04976379,0.05961121,0.00492371,0.005,ci_target_reached,-1.77978516,-1.79950842,-1.76006189
hard|6|A|-5|hit,hard,6,A,-5,hit,5376,193,5136,47,0.0359003,0.03092709,0.0408735,0.00497321,0.005,ci_target_reached,-0.91945685,-0.92966694,-0.90924675
hard|5|10|+10|hit,hard,5,10,10,hit,37632,15811,17128,4693,0.42014775,0.41516077,0.42513472,0.00498697,0.005,ci_target_reached,-0.03499681,-0.04444298,-0.02555064
hard|6|A|-6|stand,hard,6,A,-6,stand,8192,460,7732,0,0.05615234,0.05116699,0.0611377,0.00498535,0.005,ci_target_reached,-0.88769531,-0.89766663,-0.877724
hard|6|A|-6|double,hard,6,A,-6,double,7424,372,7047,5,0.05010776,0.04514496,0.05507056,0.0049628,0.005,ci_target_reached,-1.79822198,-1.81810255,-1.77834141
hard|6|A|-5|stand,hard,6,A,-5,stand,7168,346,6822,0,0.04827009,0.04330813,0.05323205,0.00496196,0.005,ci_target_reached,-0.90345982,-0.91338443,-0.89353522
hard|6|A|-4|hit,hard,6,A,-4,hit,5888,231,5606,51,0.03923234,0.03427323,0.04419144,0.00495911,0.005,ci_target_reached,-0.91287364,-0.92302765,-0.90271963
hard|6|A|-3|hit,hard,6,A,-3,hit,5376,185,5145,46,0.0344122,0.0295394,0.039285,0.0048728,0.005,ci_target_reached,-0.92261905,-0.93262983,-0.91260827
hard|6|A|-5|double,hard,6,A,-5,double,7424,369,7052,3,0.04970366,0.04475986,0.05464746,0.0049438,0.005,ci_target_reached,-1.80037716,-1.82017061,-1.7805837
hard|6|A|-4|stand,hard,6,A,-4,stand,7424,375,7049,0,0.05051185,0.04553014,0.05549356,0.00498171,0.005,ci_target_reached,-0.89897629,-0.90894039,-0.8890122
hard|6|A|-4|double,hard,6,A,-4,double,7168,347,6812,9,0.0484096,0.04344084,0.05337836,0.00496876,0.005,ci_target_reached,-1.80385045,-1.82378131,-1.78391958
hard|6|A|-2|hit,hard,6,A,-2,hit,5120,175,4900,45,0.03417969,0.02920285,0.03915652,0.00497684,0.005,ci_target_reached,-0.92285156,-0.93308538,-0.91261775
hard|6|A|+0|stand,hard,6,A,0,stand,15616,1759,13857,0,0.11264088,0.10768217,0.11759959,0.00495871,0.005,ci_target_reached,-0.77471824,-0.78463598,-0.7648005
hard|6|A|+0|hit,hard,6,A,0,hit,25600,5383,18580,1637,0.21027344,0.20528153,0.21526535,0.00499191,0.005,ci_target_reached,-0.51550781,-0.52553736,-0.50547827
hard|6|A|+0|double,hard,6,A,0,double,16128,1895,14079,154,0.11749752,0.11252773,0.12246731,0.00496979,0.005,ci_target_reached,-1.5109127,-1.53091122,-1.49091417
hard|6|A|-3|stand,hard,6,A,-3,stand,7680,393,7287,0,0.05117187,0.04624371,0.05610004,0.00492816,0.005,ci_target_reached,-0.89765625,-0.90751321,-0.88779929
hard|6|A|-3|double,hard,6,A,-3,double,8192,459,7730,3,0.05603027,0.05105002,0.06101053,0.00498025,0.005,ci_target_reached,-1.77514648,-1.79508208,-1.75521088
hard|6|A|-2|stand,hard,6,A,-2,stand,7680,401,7279,0,0.05221354,0.04723821,0.05718888,0.00497533,0.005,ci_target_reached,-0.89557292,-0.90552423,-0.8856216
hard|6|A|-1|hit,hard,6,A,-1,hit,5888,220,5623,45,0.03736413,0.03251983,0.04220843,0.0048443,0.005,ci_target_reached,-0.91762908,-0.92753304,-0.90772511
hard|6|A|-2|double,hard,6,A,-2,double,7936,420,7512,4,0.05292339,0.04799765,0.05784913,0.00492574,0.005,ci_target_reached,-1.78729839,-1.8070221,-1.76757468
hard|6|A|-1|stand,hard,6,A,-1,stand,7424,377,7047,0,0.05078125,0.04578698,0.05577552,0.00499427,0.005,ci_target_reached,-0.8984375,-0.90842671,-0.88844829
hard|6|A|-1|double,hard,6,A,-1,double,7168,344,6819,5,0.04799107,0.04304275,0.05293939,0.00494832,0.005,ci_target_reached,-1.80664062,-1.82646576,-1.78681549
hard|6|A|+1|double,hard,6,A,1,double,6912,321,6586,5,0.04644097,0.04147986,0.05140208,0.00496111,0.005,ci_target_reached,-1.81278935,-1.83266816,-1.79291055
hard|6|A|+1|stand,hard,6,A,1,stand,7680,391,7289,0,0.05091146,0.04599518,0.05582774,0.00491628,0.005,ci_target_reached,-0.89817708,-0.90801028,-0.88834388
hard|6|A|+2|stand,hard,6,A,2,stand,7424,372,7052,0,0.05010776,0.04514496,0.05507056,0.0049628,0.005,ci_target_reached,-0.89978448,-0.90971075,-0.88985821
hard|6|A|+2|double,hard,6,A,2,double,7424,368,7051,5,0.04956897,0.04463152,0.05450641,0.00493745,0.005,ci_target_reached,-1.80037716,-1.82015652,-1.78059779
hard|6|A|+3|stand,hard,6,A,3,stand,6656,301,6355,0,0.04522236,0.04023033,0.05021439,0.00499203,0.005,ci_target_reached,-0.90955529,-0.9195401,-0.89957048
hard|6|A|+3|double,hard,6,A,3,double,6656,293,6357,6,0.04402043,0.03909209,0.04894878,0.00492834,0.005,ci_target_reached,-1.82211538,-1.84187363,-1.80235714
hard|6|A|+4|stand,hard,6,A,4,stand,6656,291,6365,0,0.04371995,0.03880769,0.04863222,0.00491227,0.005,ci_target_reached,-0.9125601,-0.92238536,-0.90273483
hard|6|A|+4|double,hard,6,A,4,double,6656,301,6349,6,0.04522236,0.04023033,0.05021439,0.00499203,0.005,ci_target_reached,-1.81730769,-1.83731991,-1.79729548
hard|6|A|+5|stand,hard,6,A,5,stand,6912,325,6587,0,0.04701968,0.04202927,0.05201008,0.00499041,0.005,ci_target_reached,-0.90596065,-0.91594218,-0.89597911
hard|6|A|+5|double,hard,6,A,5,double,6912,324,6584,4,0.046875,0.0418919,0.0518581,0.0049831,0.005,ci_target_reached,-1.81134259,-1.83130263,-1.79138255
hard|6|A|+6|stand,hard,6,A,6,stand,6912,321,6591,0,0.04644097,0.04147986,0.05140208,0.00496111,0.005,ci_target_reached,-0.90711806,-0.91704099,-0.89719512
hard|6|A|+6|double,hard,6,A,6,double,6656,293,6358,5,0.04402043,0.03909209,0.04894878,0.00492834,0.005,ci_target_reached,-1.82241587,-1.84216689,-1.80266484
hard|6|A|+7|stand,hard,6,A,7,stand,6656,294,6362,0,0.04417067,0.03923432,0.04910703,0.00493636,0.005,ci_target_reached,-0.91165865,-0.92153211,-0.9017852
hard|6|A|+1|hit,hard,6,A,1,hit,32256,9616,18273,4367,0.29811508,0.29312307,0.30310709,0.00499201,0.005,ci_target_reached,-0.26838418,-0.27810001,-0.25866834
hard|6|A|+7|double,hard,6,A,7,double,6912,318,6587,7,0.04600694,0.04106795,0.05094594,0.00493899,0.005,ci_target_reached,-1.81394676,-1.83375055,-1.79414297
hard|6|A|+2|hit,hard,6,A,2,hit,33536,10659,18074,4803,0.31783755,0.3128539,0.32282119,0.00498364,0.005,ci_target_reached,-0.22110568,-0.23072587,-0.21148548
hard|6|A|+3|hit,hard,6,A,3,hit,33536,10676,17977,4883,0.31834447,0.3133587,0.32333023,0.00498576,0.005,ci_target_reached,-0.21770635,-0.22732122,-0.20809147
hard|6|A|+8|stand,hard,6,A,8,stand,6400,277,6123,0,0.04328125,0.03829576,0.04826674,0.00498549,0.005,ci_target_reached,-0.9134375,-0.92340927,-0.90346573
hard|6|A|+8|double,hard,6,A,8,double,7168,339,6823,6,0.04729353,0.0423795,0.05220755,0.00491403,0.005,ci_target_reached,-1.80915179,-1.8288462,-1.78945737
hard|6|A|+4|hit,hard,6,A,4,hit,33280,10506,18124,4650,0.3156851,0.31069143,0.32067876,0.00499367,0.005,ci_target_reached,-0.22890625,-0.23856329,-0.21924921
hard|6|A|+5|hit,hard,6,A,5,hit,33536,10695,18033,4808,0.31891102,0.3139229,0.32389914,0.00498812,0.005,ci_target_reached,-0.21880964,-0.22843496,-0.20918432
hard|6|A|+9|double,hard,6,A,9,double,6656,293,6356,7,0.04402043,0.03909209,0.04894878,0.00492834,0.005,ci_target_reached,-1.8218149,-1.84158037,-1.80204944
hard|6|A|+9|stand,hard,6,A,9,stand,7168,337,6831,0,0.04701451,0.04211428,0.05191474,0.00490023,0.005,ci_target_reached,-0.90597098,-0.91577212,-0.89616985
hard|6|A|+10|stand,hard,6,A,10,stand,6656,297,6359,0,0.04462139,0.03966109,0.0495817,0.00496031,0.005,ci_target_reached,-0.91075721,-0.92067858,-0.90083585
hard|6|A|+6|hit,hard,6,A,6,hit,33536,10674,18030,4832,0.31828483,0.31329931,0.32327034,0.00498551,0.005,ci_target_reached,-0.21934637,-0.22896603,-0.20972671
hard|6|A|+10|double,hard,6,A,10,double,7168,339,6829,0,0.04729353,0.0423795,0.05220755,0.00491403,0.005,ci_target_reached,-1.81082589,-1.83048337,-1.79116842
hard|6|A|+7|hit,hard,6,A,7,hit,33536,10695,18007,4834,0.31891102,0.3139229,0.32389914,0.00498812,0.005,ci_target_reached,-0.21803435,-0.22765707,-0.20841163
hard|6|A|+8|hit,hard,6,A,8,hit,33536,10759,18002,4775,0.32081942,0.31582341,0.32581543,0.00499601,0.005,ci_target_reached,-0.21597686,-0.22561536,-0.20633837
hard|6|A|+9|hit,hard,6,A,9,hit,33536,10686,17992,4858,0.31864265,0.31365565,0.32362966,0.00498701,0.005,ci_target_reached,-0.21785544,-0.22747436,-0.20823651
hard|6|A|+10|hit,hard,6,A,10,hit,33536,10775,18011,4750,0.32129652,0.31629855,0.32629449,0.00499797,0.005,ci_target_reached,-0.21576813,-0.22541159,-0.20612467
hard|6|2|-10|stand,hard,6,2,-10,stand,36352,13874,22478,0,0.38165713,0.37666319,0.38665107,0.00499394,0.005,ci_target_reached,-0.23668574,-0.24667376,-0.22669772
hard|6|2|-10|hit,hard,6,2,-10,hit,36608,14292,22105,211,0.39040647,0.38540904,0.3954039,0.00499743,0.005,ci_target_reached,-0.2134233,-0.22340111,-0.20344548
hard|6|2|-10|double,hard,6,2,-10,double,36352,13912,22277,163,0.38270246,0.37770592,0.38769901,0.00499655,0.005,ci_target_reached,-0.46022227,-0.48018333,-0.44026121
hard|6|2|-9|hit,hard,6,2,-9,hit,36864,14553,22118,193,0.39477539,0.38978553,0.39976525,0.00498986,0.005,ci_target_reached,-0.20521376,-0.21517762,-0.19524989
hard|6|2|-9|stand,hard,6,2,-9,stand,36352,13935,22417,0,0.38333517,0.37833706,0.38833328,0.00499811,0.005,ci_target_reached,-0.23332967,-0.24332602,-0.22333331
hard|6|2|-9|double,hard,6,2,-9,double,36608,14205,22241,162,0.38802994,0.38303804,0.39302184,0.0049919,0.005,ci_target_reached,-0.43902972,-0.45897168,-0.41908776
hard|6|2|-8|hit,hard,6,2,-8,hit,36608,14294,22127,187,0.3904611,0.38546355,0.39545866,0.00499756,0.005,ci_target_reached,-0.21396962,-0.22394966,-0.20398959
hard|6|2|-8|stand,hard,6,2,-8,stand,36608,14311,22297,0,0.39092548,0.38592686,0.3959241,0.00499862,0.005,ci_target_reached,-0.21814904,-0.22814642,-0.20815166
hard|6|2|-8|double,hard,6,2,-8,double,36608,14115,22331,162,0.38557146,0.38058541,0.3905575,0.00498605,0.005,ci_target_reached,-0.44886364,-0.46878261,-0.42894466
hard|6|2|-7|stand,hard,6,2,-7,stand,36352,13949,22403,0,0.38372029,0.37872123,0.38871935,0.00499906,0.005,ci_target_reached,-0.23255942,-0.24255767,-0.22256116
hard|6|2|-7|hit,hard,6,2,-7,hit,36864,14481,22224,159,0.39282227,0.38783674,0.39780779,0.00498552,0.005,ci_target_reached,-0.21004232,-0.22000052,-0.20008412
hard|6|2|-7|double,hard,6,2,-7,double,36608,14117,22324,167,0.38562609,0.38063992,0.39061227,0.00498618,0.005,ci_target_reached,-0.44837194,-0.46829064,-0.42845324
hard|6|2|-6|hit,hard,6,2,-6,hit,36608,14152,22282,174,0.38658217,0.3815937,0.39157064,0.00498847,0.005,ci_target_reached,-0.2220826,-0.23204589,-0.21211932
hard|6|2|-6|stand,hard,6,2,-6,stand,36608,14257,22351,0,0.38945039,0.38445517,0.39444561,0.00499522,0.005,ci_target_reached,-0.22109921,-0.23108979,-0.21110864
hard|6|2|-6|double,hard,6,2,-6,double,36352,13946,22221,185,0.38363776,0.37863891,0.38863662,0.00499886,0.005,ci_target_reached,-0.45527069,-0.47523733,-0.43530404
hard|6|2|-5|hit,hard,6,2,-5,hit,36608,14167,22254,187,0.38699191,0.38200247,0.39198136,0.00498944,0.005,ci_target_reached,-0.220908,-0.23087216,-0.21094384
hard|6|2|-5|stand,hard,6,2,-5,stand,36352,13925,22427,0,0.38306008,0.37806265,0.38805751,0.00499743,0.005,ci_target_reached,-0.23387984,-0.24387484,-0.22388484
hard|6|2|-5|double,hard,6,2,-5,double,36608,14168,22258,182,0.38701923,0.38202972,0.39200874,0.00498951,0.005,ci_target_reached,-0.4419799,-0.46190927,-0.42205052
hard|6|2|-4|hit,hard,6,2,-4,hit,36608,14325,22117,166,0.39130791,0.38630841,0.39630741,0.0049995,0.005,ci_target_reached,-0.21284965,-0.22283521,-0.20286409
hard|6|2|-4|stand,hard,6,2,-4,stand,36352,13907,22445,0,0.38256492,0.37756872,0.38756112,0.0049962,0.005,ci_target_reached,-0.23487016,-0.2448627,-0.22487761
hard|6|2|-4|double,hard,6,2,-4,double,36608,14143,22290,175,0.38633632,0.38134844,0.3913242,0.00498788,0.005,ci_target_reached,-0.44509397,-0.46501808,-0.42516986
hard|6|2|-3|hit,hard,6,2,-3,hit,36608,14148,22274,186,0.3864729,0.3814847,0.39146111,0.00498821,0.005,ci_target_reached,-0.22197334,-0.23193516,-0.21201152
hard|6|2|+0|hit,hard,6,2,0,hit,37376,15450,20675,1251,0.41336687,0.40837445,0.41835928,0.00499242,0.005,ci_target_reached,-0.13979559,-0.14966151,-0.12992968
hard|6|2|+0|stand,hard,6,2,0,stand,35328,12541,22787,0,0.35498755,0.3499977,0.35997739,0.00498985,0.005,ci_target_reached,-0.29002491,-0.30000474,-0.28004508
hard|6|2|+0|double,hard,6,2,0,double,35328,12539,22410,379,0.35493093,0.34994127,0.3599206,0.00498967,0.005,ci_target_reached,-0.5588202,-0.57872877,-0.53891163
hard|6|2|-3|stand,hard,6,2,-3,stand,36608,14157,22451,0,0.38671875,0.38172996,0.39170754,0.00498879,0.005,ci_target_reached,-0.2265625,-0.23654022,-0.21658478
hard|6|2|-3|double,hard,6,2,-3,double,36608,14243,22170,195,0.38906796,0.38407363,0.39406229,0.00499433,0.005,ci_target_reached,-0.43307474,-0.45302088,-0.4131286
hard|6|2|-2|hit,hard,6,2,-2,hit,36608,14140,22285,183,0.38625437,0.38126669,0.39124206,0.00498768,0.005,ci_target_reached,-0.22249235,-0.23245338,-0.21253132
hard|6|2|-2|stand,hard,6,2,-2,stand,36352,13936,22416,0,0.38336268,0.3783645,0.38836085,0.00499818,0.005,ci_target_reached,-0.23327465,-0.24327114,-0.22327815
hard|6|2|-2|double,hard,6,2,-2,double,36352,13951,22218,183,0.38377531,0.37877611,0.3887745,0.00499919,0.005,ci_target_reached,-0.45483055,-0.47479884,-0.43486226
hard|6|2|-1|hit,hard,6,2,-1,hit,36608,14190,22219,199,0.38762019,0.38262926,0.39261112,0.00499093,0.005,ci_target_reached,-0.21932365,-0.22928975,-0.20935754
hard|6|2|-1|stand,hard,6,2,-1,stand,36608,14232,22376,0,0.38876748,0.38377385,0.39376111,0.00499363,0.005,ci_target_reached,-0.22246503,-0.23245243,-0.21247764
hard|6|2|-1|double,hard,6,2,-1,double,36352,13963,22214,175,0.38410541,0.37910541,0.38910542,0.005,0.005,ci_target_reached,-0.45395026,-0.473923,-0.43397753
hard|6|2|+1|stand,hard,6,2,1,stand,33536,10686,22850,0,0.31864265,0.31365565,0.32362966,0.00498701,0.005,ci_target_reached,-0.36271469,-0.37268885,-0.35274053
hard|6|2|+1|hit,hard,6,2,1,hit,35328,12500,22088,740,0.35382699,0.34884083,0.35881316,0.00498616,0.005,ci_target_reached,-0.27139946,-0.28132198,-0.26147694
hard|6|2|+1|double,hard,6,2,1,double,33536,10793,22644,99,0.32183325,0.31683309,0.32683342,0.00500016,0.005,ci_target_reached,-0.70676288,-0.72675401,-0.68677175
hard|6|2|+2|stand,hard,6,2,2,stand,28928,7212,21716,0,0.24930863,0.24432327,0.25429398,0.00498536,0.005,ci_target_reached,-0.50138274,-0.51135363,-0.49141186
hard|6|2|+2|hit,hard,6,2,2,hit,33280,10539,21353,1388,0.31667668,0.31167881,0.32167456,0.00499788,0.005,ci_target_reached,-0.3249399,-0.33486126,-0.31501855
hard|6|2|+2|double,hard,6,2,2,double,29184,7409,21731,44,0.25387198,0.24887857,0.2588654,0.00499342,0.005,ci_target_reached,-0.98149671,-1.00147038,-0.96152304
hard|6|2|+3|stand,hard,6,2,3,stand,27648,6438,21210,0,0.2328559,0.22787387,0.23783793,0.00498203,0.005,ci_target_reached,-0.53428819,-0.54425243,-0.52432395
hard|6|2|+3|double,hard,6,2,3,double,27904,6564,21317,23,0.23523509,0.23025843,0.24021175,0.00497666,0.005,ci_target_reached,-1.05741112,-1.07731878,-1.03750347
hard|6|2|+4|stand,hard,6,2,4,stand,27136,6210,20926,0,0.22884729,0.22384894,0.23384563,0.00499835,0.005,ci_target_reached,-0.54230542,-0.5523023,-0.53230855
hard|6|2|+4|double,hard,6,2,4,double,27392,6349,21018,25,0.231783,0.2267858,0.2367802,0.0049972,0.005,ci_target_reached,-1.07104264,-1.09103274,-1.05105254
hard|6|2|+3|hit,hard,6,2,3,hit,33024,10220,21251,1553,0.3094719,0.30448601,0.31445779,0.00498589,0.005,ci_target_reached,-0.3340298,-0.34392326,-0.32413633
hard|6|2|+4|hit,hard,6,2,4,hit,32512,9859,21130,1523,0.30324188,0.29824533,0.30823843,0.00499655,0.005,ci_target_reached,-0.346672,-0.35659303,-0.33675097
hard|6|2|+5|stand,hard,6,2,5,stand,27136,6160,20976,0,0.22700472,0.22202059,0.23198884,0.00498413,0.005,ci_target_reached,-0.54599057,-0.555959,-0.53602213
hard|6|2|+5|hit,hard,6,2,5,hit,32512,9801,21207,1504,0.30145792,0.29646972,0.30644612,0.0049882,0.005,ci_target_reached,-0.35082431,-0.36073156,-0.34091706
hard|6|2|+5|double,hard,6,2,5,double,27136,6195,20916,25,0.22829452,0.22330042,0.23328861,0.00499409,0.005,ci_target_reached,-1.08497936,-1.10495723,-1.0650015
hard|6|2|+6|stand,hard,6,2,6,stand,27392,6321,21071,0,0.23076081,0.22577132,0.23575029,0.00498949,0.005,ci_target_reached,-0.53847839,-0.54845754,-0.52849923
hard|6|2|+6|double,hard,6,2,6,double,27392,6305,21071,16,0.23017669,0.22519163,0.23516175,0.00498506,0.005,ci_target_reached,-1.078125,-1.09806625,-1.05818375
hard|6|2|+7|stand,hard,6,2,7,stand,27392,6289,21103,0,0.22959258,0.22461196,0.2345732,0.00498062,0.005,ci_target_reached,-0.54081484,-0.55077626,-0.53085342
hard|6|2|+6|hit,hard,6,2,6,hit,32768,10020,21205,1543,0.30578613,0.30079744,0.31077482,0.00498869,0.005,ci_target_reached,-0.34133911,-0.3512416,-0.33143662
hard|6|2|+7|double,hard,6,2,7,double,27392,6311,21055,26,0.23039574,0.22540901,0.23538246,0.00498672,0.005,ci_target_reached,-1.07651869,-1.09646698,-1.05657041
hard|6|2|+7|hit,hard,6,2,7,hit,32768,9973,21257,1538,0.30435181,0.29936969,0.30933392,0.00498212,0.005,ci_target_reached,-0.34436035,-0.35425148,-0.33446923
hard|6|2|+8|stand,hard,6,2,8,stand,27904,6579,21325,0,0.23577265,0.23079206,0.24075324,0.00498059,0.005,ci_target_reached,-0.5284547,-0.53841606,-0.51849334
hard|6|2|+8|hit,hard,6,2,8,hit,32768,10019,21219,1530,0.30575562,0.30076706,0.31074417,0.00498855,0.005,ci_target_reached,-0.34179688,-0.35169986,-0.33189389
hard|6|2|+8|double,hard,6,2,8,double,27136,6187,20927,22,0.22799971,0.22300788,0.23299153,0.00499182,0.005,ci_target_reached,-1.08637972,-1.10634837,-1.06641106
hard|6|2|+9|stand,hard,6,2,9,stand,27136,6166,20970,0,0.22722583,0.22223999,0.23221167,0.00498584,0.005,ci_target_reached,-0.54554835,-0.55552021,-0.53557649
hard|6|2|+9|double,hard,6,2,9,double,27392,6270,21105,17,0.22889895,0.22392362,0.23387428,0.00497533,0.005,ci_target_reached,-1.08316297,-1.10306538,-1.06326056
hard|6|2|+9|hit,hard,6,2,9,hit,32768,10065,21219,1484,0.30715942,0.30216449,0.31215436,0.00499493,0.005,ci_target_reached,-0.34039307,-0.35031002,-0.33047611
hard|6|2|+10|stand,hard,6,2,10,stand,27904,6605,21299,0,0.23670442,0.23171704,0.24169179,0.00498738,0.005,ci_target_reached,-0.52659117,-0.53656611,-0.51661623
hard|6|2|+10|double,hard,6,2,10,double,27136,6164,20958,14,0.22715212,0.22216685,0.23213739,0.00498527,0.005,ci_target_reached,-1.09035967,-1.11030178,-1.07041756
hard|6|2|+10|hit,hard,6,2,10,hit,32512,9828,21132,1552,0.30228839,0.29729629,0.30728048,0.0049921,0.005,ci_target_reached,-0.34768701,-0.35759852,-0.33777549
hard|6|3|-10|hit,hard,6,3,-10,hit,38400,20450,17797,153,0.53255208,0.52756165,0.53754252,0.00499043,0.005,ci_target_reached,0.06908854,0.05913022,0.07904686
hard|6|3|-10|stand,hard,6,3,-10,stand,38400,20379,18021,0,0.53070313,0.52571152,0.53569473,0.0049916,0.005,ci_target_reached,0.06140625,0.05142291,0.07138959
hard|6|3|-10|double,hard,6,3,-10,double,38400,20482,17829,89,0.53338542,0.52839554,0.5383753,0.00498988,0.005,ci_target_reached,0.13817708,0.11824371,0.15811046
hard|6|3|-9|hit,hard,6,3,-9,hit,38400,20555,17702,143,0.53528646,0.53029789,0.54027503,0.00498857,0.005,ci_target_reached,0.07429687,0.064341,0.08425275
hard|6|3|-9|stand,hard,6,3,-9,stand,38400,20378,18022,0,0.53067708,0.52568546,0.5356687,0.00499162,0.005,ci_target_reached,0.06135417,0.0513708,0.07133754
hard|6|3|-9|double,hard,6,3,-9,double,38400,20493,17796,111,0.53367188,0.52868219,0.53866156,0.00498969,0.005,ci_target_reached,0.14046875,0.12054273,0.16039477
hard|6|3|-8|hit,hard,6,3,-8,hit,38400,20453,17809,138,0.53263021,0.52763983,0.53762059,0.00499038,0.005,ci_target_reached,0.06885417,0.05889372,0.07881461
hard|6|3|-8|stand,hard,6,3,-8,stand,38400,20276,18124,0,0.52802083,0.52302765,0.53301402,0.00499318,0.005,ci_target_reached,0.05604167,0.04605517,0.06602816
hard|6|3|-8|double,hard,6,3,-8,double,38400,20359,17922,119,0.53018229,0.52519037,0.53517421,0.00499192,0.005,ci_target_reached,0.12692708,0.10699407,0.1468601
hard|6|3|-7|hit,hard,6,3,-7,hit,38400,20487,17790,123,0.53351563,0.52852583,0.53850542,0.00498979,0.005,ci_target_reached,0.07023438,0.06027293,0.08019582
hard|6|3|-7|stand,hard,6,3,-7,stand,38400,20523,17877,0,0.53445312,0.52946397,0.53944228,0.00498915,0.005,ci_target_reached,0.06890625,0.05892781,0.07888469
hard|6|3|-7|double,hard,6,3,-7,double,38400,20646,17648,106,0.53765625,0.53266941,0.54264309,0.00498684,0.005,ci_target_reached,0.15614583,0.13623018,0.17606149
hard|6|3|-6|hit,hard,6,3,-6,hit,38400,20582,17700,118,0.53598958,0.53100151,0.54097765,0.00498807,0.005,ci_target_reached,0.07505208,0.0650935,0.08501066
hard|6|3|-6|stand,hard,6,3,-6,stand,38400,20494,17906,0,0.53369792,0.52870825,0.53868759,0.00498967,0.005,ci_target_reached,0.06739583,0.05741636,0.0773753
hard|6|3|-6|double,hard,6,3,-6,double,38400,20541,17760,99,0.53492187,0.52993305,0.5399107,0.00498883,0.005,ci_target_reached,0.14484375,0.12491772,0.16476978
hard|6|3|-5|hit,hard,6,3,-5,hit,38400,20200,18069,131,0.52604167,0.52104741,0.53103592,0.00499425,0.005,ci_target_reached,0.05549479,0.04552509,0.06546449
hard|6|3|-5|stand,hard,6,3,-5,stand,38400,20545,17855,0,0.53502604,0.53003729,0.5400148,0.00498876,0.005,ci_target_reached,0.07005208,0.06007444,0.08002972
hard|6|3|-5|double,hard,6,3,-5,double,38400,20388,17923,89,0.5309375,0.52594604,0.53592896,0.00499146,0.005,ci_target_reached,0.12838542,0.10844549,0.14832534
hard|6|3|-4|hit,hard,6,3,-4,hit,38400,20614,17660,126,0.53682292,0.53183546,0.54181038,0.00498746,0.005,ci_target_reached,0.07692708,0.06697098,0.08688319
hard|6|3|-4|stand,hard,6,3,-4,stand,38400,20478,17922,0,0.53328125,0.5282913,0.5382712,0.00498995,0.005,ci_target_reached,0.0665625,0.05658247,0.07654253
hard|6|3|-4|double,hard,6,3,-4,double,38400,20400,17876,124,0.53125,0.52625874,0.53624126,0.00499126,0.005,ci_target_reached,0.13145833,0.11152956,0.15138711
hard|6|3|-3|hit,hard,6,3,-3,hit,38400,20474,17803,123,0.53317708,0.52818706,0.5381671,0.00499002,0.005,ci_target_reached,0.06955729,0.05959538,0.07951921
hard|6|3|+0|hit,hard,6,3,0,hit,37888,16246,20327,1315,0.42879012,0.42380672,0.43377352,0.0049834,0.005,ci_target_reached,-0.1077122,-0.11754585,-0.09787856
hard|6|3|-3|stand,hard,6,3,-3,stand,38400,20549,17851,0,0.53513021,0.53014153,0.54011889,0.00498868,0.005,ci_target_reached,0.07026042,0.06028292,0.08023791
hard|6|3|+0|stand,hard,6,3,0,stand,36352,13720,22632,0,0.37742077,0.37243765,0.3824039,0.00498313,0.005,ci_target_reached,-0.24515845,-0.25512485,-0.23519206
hard|6|3|+0|double,hard,6,3,0,double,36096,13568,22222,306,0.37588652,0.37088979,0.38088326,0.00499674,0.005,ci_target_reached,-0.47949911,-0.49944007,-0.45955816
hard|6|3|-3|double,hard,6,3,-3,double,38400,20262,18040,98,0.52765625,0.52266286,0.53264964,0.00499339,0.005,ci_target_reached,0.11572917,0.09578384,0.13567449
hard|6|3|-2|hit,hard,6,3,-2,hit,38400,20460,17813,127,0.5328125,0.52782224,0.53780276,0.00499026,0.005,ci_target_reached,0.06893229,0.05897046,0.07889412
hard|6|3|-2|stand,hard,6,3,-2,stand,38400,20365,18035,0,0.53033854,0.52534671,0.53533037,0.00499183,0.005,ci_target_reached,0.06067708,0.0506933,0.07066087
hard|6|3|-2|double,hard,6,3,-2,double,38400,20403,17905,92,0.53132813,0.52633691,0.53631934,0.00499122,0.005,ci_target_reached,0.13010417,0.11016614,0.15004219
hard|6|3|-1|hit,hard,6,3,-1,hit,38400,20563,17690,147,0.53549479,0.53050637,0.54048322,0.00498842,0.005,ci_target_reached,0.07481771,0.06486275,0.08477267
hard|6|3|-1|stand,hard,6,3,-1,stand,38400,20537,17863,0,0.53481771,0.52982881,0.53980661,0.0049889,0.005,ci_target_reached,0.06963542,0.05965748,0.07961335
hard|6|3|-1|double,hard,6,3,-1,double,38400,20443,17856,101,0.53236979,0.52737924,0.53736034,0.00499055,0.005,ci_target_reached,0.13473958,0.11480699,0.15467218
hard|6|3|+2|stand,hard,6,3,2,stand,30208,8107,22101,0,0.26837262,0.26337562,0.27336961,0.004997,0.005,ci_target_reached,-0.46325477,-0.47324893,-0.45326061
hard|6|3|+2|double,hard,6,3,2,double,30464,8195,22227,42,0.26900604,0.26402637,0.27398571,0.00497967,0.005,ci_target_reached,-0.92121849,-0.94113614,-0.90130083
hard|6|3|+2|hit,hard,6,3,2,hit,34048,11208,21432,1408,0.32918233,0.32419083,0.33417383,0.0049915,0.005,ci_target_reached,-0.30028195,-0.31018106,-0.29038285
hard|6|3|+1|stand,hard,6,3,1,stand,37376,15254,22122,0,0.40812286,0.40314009,0.41310563,0.00498277,0.005,ci_target_reached,-0.18375428,-0.19371996,-0.17378861
hard|6|3|+1|hit,hard,6,3,1,hit,37888,16722,20396,770,0.44135346,0.4363535,0.44635343,0.00499997,0.005,ci_target_reached,-0.09697002,-0.10688879,-0.08705124
hard|6|3|+1|double,hard,6,3,1,double,37120,15114,21934,72,0.40716595,0.40216785,0.41216404,0.00499809,0.005,ci_target_reached,-0.3674569,-0.38743687,-0.34747692
hard|6|3|+3|stand,hard,6,3,3,stand,27648,6503,21145,0,0.23520689,0.23020745,0.24020632,0.00499944,0.005,ci_target_reached,-0.52958623,-0.53958528,-0.51958717
hard|6|3|+3|double,hard,6,3,3,double,27648,6491,21135,22,0.23477286,0.22977662,0.2397691,0.00499624,0.005,ci_target_reached,-1.05931713,-1.07930312,-1.03933114
hard|6|3|+3|hit,hard,6,3,3,hit,32768,10027,21242,1499,0.30599976,0.30101009,0.31098942,0.00498967,0.005,ci_target_reached,-0.34225464,-0.35216137,-0.3323479
hard|6|3|+4|stand,hard,6,3,4,stand,26880,6029,20851,0,0.22429315,0.21930663,0.22927968,0.00498653,0.005,ci_target_reached,-0.55141369,-0.56138693,-0.54144045
hard|6|3|+4|double,hard,6,3,4,double,26880,6001,20862,17,0.22325149,0.21827321,0.22822976,0.00497827,0.005,ci_target_reached,-1.10572917,-1.1256436,-1.08581473
hard|6|3|+5|stand,hard,6,3,5,stand,26880,6007,20873,0,0.2234747,0.21849466,0.22845475,0.00498005,0.005,ci_target_reached,-0.5530506,-0.56301087,-0.54309032
hard|6|3|+4|hit,hard,6,3,4,hit,32256,9578,21161,1517,0.296937,0.29195068,0.30192332,0.00498632,0.005,ci_target_reached,-0.35909598,-0.36900262,-0.34918934
hard|6|3|+5|double,hard,6,3,5,double,26880,6030,20825,25,0.22433036,0.21934354,0.22931718,0.00498682,0.005,ci_target_reached,-1.10081845,-1.12076747,-1.08086944
hard|6|3|+5|hit,hard,6,3,5,hit,32000,9398,21087,1515,0.2936875,0.28869725,0.29867775,0.00499025,0.005,ci_target_reached,-0.36528125,-0.37519846,-0.35536404
hard|6|3|+6|stand,hard,6,3,6,stand,26880,6021,20859,0,0.22399554,0.21901136,0.22897971,0.00498417,0.005,ci_target_reached,-0.55200893,-0.56197746,-0.54204039
hard|6|3|+6|double,hard,6,3,6,double,27392,6291,21079,22,0.2296656,0.22468442,0.23464677,0.00498118,0.005,ci_target_reached,-1.07973131,-1.09965728,-1.05980533
hard|6|3|+6|hit,hard,6,3,6,hit,31744,9217,21050,1477,0.29035408,0.28536053,0.29534764,0.00499356,0.005,ci_target_reached,-0.37276336,-0.38269184,-0.36283488
hard|6|3|+7|stand,hard,6,3,7,stand,26624,5860,20764,0,0.22010216,0.21512536,0.22507897,0.0049768,0.005,ci_target_reached,-0.55979567,-0.56974947,-0.54984188
hard|6|3|+8|stand,hard,6,3,8,stand,26368,5791,20577,0,0.21962227,0.21462528,0.22461926,0.00499699,0.005,ci_target_reached,-0.56075546,-0.57074962,-0.5507613
hard|6|3|+7|double,hard,6,3,7,double,27392,6304,21065,23,0.23014019,0.2251554,0.23512497,0.00498478,0.005,ci_target_reached,-1.07775993,-1.09770035,-1.05781951
hard|6|3|+7|hit,hard,6,3,7,hit,32256,9623,21109,1524,0.29833209,0.29333904,0.30332515,0.00499306,0.005,ci_target_reached,-0.35608879,-0.36600705,-0.34617053
hard|6|3|+8|double,hard,6,3,8,double,27136,6166,20952,18,0.22722583,0.22223999,0.23221167,0.00498584,0.005,ci_target_reached,-1.08977005,-1.10971462,-1.06982547
hard|6|3|+8|hit,hard,6,3,8,hit,31744,9254,20988,1502,0.29151966,0.2865202,0.29651912,0.00499946,0.005,ci_target_reached,-0.36964466,-0.37958244,-0.35970687
hard|6|3|+9|stand,hard,6,3,9,stand,26368,5769,20599,0,0.21878792,0.21379777,0.22377808,0.00499015,0.005,ci_target_reached,-0.56242415,-0.57240464,-0.55244366
hard|6|3|+9|double,hard,6,3,9,double,27136,6203,20914,19,0.22858933,0.22359297,0.23358569,0.00499636,0.005,ci_target_reached,-1.08424233,-1.104229,-1.06425567
hard|6|3|+9|hit,hard,6,3,9,hit,32256,9567,21125,1564,0.29659598,0.29161132,0.30158065,0.00498466,0.005,ci_target_reached,-0.35832093,-0.36822216,-0.34841971
hard|6|3|+10|stand,hard,6,3,10,stand,26880,6031,20849,0,0.22436756,0.21938044,0.22935468,0.00498712,0.005,ci_target_reached,-0.55126488,-0.5612393,-0.54129046
hard|6|3|+10|double,hard,6,3,10,double,27136,6167,20949,20,0.22726268,0.22227655,0.2322488,0.00498612,0.005,ci_target_reached,-1.08947524,-1.10942105,-1.06952942
hard|6|3|+10|hit,hard,6,3,10,hit,32000,9461,21012,1527,0.29565625,0.29065629,0.30065621,0.00499996,0.005,ci_target_reached,-0.36096875,-0.37090264,-0.35103486
hard|6|4|-10|hit,hard,6,4,-10,hit,32256,22632,9569,55,0.7016369,0.6966437,0.70663011,0.00499321,0.005,ci_target_reached,0.40497892,0.39501075,0.41494709
hard|6|4|-10|stand,hard,6,4,-10,stand,32256,22614,9642,0,0.70107887,0.69608298,0.70607476,0.00499589,0.005,ci_target_reached,0.40215774,0.39216581,0.41214967
hard|6|4|-10|double,hard,6,4,-10,double,32256,22626,9582,48,0.70145089,0.69645679,0.70644499,0.0049941,0.005,ci_target_reached,0.80877976,0.78883514,0.82872438
hard|6|4|-9|hit,hard,6,4,-9,hit,32256,22633,9566,57,0.70166791,0.69667485,0.70666096,0.00499306,0.005,ci_target_reached,0.40510293,0.39513573,0.41507012
hard|6|4|-9|stand,hard,6,4,-9,stand,32256,22623,9633,0,0.70135789,0.69636334,0.70635243,0.00499455,0.005,ci_target_reached,0.40271577,0.39272652,0.41270502
hard|6|4|-9|double,hard,6,4,-9,double,32256,22663,9545,48,0.70259797,0.69760939,0.70758654,0.00498857,0.005,ci_target_reached,0.81336806,0.79344567,0.83329044
hard|6|4|-8|hit,hard,6,4,-8,hit,32256,22691,9499,66,0.70346602,0.69848166,0.70845038,0.00498436,0.005,ci_target_reached,0.40897817,0.39903152,0.41892483
hard|6|4|-8|stand,hard,6,4,-8,stand,32256,22592,9664,0,0.70039683,0.69539768,0.70539597,0.00499915,0.005,ci_target_reached,0.40079365,0.3907952,0.4107921
hard|6|4|-8|double,hard,6,4,-8,double,32512,22746,9715,51,0.6996186,0.69463548,0.70460172,0.00498312,0.005,ci_target_reached,0.80161171,0.78171243,0.821511
hard|6|4|-7|hit,hard,6,4,-7,hit,32256,22663,9518,75,0.70259797,0.69760939,0.70758654,0.00498857,0.005,ci_target_reached,0.40752108,0.39756897,0.41747319
hard|6|4|-7|stand,hard,6,4,-7,stand,32512,22634,9878,0,0.69617372,0.69117446,0.70117298,0.00499926,0.005,ci_target_reached,0.39234744,0.38234877,0.40234611
hard|6|4|-7|double,hard,6,4,-7,double,32256,22689,9522,45,0.70340402,0.69841935,0.70838868,0.00498466,0.005,ci_target_reached,0.81640625,0.79649756,0.83631494
hard|6|4|-6|hit,hard,6,4,-6,hit,32256,22690,9514,52,0.70343502,0.69845051,0.70841953,0.00498451,0.005,ci_target_reached,0.40848214,0.39853046,0.41843383
hard|6|4|-6|stand,hard,6,4,-6,stand,32512,22725,9787,0,0.69897269,0.69398651,0.70395886,0.00498617,0.005,ci_target_reached,0.39794537,0.38797288,0.40791787
hard|6|4|-6|double,hard,6,4,-6,double,32256,22656,9544,56,0.70238095,0.69739133,0.70737057,0.00498962,0.005,ci_target_reached,0.81299603,0.7930748,0.83291726
hard|6|4|-5|hit,hard,6,4,-5,hit,32000,22612,9329,59,0.706625,0.7016363,0.7116137,0.0049887,0.005,ci_target_reached,0.41509375,0.4051365,0.425051
hard|6|4|-5|stand,hard,6,4,-5,stand,32512,22656,9856,0,0.69685039,0.69185428,0.70184651,0.00499612,0.005,ci_target_reached,0.39370079,0.3837084,0.40369317
hard|6|4|-5|double,hard,6,4,-5,double,32256,22652,9566,38,0.70225694,0.69726672,0.70724716,0.00499022,0.005,ci_target_reached,0.81138393,0.79144821,0.83131965
hard|6|4|-4|hit,hard,6,4,-4,hit,32256,22634,9550,72,0.70169891,0.696706,0.70669182,0.00499291,0.005,ci_target_reached,0.40562996,0.3956681,0.41559182
hard|6|4|-4|stand,hard,6,4,-4,stand,32256,22617,9639,0,0.70117188,0.69617643,0.70616732,0.00499544,0.005,ci_target_reached,0.40234375,0.39235271,0.41233479
hard|6|4|-4|double,hard,6,4,-4,double,32512,22754,9705,53,0.69986467,0.69488271,0.70484662,0.00498196,0.005,ci_target_reached,0.802719,0.78282572,0.82261227
hard|6|4|-3|hit,hard,6,4,-3,hit,32000,22546,9397,57,0.7045625,0.69956361,0.70956139,0.00499889,0.005,ci_target_reached,0.41090625,0.4009278,0.4208847
hard|6|4|+0|hit,hard,6,4,0,hit,38144,17135,19936,1073,0.44921875,0.4442269,0.4542106,0.00499185,0.005,ci_target_reached,-0.07343226,-0.08329833,-0.06356618
hard|6|4|+0|stand,hard,6,4,0,stand,36864,14593,22271,0,0.39586046,0.39086823,0.40085269,0.00499223,0.005,ci_target_reached,-0.20827908,-0.21826367,-0.19829449
hard|6|4|-3|stand,hard,6,4,-3,stand,32512,22739,9773,0,0.6994033,0.69441916,0.70438744,0.00498414,0.005,ci_target_reached,0.39880659,0.38883816,0.40877503
hard|6|4|+0|double,hard,6,4,0,double,36864,14594,21889,381,0.39588759,0.3908953,0.40087988,0.00499229,0.005,ci_target_reached,-0.39577908,-0.41568434,-0.37587382
hard|6|4|-3|double,hard,6,4,-3,double,32256,22662,9550,44,0.70256696,0.69757824,0.70755569,0.00498872,0.005,ci_target_reached,0.81299603,0.79307036,0.83292171
hard|6|4|-2|hit,hard,6,4,-2,hit,32256,22641,9539,76,0.70191592,0.69692406,0.70690779,0.00499186,0.005,ci_target_reached,0.406188,0.39622958,0.41614641
hard|6|4|-2|stand,hard,6,4,-2,stand,32000,22613,9387,0,0.70665625,0.70166771,0.71164479,0.00498854,0.005,ci_target_reached,0.4133125,0.40333526,0.42328974
hard|6|4|-2|double,hard,6,4,-2,double,32256,22655,9553,48,0.70234995,0.69736018,0.70733972,0.00498977,0.005,ci_target_reached,0.81237599,0.79244879,0.8323032
hard|6|4|-1|hit,hard,6,4,-1,hit,32256,22652,9538,66,0.70225694,0.69726672,0.70724716,0.00499022,0.005,ci_target_reached,0.40656002,0.39660156,0.41651848
hard|6|4|-1|stand,hard,6,4,-1,stand,32512,22646,9866,0,0.69654281,0.69154527,0.70154036,0.00499755,0.005,ci_target_reached,0.39308563,0.38309038,0.40308088
hard|6|4|-1|double,hard,6,4,-1,double,32256,22593,9617,46,0.70042783,0.69542883,0.70542683,0.004999,0.005,ci_target_reached,0.80456349,0.78459783,0.82452915
hard|6|4|+2|stand,hard,6,4,2,stand,32256,9657,22599,0,0.29938616,0.29438805,0.30438427,0.00499811,0.005,ci_target_reached,-0.40122768,-0.41122406,-0.3912313
hard|6|4|+2|hit,hard,6,4,2,hit,34304,11419,21994,891,0.33287663,0.32788976,0.33786351,0.00498687,0.005,ci_target_reached,-0.30827309,-0.31819472,-0.29835146
hard|6|4|+1|hit,hard,6,4,1,hit,38400,20135,17752,513,0.52434896,0.51935385,0.52934407,0.00499511,0.005,ci_target_reached,0.06205729,0.05214152,0.07197306
hard|6|4|+1|stand,hard,6,4,1,stand,38400,19735,18665,0,0.51393229,0.50893319,0.51893139,0.0049991,0.005,ci_target_reached,0.02786458,0.01786625,0.03786291
hard|6|4|+2|double,hard,6,4,2,double,32512,9814,22670,28,0.30185778,0.2968677,0.30684785,0.00499008,0.005,ci_target_reached,-0.79084646,-0.81080495,-0.77088796
hard|6|4|+1|double,hard,6,4,1,double,38400,19833,18529,38,0.51648437,0.51148605,0.5214827,0.00499832,0.005,ci_target_reached,0.06791667,0.04793368,0.08789965
hard|6|4|+3|hit,hard,6,4,3,hit,30464,8219,21291,954,0.26979386,0.26480959,0.27477812,0.00498427,0.005,ci_target_reached,-0.42909664,-0.43904343,-0.41914985
hard|6|4|+3|stand,hard,6,4,3,stand,28160,6773,21387,0,0.24051847,0.23552649,0.24551044,0.00499198,0.005,ci_target_reached,-0.51896307,-0.5289472,-0.50897894
hard|6|4|+3|double,hard,6,4,3,double,28160,6754,21380,26,0.23984375,0.23485657,0.24483093,0.00498718,0.005,ci_target_reached,-1.03877841,-1.058728,-1.01882882
hard|6|4|+4|stand,hard,6,4,4,stand,26880,6070,20810,0,0.22581845,0.22081992,0.23081699,0.00499853,0.005,ci_target_reached,-0.5483631,-0.55836035,-0.53836584
hard|6|4|+4|double,hard,6,4,4,double,26880,6002,20857,21,0.22328869,0.21831012,0.22826726,0.00497857,0.005,ci_target_reached,-1.10528274,-1.12519858,-1.0853669
hard|6|4|+5|stand,hard,6,4,5,stand,27136,6167,20969,0,0.22726268,0.22227655,0.2322488,0.00498612,0.005,ci_target_reached,-0.54547465,-0.55544708,-0.53550221
hard|6|4|+4|hit,hard,6,4,4,hit,30208,8051,21251,906,0.2665188,0.26153279,0.27150482,0.00498601,0.005,ci_target_reached,-0.43697034,-0.44692414,-0.42701654
hard|6|4|+5|double,hard,6,4,5,double,26880,6043,20817,20,0.22481399,0.21982335,0.22980463,0.00499064,0.005,ci_target_reached,-1.09925595,-1.11921994,-1.07929196
hard|6|4|+5|hit,hard,6,4,5,hit,30208,8056,21212,940,0.26668432,0.26169732,0.27167132,0.004987,0.005,ci_target_reached,-0.43551377,-0.4454685,-0.42555904
hard|6|4|+6|stand,hard,6,4,6,stand,27136,6216,20920,0,0.2290684,0.22406835,0.23406844,0.00500004,0.005,ci_target_reached,-0.54186321,-0.55186348,-0.53186294
hard|6|4|+6|double,hard,6,4,6,double,27392,6293,21075,24,0.22973861,0.22475688,0.23472034,0.00498173,0.005,ci_target_reached,-1.07929322,-1.0992215,-1.05936495
hard|6|4|+6|hit,hard,6,4,6,hit,29952,7869,21193,890,0.26272035,0.25773603,0.26770468,0.00498432,0.005,ci_target_reached,-0.44484509,-0.45479848,-0.43489169
hard|6|4|+7|stand,hard,6,4,7,stand,27136,6176,20960,0,0.22759434,0.22260565,0.23258303,0.00498869,0.005,ci_target_reached,-0.54481132,-0.55478889,-0.53483375
hard|6|4|+7|double,hard,6,4,7,double,27136,6207,20906,23,0.22873673,0.22373924,0.23373423,0.0049975,0.005,ci_target_reached,-1.0833579,-1.10334926,-1.06336654
hard|6|4|+7|hit,hard,6,4,7,hit,29952,7922,21160,870,0.26448985,0.25949478,0.26948493,0.00499507,0.005,ci_target_reached,-0.44197382,-0.4519479,-0.43199974
hard|6|4|+8|stand,hard,6,4,8,stand,26880,6015,20865,0,0.22377232,0.21878991,0.22875473,0.00498241,0.005,ci_target_reached,-0.55245536,-0.56242036,-0.54249036
hard|6|4|+8|double,hard,6,4,8,double,27136,6148,20967,21,0.2265625,0.22158181,0.23154319,0.00498069,0.005,ci_target_reached,-1.09220224,-1.1121264,-1.07227808
hard|6|4|+8|hit,hard,6,4,8,hit,30208,8058,21254,896,0.26675053,0.26176314,0.27173792,0.00498739,0.005,ci_target_reached,-0.43683792,-0.44679458,-0.42688127
hard|6|4|+9|stand,hard,6,4,9,stand,27136,6176,20960,0,0.22759434,0.22260565,0.23258303,0.00498869,0.005,ci_target_reached,-0.54481132,-0.55478889,-0.53483375
hard|6|4|+9|double,hard,6,4,9,double,27136,6209,20908,19,0.22881044,0.22381237,0.2338085,0.00499806,0.005,ci_target_reached,-1.0833579,-1.10335135,-1.06336445
hard|6|4|+9|hit,hard,6,4,9,hit,29696,7741,21066,889,0.26067484,0.25568169,0.26566799,0.00499315,0.005,ci_target_reached,-0.44871363,-0.458686,-0.43874126
hard|6|5|-10|hit,hard,6,5,-10,hit,20736,17431,3238,67,0.84061535,0.83563322,0.84559749,0.00498213,0.005,ci_target_reached,0.68446181,0.67456861,0.694355
hard|6|5|-10|stand,hard,6,5,-10,stand,21248,17752,3496,0,0.83546687,0.8304816,0.84045213,0.00498527,0.005,ci_target_reached,0.67093373,0.66096297,0.6809045
hard|6|5|-10|double,hard,6,5,-10,double,21504,17936,3475,93,0.83407738,0.82910514,0.83904962,0.00497224,0.005,ci_target_reached,1.34495908,1.32525233,1.36466582
hard|6|4|+10|stand,hard,6,4,10,stand,26880,6017,20863,0,0.22384673,0.21886373,0.22882972,0.004983,0.005,ci_target_reached,-0.55230655,-0.56227273,-0.54234037
hard|6|5|-9|hit,hard,6,5,-9,hit,20992,17611,3317,64,0.83893864,0.83396597,0.84391132,0.00497267,0.005,ci_target_reached,0.68092607,0.67104687,0.69080526
hard|6|4|+10|double,hard,6,4,10,double,27136,6168,20944,24,0.22729953,0.22231312,0.23228594,0.00498641,0.005,ci_target_reached,-1.08903302,-1.10898016,-1.06908588
hard|6|4|+10|hit,hard,6,4,10,hit,30208,8043,21269,896,0.26625397,0.26126954,0.27123841,0.00498444,0.005,ci_target_reached,-0.43783104,-0.44778215,-0.42787993
hard|6|5|-9|stand,hard,6,5,-9,stand,20992,17574,3418,0,0.83717607,0.83218151,0.84217062,0.00499455,0.005,ci_target_reached,0.67435213,0.66436279,0.68434148
hard|6|5|-9|double,hard,6,5,-9,double,20992,17592,3311,89,0.83803354,0.8330496,0.84301747,0.00498394,0.005,ci_target_reached,1.36061357,1.34086162,1.38036551
hard|6|5|-8|hit,hard,6,5,-8,hit,20736,17411,3253,72,0.83965085,0.83465653,0.84464517,0.00499432,0.005,ci_target_reached,0.68277392,0.67286139,0.69268645
hard|6|5|-8|stand,hard,6,5,-8,stand,21504,17908,3596,0,0.8327753,0.82778748,0.83776312,0.00498782,0.005,ci_target_reached,0.6655506,0.65557473,0.67552646
hard|6|5|-8|double,hard,6,5,-8,double,20992,17595,3310,87,0.83817645,0.83319429,0.84315861,0.00498216,0.005,ci_target_reached,1.36099466,1.34124576,1.38074357
hard|6|5|-7|hit,hard,6,5,-7,hit,20736,17435,3240,61,0.84080826,0.83582857,0.84578795,0.00497969,0.005,ci_target_reached,0.68455826,0.67466359,0.69445292
hard|6|5|-7|stand,hard,6,5,-7,stand,20992,17591,3401,0,0.8379859,0.83300137,0.84297043,0.00498453,0.005,ci_target_reached,0.6759718,0.66600251,0.68594109
hard|6|5|-7|double,hard,6,5,-7,double,20992,17604,3304,84,0.83860518,0.83362835,0.84358201,0.00497683,0.005,ci_target_reached,1.36242378,1.34269027,1.38215729
hard|6|5|-6|hit,hard,6,5,-6,hit,21248,17783,3392,73,0.83692583,0.83195838,0.84189327,0.00496745,0.005,ci_target_reached,0.67728727,0.66742592,0.68714862
hard|6|5|-6|stand,hard,6,5,-6,stand,21248,17753,3495,0,0.83551393,0.83052924,0.84049862,0.00498469,0.005,ci_target_reached,0.67102786,0.66105824,0.68099748
hard|6|5|-6|double,hard,6,5,-6,double,20736,17415,3241,80,0.83984375,0.83485186,0.84483564,0.00499189,0.005,ci_target_reached,1.36709105,1.34729293,1.38688917
hard|6|5|-5|hit,hard,6,5,-5,hit,21504,17928,3506,70,0.83370536,0.82872865,0.83868206,0.0049767,0.005,ci_target_reached,0.67066592,0.66078082,0.68055102
hard|6|5|-5|stand,hard,6,5,-5,stand,20992,17567,3425,0,0.83684261,0.83184394,0.84184128,0.00499867,0.005,ci_target_reached,0.67368521,0.66368764,0.68368279
hard|6|5|-5|double,hard,6,5,-5,double,21504,17933,3483,88,0.83393787,0.82896395,0.83891179,0.00497392,0.005,ci_target_reached,1.34393601,1.32421259,1.36365944
hard|6|5|-4|hit,hard,6,5,-4,hit,21248,17761,3430,57,0.83589044,0.83091033,0.84087054,0.00498011,0.005,ci_target_reached,0.67446348,0.66456032,0.68436664
hard|6|5|-4|stand,hard,6,5,-4,stand,21504,17929,3575,0,0.83375186,0.82877571,0.83872801,0.00497615,0.005,ci_target_reached,0.66750372,0.65755119,0.67745625
hard|6|5|-4|double,hard,6,5,-4,double,21504,17899,3515,90,0.83235677,0.82736397,0.83734957,0.0049928,0.005,ci_target_reached,1.33779762,1.31800146,1.35759378
hard|6|5|-3|double,hard,6,5,-3,double,20992,17588,3312,92,0.83784299,0.83285669,0.84282929,0.0049863,0.005,ci_target_reached,1.3601372,1.34038189,1.3798925
hard|6|5|-3|hit,hard,6,5,-3,hit,21248,17748,3441,59,0.83527861,0.83029106,0.84026617,0.00498756,0.005,ci_target_reached,0.67333396,0.66341777,0.68325015
hard|6|5|-3|stand,hard,6,5,-3,stand,21760,18065,3695,0,0.83019301,0.82520424,0.83518179,0.00498878,0.005,ci_target_reached,0.66038603,0.65040825,0.67036381
hard|6|5|+0|hit,hard,6,5,0,hit,38400,18160,19237,1003,0.47291667,0.46792297,0.47791037,0.0049937,0.005,ci_target_reached,-0.02804687,-0.03791361,-0.01818014
hard|6|5|+0|stand,hard,6,5,0,stand,37632,15946,21686,0,0.42373512,0.41874242,0.42872782,0.0049927,0.005,ci_target_reached,-0.15252976,-0.1625153,-0.14254422
hard|6|5|+0|double,hard,6,5,0,double,37632,15789,21492,351,0.41956314,0.41457712,0.42454915,0.00498601,0.005,ci_target_reached,-0.30309311,-0.32297168,-0.28321455
hard|6|5|-2|hit,hard,6,5,-2,hit,20480,17283,3136,61,0.84389648,0.8389255,0.84886746,0.00497098,0.005,ci_target_reached,0.69077148,0.68089634,0.70064663
hard|6|5|-2|stand,hard,6,5,-2,stand,21504,17895,3609,0,0.83217076,0.82717575,0.83716577,0.00499501,0.005,ci_target_reached,0.66434152,0.65435126,0.67433177
hard|6|5|-2|double,hard,6,5,-2,double,20736,17453,3206,77,0.84167631,0.83670765,0.84664497,0.00496866,0.005,ci_target_reached,1.37413194,1.35442162,1.39384227
hard|6|5|-1|hit,hard,6,5,-1,hit,20992,17582,3339,71,0.83755716,0.83256732,0.84254701,0.00498984,0.005,ci_target_reached,0.67849657,0.66858991,0.68840323
hard|6|5|-1|stand,hard,6,5,-1,stand,21504,17931,3573,0,0.83384487,0.82886983,0.8388199,0.00497503,0.005,ci_target_reached,0.66768973,0.65773943,0.67764003
hard|6|5|-1|double,hard,6,5,-1,double,20992,17601,3294,97,0.83846227,0.83348366,0.84344088,0.00497861,0.005,ci_target_reached,1.3630907,1.34337711,1.38280429
hard|6|5|+1|hit,hard,6,5,1,hit,36352,22434,13392,526,0.61713248,0.61213553,0.62212944,0.00499695,0.005,ci_target_reached,0.2487346,0.23885466,0.25861454
hard|6|5|+1|stand,hard,6,5,1,stand,37120,22218,14902,0,0.59854526,0.59355849,0.60353202,0.00498676,0.005,ci_target_reached,0.19709052,0.18711685,0.20706418
hard|6|5|+1|double,hard,6,5,1,double,37120,22247,14771,102,0.59932651,0.59434135,0.60431167,0.00498516,0.005,ci_target_reached,0.40280172,0.38290079,0.42270266
hard|6|5|+3|stand,hard,6,5,3,stand,29184,7384,21800,0,0.25301535,0.24802751,0.2580032,0.00498784,0.005,ci_target_reached,-0.4939693,-0.50394516,-0.48399344
hard|6|5|+3|double,hard,6,5,3,double,29184,7346,21821,17,0.25171327,0.24673394,0.2566926,0.00497933,0.005,ci_target_reached,-0.99198191,-1.0118995,-0.97206431
hard|6|5|+3|hit,hard,6,5,3,hit,31488,9021,21535,932,0.28649009,0.28149621,0.29148397,0.00499388,0.005,ci_target_reached,-0.39742124,-0.40737738,-0.3874651
hard|6|5|+2|stand,hard,6,5,2,stand,34304,11409,22895,0,0.33258512,0.32759934,0.3375709,0.00498578,0.005,ci_target_reached,-0.33482976,-0.34480146,-0.32485805
hard|6|5|+2|double,hard,6,5,2,double,34048,11216,22788,44,0.32941729,0.32442489,0.3344097,0.0049924,0.005,ci_target_reached,-0.67974624,-0.69971149,-0.65978099
hard|6|5|+2|hit,hard,6,5,2,hit,35584,12827,21798,959,0.360471,0.35548222,0.36545977,0.00498878,0.005,ci_target_reached,-0.25210769,-0.26201679,-0.24219859
hard|6|5|+4|stand,hard,6,5,4,stand,27648,6463,21185,0,0.23376013,0.22877138,0.23874888,0.00498875,0.005,ci_target_reached,-0.53247975,-0.54245743,-0.52250206
hard|6|5|+4|double,hard,6,5,4,double,27648,6417,21203,28,0.23209635,0.22711999,0.23707271,0.00497636,0.005,ci_target_reached,-1.06958912,-1.08949592,-1.04968232
hard|6|5|+4|hit,hard,6,5,4,hit,30976,8600,21465,911,0.2776343,0.27264708,0.28262152,0.00498722,0.005,ci_target_reached,-0.41532154,-0.42527052,-0.40537256
hard|6|5|+5|stand,hard,6,5,5,stand,27648,6493,21155,0,0.2348452,0.22984842,0.23984197,0.00499677,0.005,ci_target_reached,-0.53030961,-0.54030334,-0.52031588
hard|6|5|+5|double,hard,6,5,5,double,27904,6642,21247,15,0.23803039,0.23303341,0.24302737,0.00499698,0.005,ci_target_reached,-1.04680333,-1.06679197,-1.02681469
hard|6|5|+5|hit,hard,6,5,5,hit,30720,8374,21467,879,0.27259115,0.26761159,0.2775707,0.00497956,0.005,ci_target_reached,-0.42620443,-0.4361423,-0.41626655
hard|6|5|+6|double,hard,6,5,6,double,27904,6621,21268,15,0.23727781,0.23228627,0.24226935,0.00499154,0.005,ci_target_reached,-1.04981365,-1.06978054,-1.02984675
hard|6|5|+6|stand,hard,6,5,6,stand,28416,6900,21516,0,0.24282095,0.23783535,0.24780654,0.00498559,0.005,ci_target_reached,-0.51435811,-0.52432947,-0.50438674
hard|6|5|+6|hit,hard,6,5,6,hit,30720,8425,21383,912,0.2742513,0.26926231,0.2792403,0.00498899,0.005,ci_target_reached,-0.4218099,-0.43176445,-0.41185534
hard|6|5|+7|stand,hard,6,5,7,stand,27904,6587,21317,0,0.23605935,0.23107666,0.24104203,0.00498268,0.005,ci_target_reached,-0.52788131,-0.53784685,-0.51791576
hard|6|5|+7|double,hard,6,5,7,double,27904,6604,21276,24,0.23666858,0.23168146,0.2416557,0.00498712,0.005,ci_target_reached,-1.0516055,-1.07155496,-1.03165605
hard|6|5|+7|hit,hard,6,5,7,hit,30720,8428,21332,960,0.27434896,0.26935941,0.2793385,0.00498955,0.005,ci_target_reached,-0.42005208,-0.43000612,-0.41009805
hard|6|5|+8|stand,hard,6,5,8,stand,27904,6574,21330,0,0.23559346,0.23061418,0.24057274,0.00497928,0.005,ci_target_reached,-0.52881307,-0.53877181,-0.51885433
hard|6|5|+8|hit,hard,6,5,8,hit,30208,8114,21203,891,0.26860434,0.26360598,0.27360271,0.00499836,0.005,ci_target_reached,-0.43329582,-0.44327319,-0.42331844
hard|6|5|+8|double,hard,6,5,8,double,28416,6866,21529,21,0.24162444,0.23664721,0.24660166,0.00497722,0.005,ci_target_reached,-1.03202421,-1.05193379,-1.01211464
hard|6|5|+9|stand,hard,6,5,9,stand,27904,6595,21309,0,0.23634604,0.23136127,0.24133082,0.00498477,0.005,ci_target_reached,-0.52730791,-0.53727764,-0.51733819
hard|6|5|+9|double,hard,6,5,9,double,27904,6639,21237,28,0.23792288,0.23292667,0.24291909,0.00499621,0.005,ci_target_reached,-1.04630161,-1.06628744,-1.02631577
hard|6|5|+9|hit,hard,6,5,9,hit,30720,8471,21323,926,0.2757487,0.27075127,0.28074613,0.00499743,0.005,ci_target_reached,-0.41835937,-0.42832926,-0.40838949
hard|6|5|+10|stand,hard,6,5,10,stand,28160,6757,21403,0,0.23995028,0.23496234,0.24493823,0.00498794,0.005,ci_target_reached,-0.52009943,-0.53007549,-0.51012337
hard|6|5|+10|double,hard,6,5,10,double,28160,6788,21357,15,0.24105114,0.23605539,0.24604689,0.00499575,0.005,ci_target_reached,-1.03473011,-1.05471372,-1.01474651
hard|6|5|+10|hit,hard,6,5,10,hit,30464,8279,21229,956,0.27176339,0.26676772,0.27675907,0.00499568,0.005,ci_target_reached,-0.42509191,-0.43505995,-0.41512388
hard|6|6|-10|hit,hard,6,6,-10,hit,29184,21835,6999,350,0.74818394,0.74320393,0.75316394,0.00498,0.005,ci_target_reached,0.50836075,0.49856074,0.51816076
hard|6|6|-10|stand,hard,6,6,-10,stand,29952,22097,7855,0,0.73774706,0.7327656,0.74272853,0.00498147,0.005,ci_target_reached,0.47549412,0.46553103,0.48545722
hard|6|6|-10|double,hard,6,6,-10,double,29440,21892,6916,632,0.74361413,0.73862634,0.74860192,0.00498779,0.005,ci_target_reached,1.0173913,0.9980084,1.03677421
hard|6|6|-9|hit,hard,6,6,-9,hit,29440,21864,7219,357,0.74266304,0.73766921,0.74765688,0.00499383,0.005,ci_target_reached,0.49745245,0.48762293,0.50728196
hard|6|6|-9|stand,hard,6,6,-9,stand,29696,21996,7700,0,0.74070582,0.73572126,0.74569037,0.00498455,0.005,ci_target_reached,0.48141164,0.47144236,0.49138091
hard|6|6|-9|double,hard,6,6,-9,double,29696,21994,7036,666,0.74063847,0.73565349,0.74562345,0.00498498,0.005,ci_target_reached,1.00740841,0.98805443,1.02676238
hard|6|6|-8|hit,hard,6,6,-8,hit,29440,21910,7190,340,0.74422554,0.73924166,0.74920943,0.00498389,0.005,ci_target_reached,0.5,0.49018353,0.50981647
hard|6|6|-8|stand,hard,6,6,-8,stand,29696,22037,7659,0,0.74208648,0.73711058,0.74706237,0.0049759,0.005,ci_target_reached,0.48417295,0.47422099,0.49412491
hard|6|6|-8|double,hard,6,6,-8,double,29696,21993,7023,680,0.7406048,0.73561961,0.74558998,0.00498519,0.005,ci_target_reached,1.00821659,0.98887437,1.02755882
hard|6|6|-7|hit,hard,6,6,-7,hit,28672,21568,6777,327,0.75223214,0.74723496,0.75722933,0.00499719,0.005,ci_target_reached,0.51586914,0.50603026,0.52570802
hard|6|6|-7|stand,hard,6,6,-7,stand,29696,21950,7746,0,0.73915679,0.7341626,0.74415098,0.00499419,0.005,ci_target_reached,0.47831358,0.46832503,0.48830213
hard|6|6|-7|double,hard,6,6,-7,double,29440,21888,6916,636,0.74347826,0.73848961,0.74846691,0.00498865,0.005,ci_target_reached,1.01711957,0.99773663,1.0365025
hard|6|6|-6|hit,hard,6,6,-6,hit,29440,21887,7183,370,0.74344429,0.73845542,0.74843316,0.00498887,0.005,ci_target_reached,0.49945652,0.48964321,0.50926983
hard|6|6|-6|stand,hard,6,6,-6,stand,29696,22019,7677,0,0.74148033,0.73650063,0.74646004,0.00497971,0.005,ci_target_reached,0.48296067,0.47300109,0.49292025
hard|6|6|-6|double,hard,6,6,-6,double,29952,22119,7159,674,0.73848157,0.73350461,0.74345853,0.00497696,0.005,ci_target_reached,0.99893162,0.97960503,1.01825822
hard|6|6|-5|hit,hard,6,6,-5,hit,29184,21806,7018,360,0.74719024,0.74220374,0.75217675,0.0049865,0.005,ci_target_reached,0.50671601,0.49690709,0.51652493
hard|6|6|-5|double,hard,6,6,-5,double,29440,21877,6900,663,0.74310462,0.73811359,0.74809565,0.00499103,0.005,ci_target_reached,1.01745924,0.99809099,1.03682749
hard|6|6|-5|stand,hard,6,6,-5,stand,29952,22052,7900,0,0.73624466,0.73125403,0.74123528,0.00499062,0.005,ci_target_reached,0.47248932,0.4625079,0.48247073
hard|6|6|-4|hit,hard,6,6,-4,hit,29696,21999,7312,385,0.74080684,0.73582292,0.74579077,0.00498392,0.005,ci_target_reached,0.49457839,0.48477805,0.50437874
hard|6|6|-4|double,hard,6,6,-4,double,29696,21934,7056,706,0.738618,0.73362047,0.74361552,0.00499752,0.005,ci_target_reached,1.00202047,0.98264833,1.02139262
hard|6|6|-3|hit,hard,6,6,-3,hit,29184,21748,7089,347,0.74520285,0.74020345,0.75020225,0.0049994,0.005,ci_target_reached,0.50229578,0.492454,0.51213756
hard|6|6|-4|stand,hard,6,6,-4,stand,29952,22057,7895,0,0.73641159,0.73142198,0.7414012,0.00498961,0.005,ci_target_reached,0.47282318,0.4628438,0.48280257
hard|6|6|+0|hit,hard,6,6,0,hit,38400,18367,19028,1005,0.47830729,0.47331096,0.48330362,0.00499633,0.005,ci_target_reached,-0.01721354,-0.0270825,-0.00734459
hard|6|6|+0|stand,hard,6,6,0,stand,37888,16250,21638,0,0.42889569,0.42391214,0.43387924,0.00498355,0.005,ci_target_reached,-0.14220861,-0.15217585,-0.13224138
hard|6|6|-3|stand,hard,6,6,-3,stand,29440,21884,7556,0,0.74334239,0.73835287,0.74833191,0.00498952,0.005,ci_target_reached,0.48668478,0.47670557,0.49666399
hard|6|6|+0|double,hard,6,6,0,double,37632,15944,21240,448,0.42368197,0.41868935,0.42867459,0.00499262,0.005,ci_target_reached,-0.28146259,-0.30134714,-0.26157803
hard|6|6|-3|double,hard,6,6,-3,double,29696,21955,7070,671,0.73932516,0.73433201,0.74431831,0.00499315,0.005,ci_target_reached,1.00249192,0.98310719,1.02187664
hard|6|6|-2|hit,hard,6,6,-2,hit,29184,21776,7034,374,0.74616228,0.74116909,0.75115547,0.00499319,0.005,ci_target_reached,0.5051398,0.4953234,0.5149562
hard|6|6|-2|double,hard,6,6,-2,double,29440,21884,6903,653,0.74334239,0.73835287,0.74833191,0.00498952,0.005,ci_target_reached,1.01773098,0.99836001,1.03710194
hard|6|6|-2|stand,hard,6,6,-2,stand,29952,22092,7860,0,0.73758013,0.73259764,0.74256261,0.00498249,0.005,ci_target_reached,0.47516026,0.46519512,0.4851254
hard|6|6|-1|hit,hard,6,6,-1,hit,29184,21838,7004,342,0.74828673,0.7433074,0.75326606,0.00497933,0.005,ci_target_reached,0.50829221,0.4984899,0.51809453
hard|6|6|-1|double,hard,6,6,-1,double,29440,21847,6969,624,0.7420856,0.73708811,0.74708309,0.00499749,0.005,ci_target_reached,1.0107337,0.99130174,1.03016565
hard|6|6|-1|stand,hard,6,6,-1,stand,29696,21926,7770,0,0.7383486,0.73334941,0.74334779,0.00499919,0.005,ci_target_reached,0.4766972,0.46669866,0.48669574
hard|6|6|+1|hit,hard,6,6,1,hit,37888,21469,15713,706,0.56664379,0.561654,0.57163359,0.0049898,0.005,ci_target_reached,0.15192145,0.14206414,0.16177877
hard|6|6|+1|stand,hard,6,6,1,stand,38144,20782,17362,0,0.54483012,0.53983253,0.5498277,0.00499759,0.005,ci_target_reached,0.08966023,0.07966493,0.09965554
hard|6|6|+1|double,hard,6,6,1,double,38144,20929,16686,529,0.54868393,0.54368998,0.55367789,0.00499395,0.005,ci_target_reached,0.22247273,0.2026664,0.24227907
hard|6|6|+2|hit,hard,6,6,2,hit,35584,12768,21872,944,0.35881295,0.35382921,0.36379669,0.00498374,0.005,ci_target_reached,-0.25584532,-0.26574637,-0.24594428
hard|6|6|+2|stand,hard,6,6,2,stand,34048,11210,22838,0,0.32924107,0.32424935,0.33423279,0.00499172,0.005,ci_target_reached,-0.34151786,-0.35150145,-0.33153426
hard|6|6|+2|double,hard,6,6,2,double,34048,11228,22684,136,0.32976974,0.32477598,0.3347635,0.00499376,0.005,ci_target_reached,-0.67293233,-0.69289308,-0.65297158
hard|6|6|+3|hit,hard,6,6,3,hit,32512,9843,21731,938,0.30274975,0.2977555,0.30774401,0.00499425,0.005,ci_target_reached,-0.36564961,-0.37559725,-0.35570196
hard|6|6|+3|stand,hard,6,6,3,stand,29952,7852,22100,0,0.26215278,0.25717193,0.26713363,0.00498085,0.005,ci_target_reached,-0.47569444,-0.48565631,-0.46573257
hard|6|6|+3|double,hard,6,6,3,double,29952,7927,21990,35,0.26465678,0.2596607,0.26965287,0.00499608,0.005,ci_target_reached,-0.93903579,-0.95901956,-0.91905202
hard|6|6|+4|stand,hard,6,6,4,stand,29184,7394,21790,0,0.253358,0.24836793,0.25834808,0.00499008,0.005,ci_target_reached,-0.49328399,-0.50326431,-0.48330367
hard|6|6|+4|hit,hard,6,6,4,hit,32000,9401,21625,974,0.29378125,0.28879054,0.29877196,0.00499071,0.005,ci_target_reached,-0.382,-0.39194389,-0.37205611
hard|6|6|+4|double,hard,6,6,4,double,28928,7255,21655,18,0.25079508,0.24579983,0.25579032,0.00499524,0.005,ci_target_reached,-0.99557522,-1.01555651,-0.97559393
hard|6|6|+5|stand,hard,6,6,5,stand,29184,7422,21762,0,0.25431743,0.24932113,0.25931374,0.0049963,0.005,ci_target_reached,-0.49136513,-0.50135791,-0.48137236
hard|6|6|+5|double,hard,6,6,5,double,29184,7385,21784,15,0.25304962,0.24806155,0.25803768,0.00498807,0.005,ci_target_reached,-0.98677357,-1.0067261,-0.96682105
hard|6|6|+5|hit,hard,6,6,5,hit,31744,9206,21671,867,0.29000756,0.28501577,0.29499936,0.0049918,0.005,ci_target_reached,-0.39267263,-0.40262532,-0.38271994
hard|6|6|+6|double,hard,6,6,6,double,29184,7353,21802,29,0.25195312,0.24697222,0.25693403,0.0049809,0.005,ci_target_reached,-0.99020011,-1.01012394,-0.97027628
hard|6|6|+6|stand,hard,6,6,6,stand,29440,7529,21911,0,0.25574049,0.25075682,0.26072416,0.00498367,0.005,ci_target_reached,-0.48851902,-0.49848653,-0.47855152
hard|6|6|+6|hit,hard,6,6,6,hit,31744,9145,21671,928,0.28808594,0.28310398,0.2930679,0.00498196,0.005,ci_target_reached,-0.39459425,-0.40452604,-0.38466247
hard|6|6|+7|stand,hard,6,6,7,stand,28928,7249,21679,0,0.25058767,0.2455938,0.25558153,0.00499387,0.005,ci_target_reached,-0.49882467,-0.50881258,-0.48883676
hard|6|6|+7|hit,hard,6,6,7,hit,31488,9048,21527,913,0.28734756,0.28234922,0.29234591,0.00499834,0.005,ci_target_reached,-0.39630971,-0.40627494,-0.38634447
hard|6|6|+7|double,hard,6,6,7,double,29440,7544,21876,20,0.25625,0.25126308,0.26123692,0.00498692,0.005,ci_target_reached,-0.9736413,-0.9935891,-0.9536935
hard|6|6|+8|stand,hard,6,6,8,stand,29440,7568,21872,0,0.25706522,0.25207311,0.26205733,0.00499211,0.005,ci_target_reached,-0.48586957,-0.49585396,-0.47588518
hard|6|6|+8|double,hard,6,6,8,double,29184,7397,21768,19,0.2534608,0.24847006,0.25845155,0.00499074,0.005,ci_target_reached,-0.98485471,-1.00481791,-0.96489152
hard|6|6|+8|hit,hard,6,6,8,hit,31488,8978,21521,989,0.28512449,0.28013776,0.29011122,0.00498673,0.005,ci_target_reached,-0.39834223,-0.40828277,-0.38840168
hard|6|6|+9|stand,hard,6,6,9,stand,29440,7520,21920,0,0.25543478,0.25045307,0.26041649,0.00498171,0.005,ci_target_reached,-0.48913043,-0.49909403,-0.47916684
hard|6|6|+9|double,hard,6,6,9,double,29184,7383,21788,13,0.25298109,0.24799346,0.25796871,0.00498762,0.005,ci_target_reached,-0.98718476,-1.00713551,-0.967234
hard|6|6|+9|hit,hard,6,6,9,hit,31232,8856,21460,916,0.28355533,0.27855652,0.28855414,0.00499881,0.005,ci_target_reached,-0.40356045,-0.41352867,-0.39359223
hard|6|7|-10|hit,hard,6,7,-10,hit,17408,2241,13894,1273,0.12873392,0.1237588,0.13370904,0.00497512,0.005,ci_target_reached,-0.66940487,-0.67968403,-0.65912571
hard|6|6|+10|stand,hard,6,6,10,stand,29184,7367,21817,0,0.25243284,0.2474488,0.25741688,0.00498404,0.005,ci_target_reached,-0.49513432,-0.50510258,-0.48516607
hard|6|6|+10|double,hard,6,6,10,double,29440,7516,21900,24,0.25529891,0.25031807,0.26027975,0.00498084,0.005,ci_target_reached,-0.97717391,-0.99709738,-0.95725045
hard|6|6|+10|hit,hard,6,6,10,hit,31488,8961,21629,898,0.2845846,0.27960071,0.28956849,0.00498389,0.005,ci_target_reached,-0.40231199,-0.41225076,-0.39237322
hard|6|7|-9|hit,hard,6,7,-9,hit,16896,2115,13588,1193,0.12517756,0.12018771,0.1301674,0.00498985,0.005,ci_target_reached,-0.67903646,-0.6893555,-0.66871741
hard|6|7|-8|hit,hard,6,7,-8,hit,16384,1967,13228,1189,0.12005615,0.11507917,0.12503313,0.00497698,0.005,ci_target_reached,-0.68731689,-0.69764634,-0.67698745
hard|6|7|-10|stand,hard,6,7,-10,stand,34304,11390,22914,0,0.33203125,0.32704756,0.33701494,0.00498369,0.005,ci_target_reached,-0.3359375,-0.34590503,-0.32596997
hard|6|7|-10|double,hard,6,7,-10,double,34304,11494,20625,2185,0.33506297,0.33006795,0.34005799,0.00499502,0.005,ci_target_reached,-0.53235774,-0.55204757,-0.51266791
hard|6|7|-7|hit,hard,6,7,-7,hit,17408,2238,13994,1176,0.12856158,0.1235893,0.13353386,0.00497228,0.005,ci_target_reached,-0.67532169,-0.68557522,-0.66506816
hard|6|7|-9|stand,hard,6,7,-9,stand,34048,11274,22774,0,0.33112077,0.32612184,0.3361197,0.00499893,0.005,ci_target_reached,-0.33775846,-0.34775647,-0.32776045
hard|6|7|-9|double,hard,6,7,-9,double,34304,11431,20599,2274,0.33322645,0.32823826,0.33821463,0.00498819,0.005,ci_target_reached,-0.53451493,-0.55416866,-0.51486119
hard|6|7|-6|hit,hard,6,7,-6,hit,17664,2333,14188,1143,0.13207654,0.1270835,0.13706958,0.00499304,0.005,ci_target_reached,-0.67113904,-0.68140818,-0.6608699
hard|6|7|-8|stand,hard,6,7,-8,stand,34304,11419,22885,0,0.33287663,0.32788976,0.33786351,0.00498687,0.005,ci_target_reached,-0.33424674,-0.34422063,-0.32427284
hard|6|7|-8|double,hard,6,7,-8,double,34304,11516,20673,2115,0.33570429,0.33070691,0.34070168,0.00499739,0.005,ci_target_reached,-0.5338736,-0.55358204,-0.51416517
hard|6|7|-7|stand,hard,6,7,-7,stand,34304,11474,22830,0,0.33447994,0.32948708,0.3394728,0.00499286,0.005,ci_target_reached,-0.33104011,-0.34102598,-0.32105425
hard|6|7|-5|hit,hard,6,7,-5,hit,17152,2176,13786,1190,0.12686567,0.12188473,0.13184661,0.00498094,0.005,ci_target_reached,-0.67688899,-0.68717591,-0.66660207
hard|6|7|-7|double,hard,6,7,-7,double,34304,11434,20759,2111,0.3333139,0.32832539,0.33830241,0.00498851,0.005,ci_target_reached,-0.54366838,-0.56334813,-0.52398862
hard|6|7|-6|stand,hard,6,7,-6,stand,34304,11402,22902,0,0.33238106,0.32739605,0.33736607,0.00498501,0.005,ci_target_reached,-0.33523787,-0.34520804,-0.32526771
hard|6|7|-4|hit,hard,6,7,-4,hit,17408,2252,13898,1258,0.12936581,0.1243803,0.13435131,0.00498551,0.005,ci_target_reached,-0.66900276,-0.67929693,-0.65870858
hard|6|7|-6|double,hard,6,7,-6,double,34304,11455,20671,2178,0.33392607,0.32893527,0.33891687,0.0049908,0.005,ci_target_reached,-0.53731343,-0.5569905,-0.51763636
hard|6|7|-3|hit,hard,6,7,-3,hit,17920,2401,14234,1285,0.13398437,0.12899694,0.13897181,0.00498743,0.005,ci_target_reached,-0.66032366,-0.67059669,-0.65005063
hard|6|7|-5|stand,hard,6,7,-5,stand,34304,11487,22817,0,0.33485891,0.32986464,0.33985317,0.00499426,0.005,ci_target_reached,-0.33028218,-0.34027086,-0.32029351
hard|6|7|-5|double,hard,6,7,-5,double,34048,11268,20637,2143,0.33094455,0.32594629,0.33594281,0.00499826,0.005,ci_target_reached,-0.5503407,-0.57005739,-0.530624
hard|6|7|-2|hit,hard,6,7,-2,hit,16640,2049,13417,1174,0.12313702,0.11814427,0.12812977,0.00499275,0.005,ci_target_reached,-0.68317308,-0.69350907,-0.67283708
hard|6|7|-4|stand,hard,6,7,-4,stand,34560,11691,22869,0,0.33828125,0.33329304,0.34326946,0.00498821,0.005,ci_target_reached,-0.3234375,-0.33341407,-0.31346093
hard|6|7|+0|hit,hard,6,7,0,hit,36352,13779,19534,3039,0.37904379,0.37405648,0.38403111,0.00498732,0.005,ci_target_reached,-0.15831316,-0.16801869,-0.14860764
hard|6|7|+0|stand,hard,6,7,0,stand,30208,8026,22182,0,0.26569121,0.26071013,0.27067228,0.00498107,0.005,ci_target_reached,-0.46861758,-0.4785799,-0.45865527
hard|6|7|+0|double,hard,6,7,0,double,29952,7931,21133,888,0.26479033,0.25979344,0.26978722,0.00499689,0.005,ci_target_reached,-0.8815438,-0.90149788,-0.86158973
hard|6|7|-4|double,hard,6,7,-4,double,34304,11528,20657,2119,0.3360541,0.33105543,0.34105278,0.00499867,0.005,ci_target_reached,-0.53224114,-0.55195319,-0.51252908
hard|6|7|-1|hit,hard,6,7,-1,hit,17152,2189,13741,1222,0.1276236,0.12262997,0.13261723,0.00499363,0.005,ci_target_reached,-0.67350746,-0.68382375,-0.66319118
hard|6|7|-3|stand,hard,6,7,-3,stand,34048,11234,22814,0,0.32994596,0.32495152,0.3349404,0.00499444,0.005,ci_target_reached,-0.34010808,-0.3500971,-0.33011906
hard|6|7|-3|double,hard,6,7,-3,double,34560,11689,20703,2168,0.33822338,0.33323538,0.34321138,0.004988,0.005,ci_target_reached,-0.52164352,-0.54130315,-0.50198388
hard|6|7|-2|stand,hard,6,7,-2,stand,34560,11794,22766,0,0.34126157,0.33626273,0.34626042,0.00499884,0.005,ci_target_reached,-0.31747685,-0.32747468,-0.30747902
hard|6|7|-2|double,hard,6,7,-2,double,34304,11516,20659,2129,0.33570429,0.33070691,0.34070168,0.00499739,0.005,ci_target_reached,-0.53305737,-0.55276364,-0.5133511
hard|6|7|-1|stand,hard,6,7,-1,stand,34304,11520,22784,0,0.3358209,0.33082308,0.34081871,0.00499781,0.005,ci_target_reached,-0.32835821,-0.33835398,-0.31836243
hard|6|7|-1|double,hard,6,7,-1,double,34304,11407,20723,2174,0.33252682,0.32754126,0.33751238,0.00498556,0.005,ci_target_reached,-0.54314366,-0.56280412,-0.52348319
hard|6|7|+1|stand,hard,6,7,1,stand,31744,9227,22517,0,0.2906691,0.28567395,0.29566426,0.00499516,0.005,ci_target_reached,-0.41866179,-0.42865227,-0.40867132
hard|6|7|+1|hit,hard,6,7,1,hit,34048,11142,19579,3327,0.32724389,0.32225993,0.33222785,0.00498396,0.005,ci_target_reached,-0.24779723,-0.25753779,-0.23805666
hard|6|7|+1|double,hard,6,7,1,double,32256,9538,22028,690,0.29569692,0.29071664,0.30067721,0.00498028,0.005,ci_target_reached,-0.77442956,-0.79429871,-0.75456042
hard|6|7|+2|stand,hard,6,7,2,stand,30720,8470,22250,0,0.27571615,0.2707189,0.28071339,0.00499725,0.005,ci_target_reached,-0.44856771,-0.45856237,-0.43857305
hard|6|7|+2|hit,hard,6,7,2,hit,37120,14919,18153,4048,0.40191272,0.39692502,0.40690041,0.0049877,0.005,ci_target_reached,-0.08712284,-0.09668435,-0.07756134
hard|6|7|+2|double,hard,6,7,2,double,30976,8622,22254,100,0.27834452,0.27335339,0.28333566,0.00499114,0.005,ci_target_reached,-0.88016529,-0.90012549,-0.86020509
hard|6|7|+3|hit,hard,6,7,3,hit,37376,15603,17622,4151,0.4174604,0.41246086,0.42245994,0.00499954,0.005,ci_target_reached,-0.05401862,-0.06356168,-0.04447556
hard|6|7|+3|stand,hard,6,7,3,stand,30720,8371,22349,0,0.27249349,0.26751449,0.27747249,0.004979,0.005,ci_target_reached,-0.45501302,-0.46497118,-0.44505486
hard|6|7|+3|double,hard,6,7,3,double,31232,8764,22441,27,0.28060963,0.27562664,0.28559262,0.00498299,0.005,ci_target_reached,-0.87583248,-0.89576343,-0.85590153
hard|6|7|+4|stand,hard,6,7,4,stand,30464,8299,22165,0,0.27241991,0.26742045,0.27741936,0.00499945,0.005,ci_target_reached,-0.45516019,-0.46515926,-0.44516112
hard|6|7|+4|double,hard,6,7,4,double,30720,8396,22297,27,0.27330729,0.26832365,0.27829093,0.00498364,0.005,ci_target_reached,-0.90501302,-0.92494686,-0.88507918
hard|6|7|+4|hit,hard,6,7,4,hit,37376,15592,17774,4010,0.4171661,0.41216706,0.42216514,0.00499904,0.005,ci_target_reached,-0.05837971,-0.06794043,-0.04881899
hard|6|7|+5|stand,hard,6,7,5,stand,30976,8556,22420,0,0.27621384,0.27123451,0.28119318,0.00497933,0.005,ci_target_reached,-0.44757231,-0.45753114,-0.43761349
hard|6|7|+5|double,hard,6,7,5,double,30976,8590,22355,31,0.27731147,0.27232603,0.2822969,0.00498543,0.005,ci_target_reached,-0.88875258,-0.90869326,-0.8688119
hard|6|7|+5|hit,hard,6,7,5,hit,37632,15794,17591,4247,0.419696,0.41470977,0.42468224,0.00498623,0.005,ci_target_reached,-0.04775191,-0.05725624,-0.03824759
hard|6|7|+6|stand,hard,6,7,6,stand,30976,8592,22384,0,0.27737603,0.27239024,0.28236182,0.00498579,0.005,ci_target_reached,-0.44524793,-0.45521968,-0.43527619
hard|6|7|+6|double,hard,6,7,6,double,30720,8479,22218,23,0.27600911,0.27101022,0.28100801,0.00499889,0.005,ci_target_reached,-0.89446615,-0.91446106,-0.87447123
hard|6|7|+6|hit,hard,6,7,6,hit,37632,15798,17689,4145,0.4198023,0.41481589,0.4247887,0.00498641,0.005,ci_target_reached,-0.05024979,-0.05976735,-0.04073223
hard|6|7|+7|stand,hard,6,7,7,stand,30720,8483,22237,0,0.27613932,0.2711397,0.28113894,0.00499962,0.005,ci_target_reached,-0.44772135,-0.45772076,-0.43772195
hard|6|7|+7|double,hard,6,7,7,double,30720,8378,22319,23,0.27272135,0.26774105,0.27770165,0.0049803,0.005,ci_target_reached,-0.90761719,-0.92753785,-0.88769653
hard|6|7|+7|hit,hard,6,7,7,hit,37376,15573,17708,4095,0.41665775,0.41165958,0.42165592,0.00499817,0.005,ci_target_reached,-0.05712222,-0.06667149,-0.04757295
hard|6|7|+8|stand,hard,6,7,8,stand,30976,8581,22395,0,0.27702092,0.2720371,0.28200474,0.00498382,0.005,ci_target_reached,-0.44595816,-0.45592597,-0.43599036
hard|6|7|+8|double,hard,6,7,8,double,30720,8440,22255,25,0.27473958,0.26974783,0.27973134,0.00499175,0.005,ci_target_reached,-0.89941406,-0.91938038,-0.87944774
hard|6|7|+8|hit,hard,6,7,8,hit,37632,15779,17792,4061,0.41929741,0.41431183,0.42428298,0.00498558,0.005,ci_target_reached,-0.05349171,-0.06301943,-0.04396399
hard|6|7|+9|stand,hard,6,7,9,stand,30976,8567,22409,0,0.27656896,0.27158765,0.28155027,0.00498131,0.005,ci_target_reached,-0.44686209,-0.45682487,-0.4368993
hard|6|8|-10|hit,hard,6,8,-10,hit,14592,1550,12610,432,0.10622259,0.10122314,0.11122203,0.00499944,0.005,ci_target_reached,-0.75794956,-0.7681592,-0.74773993
hard|6|7|+9|double,hard,6,7,9,double,30976,8624,22324,28,0.27840909,0.2734176,0.28340059,0.00499149,0.005,ci_target_reached,-0.88455579,-0.9045208,-0.86459077
hard|6|7|+9|hit,hard,6,7,9,hit,37376,15571,17693,4112,0.41660424,0.41160616,0.42160232,0.00499808,0.005,ci_target_reached,-0.0567744,-0.06632143,-0.04722737
hard|6|7|+10|stand,hard,6,7,10,stand,30464,8254,22210,0,0.27094275,0.26595181,0.27593369,0.00499094,0.005,ci_target_reached,-0.4581145,-0.46809654,-0.44813246
hard|6|7|+10|double,hard,6,7,10,double,30720,8378,22312,30,0.27272135,0.26774105,0.27770165,0.0049803,0.005,ci_target_reached,-0.90716146,-0.92708185,-0.88724106
hard|6|7|+10|hit,hard,6,7,10,hit,37632,15768,17713,4151,0.4190051,0.41402001,0.42399019,0.00498509,0.005,ci_target_reached,-0.05168474,-0.06120066,-0.04216882
hard|6|8|-9|hit,hard,6,8,-9,hit,14592,1540,12591,461,0.10553728,0.10055208,0.11052248,0.0049852,0.005,ci_target_reached,-0.75733279,-0.76752884,-0.74713673
hard|6|8|-10|stand,hard,6,8,-10,stand,27392,6292,21100,0,0.2297021,0.22472065,0.23468356,0.00498145,0.005,ci_target_reached,-0.54059579,-0.55055888,-0.53063271
hard|6|8|-10|double,hard,6,8,-10,double,27392,6283,20651,458,0.22937354,0.22439459,0.23435249,0.00497895,0.005,ci_target_reached,-1.04906542,-1.06899707,-1.02913377
hard|6|8|-8|hit,hard,6,8,-8,hit,15104,1640,12985,479,0.10858051,0.10361885,0.11354217,0.00496166,0.005,ci_target_reached,-0.75112553,-0.76126388,-0.74098718
hard|6|8|-7|hit,hard,6,8,-7,hit,14848,1591,12767,490,0.10715248,0.10217726,0.11212769,0.00497521,0.005,ci_target_reached,-0.75269397,-0.76287311,-0.74251482
hard|6|8|-9|stand,hard,6,8,-9,stand,26880,6021,20859,0,0.22399554,0.21901136,0.22897971,0.00498417,0.005,ci_target_reached,-0.55200893,-0.56197746,-0.54204039
hard|6|8|-9|double,hard,6,8,-9,double,27904,6626,20827,451,0.237457,0.23246416,0.24244983,0.00499284,0.005,ci_target_reached,-1.0178469,-1.03782619,-0.99786762
hard|6|8|-6|hit,hard,6,8,-6,hit,14592,1544,12624,424,0.1058114,0.1008205,0.11080231,0.00499091,0.005,ci_target_reached,-0.75932018,-0.76951005,-0.7491303
hard|6|8|-8|stand,hard,6,8,-8,stand,27392,6346,21046,0,0.23167348,0.2266771,0.23666986,0.00499638,0.005,ci_target_reached,-0.53665304,-0.54664598,-0.5266601
hard|6|8|-8|double,hard,6,8,-8,double,27136,6164,20455,517,0.22715212,0.22216685,0.23213739,0.00498527,0.005,ci_target_reached,-1.05328715,-1.07324815,-1.03332614
hard|6|8|-5|hit,hard,6,8,-5,hit,14336,1481,12431,424,0.10330636,0.09832409,0.10828864,0.00498227,0.005,ci_target_reached,-0.76381138,-0.77399546,-0.7536273
hard|6|8|-7|stand,hard,6,8,-7,stand,27136,6165,20971,0,0.22718897,0.22220342,0.23217453,0.00498555,0.005,ci_target_reached,-0.54562205,-0.55559334,-0.53565076
hard|6|8|-7|double,hard,6,8,-7,double,27136,6204,20455,477,0.22862618,0.22362953,0.23362283,0.00499665,0.005,ci_target_reached,-1.05033903,-1.07034289,-1.03033517
hard|6|8|-6|stand,hard,6,8,-6,stand,27392,6306,21086,0,0.2302132,0.22522786,0.23519854,0.00498534,0.005,ci_target_reached,-0.5395736,-0.54954445,-0.52960274
hard|6|8|-4|hit,hard,6,8,-4,hit,14336,1486,12414,436,0.10365513,0.09866543,0.10864484,0.00498971,0.005,ci_target_reached,-0.76227679,-0.77248065,-0.75207292
hard|6|8|-6|double,hard,6,8,-6,double,27392,6305,20608,479,0.23017669,0.22519163,0.23516175,0.00498506,0.005,ci_target_reached,-1.04431951,-1.06427531,-1.02436371
hard|6|8|-3|hit,hard,6,8,-3,hit,15104,1657,12957,490,0.10970604,0.10472188,0.1146902,0.00498416,0.005,ci_target_reached,-0.74814619,-0.75833133,-0.73796105
hard|6|8|-5|stand,hard,6,8,-5,stand,27136,6197,20939,0,0.22836822,0.22337356,0.23336288,0.00499466,0.005,ci_target_reached,-0.54326356,-0.55325307,-0.53327405
hard|6|8|-5|double,hard,6,8,-5,double,27648,6436,20719,493,0.23278356,0.22780207,0.23776506,0.00498149,0.005,ci_target_reached,-1.03320312,-1.05314214,-1.01326411
hard|6|8|-2|hit,hard,6,8,-2,hit,14848,1578,12837,433,0.10627694,0.10131966,0.11123422,0.00495728,0.005,ci_target_reached,-0.75828394,-0.76840436,-0.74816353
hard|6|8|-4|stand,hard,6,8,-4,stand,27392,6284,21108,0,0.22941005,0.22443082,0.23438928,0.00497923,0.005,ci_target_reached,-0.54117991,-0.55113855,-0.53122127
hard|6|8|+0|hit,hard,6,8,0,hit,35072,12279,19955,2838,0.35010835,0.34511608,0.35510061,0.00499226,0.005,ci_target_reached,-0.21886405,-0.22863273,-0.20909537
hard|6|8|+0|stand,hard,6,8,0,stand,28672,7037,21635,0,0.24543108,0.2404498,0.25041237,0.00498128,0.005,ci_target_reached,-0.50913783,-0.51910058,-0.49917509
hard|6|8|+0|double,hard,6,8,0,double,28160,6789,21056,315,0.24108665,0.23609065,0.24608265,0.004996,0.005,ci_target_reached,-1.01328125,-1.03326934,-0.99329316
hard|6|8|-4|double,hard,6,8,-4,double,27136,6149,20540,447,0.22659935,0.22161837,0.23158033,0.00498098,0.005,ci_target_reached,-1.06065743,-1.08059976,-1.0407151
hard|6|8|-3|stand,hard,6,8,-3,stand,26880,6034,20846,0,0.22447917,0.21949117,0.22946716,0.004988,0.005,ci_target_reached,-0.55104167,-0.56101785,-0.54106549
hard|6|8|-1|hit,hard,6,8,-1,hit,14848,1577,12807,464,0.10620959,0.1012537,0.11116548,0.00495589,0.005,ci_target_reached,-0.75633082,-0.76646236,-0.74619928
hard|6|8|-3|double,hard,6,8,-3,double,26880,6061,20357,462,0.22548363,0.22048773,0.23047954,0.00499591,0.005,ci_target_reached,-1.06369048,-1.08369434,-1.04368661
hard|6|8|-2|stand,hard,6,8,-2,stand,27136,6184,20952,0,0.22788915,0.22289818,0.23288012,0.00499097,0.005,ci_target_reached,-0.5442217,-0.55420382,-0.53423958
hard|6|8|-2|double,hard,6,8,-2,double,27648,6445,20741,462,0.23310909,0.22812517,0.238093,0.00498391,0.005,ci_target_reached,-1.03414352,-1.05409138,-1.01419566
hard|6|8|-1|stand,hard,6,8,-1,stand,27392,6326,21066,0,0.23094334,0.22595247,0.23593421,0.00499087,0.005,ci_target_reached,-0.53811332,-0.54809524,-0.5281314
hard|6|8|-1|double,hard,6,8,-1,double,27392,6303,20609,480,0.23010368,0.22511917,0.23508819,0.00498451,0.005,ci_target_reached,-1.04453855,-1.06449223,-1.02458487
hard|6|8|+1|stand,hard,6,8,1,stand,28416,6936,21480,0,0.24408784,0.23909344,0.24908224,0.0049944,0.005,ci_target_reached,-0.51182432,-0.5218133,-0.50183535
hard|6|8|+1|double,hard,6,8,1,double,28160,6768,21220,172,0.24034091,0.23535019,0.24533163,0.00499072,0.005,ci_target_reached,-1.02642045,-1.04638639,-1.00645452
hard|6|8|+1|hit,hard,6,8,1,hit,34048,11237,19699,3112,0.33003407,0.32503929,0.33502885,0.00499478,0.005,ci_target_reached,-0.24853148,-0.25830645,-0.23875652
hard|6|8|+2|stand,hard,6,8,2,stand,28416,6903,21513,0,0.24292652,0.23794019,0.24791285,0.00498633,0.005,ci_target_reached,-0.51414696,-0.5241198,-0.50417412
hard|6|8|+2|double,hard,6,8,2,double,28672,7040,21588,44,0.24553571,0.24055371,0.25051771,0.004982,0.005,ci_target_reached,-1.01478795,-1.03471663,-0.99485926
hard|6|8|+2|hit,hard,6,8,2,hit,37632,15785,17513,4334,0.41945685,0.41447101,0.42444269,0.00498584,0.005,ci_target_reached,-0.04591837,-0.05541119,-0.03642554
hard|6|8|+3|stand,hard,6,8,3,stand,28672,7044,21628,0,0.24567522,0.24069227,0.25065818,0.00498295,0.005,ci_target_reached,-0.50864955,-0.51861564,-0.49868347
hard|6|8|+3|double,hard,6,8,3,double,28416,6930,21464,22,0.24387669,0.23888375,0.24886963,0.00499294,0.005,ci_target_reached,-1.02294482,-1.04291717,-1.00297247
hard|6|8|+3|hit,hard,6,8,3,hit,37888,16423,17134,4331,0.43346178,0.42847184,0.43845172,0.00498994,0.005,ci_target_reached,-0.01876584,-0.02824053,-0.00929114
hard|6|8|+4|stand,hard,6,8,4,stand,28416,6958,21458,0,0.24486205,0.2398623,0.2498618,0.00499975,0.005,ci_target_reached,-0.5102759,-0.52027558,-0.50027622
hard|6|8|+4|double,hard,6,8,4,double,28672,7066,21585,21,0.24644252,0.24145433,0.25143071,0.00498819,0.005,ci_target_reached,-1.01276507,-1.03271831,-0.99281182
hard|6|8|+4|hit,hard,6,8,4,hit,37888,16292,17094,4502,0.43000422,0.42501908,0.43498936,0.00498514,0.005,ci_target_reached,-0.02116765,-0.03061765,-0.01171765
hard|6|8|+5|stand,hard,6,8,5,stand,28672,7104,21568,0,0.24776786,0.24277067,0.25276504,0.00499719,0.005,ci_target_reached,-0.50446429,-0.51445883,-0.49446974
hard|6|8|+5|double,hard,6,8,5,double,28160,6794,21336,30,0.2412642,0.23626695,0.24626146,0.00499725,0.005,ci_target_reached,-1.0328125,-1.05280237,-1.01282263
hard|6|8|+5|hit,hard,6,8,5,hit,37888,16479,16965,4444,0.43493982,0.42994791,0.43993174,0.00499191,0.005,ci_target_reached,-0.01282728,-0.02228701,-0.00336755
hard|6|8|+6|stand,hard,6,8,6,stand,28416,6942,21474,0,0.24429899,0.23930312,0.24929485,0.00499586,0.005,ci_target_reached,-0.51140203,-0.52139393,-0.50141013
hard|6|8|+6|double,hard,6,8,6,double,28416,6935,21458,23,0.24405265,0.23905849,0.2490468,0.00499416,0.005,ci_target_reached,-1.02217061,-1.04214784,-1.00219338
hard|6|8|+6|hit,hard,6,8,6,hit,37888,16474,17035,4379,0.43480785,0.42981611,0.4397996,0.00499174,0.005,ci_target_reached,-0.0148068,-0.02427543,-0.00533817
hard|6|8|+7|stand,hard,6,8,7,stand,28672,7069,21603,0,0.24654715,0.24155825,0.25153606,0.0049889,0.005,ci_target_reached,-0.50690569,-0.51688367,-0.49692771
hard|6|8|+7|double,hard,6,8,7,double,28672,7106,21544,22,0.24783761,0.24283995,0.25283527,0.00499766,0.005,ci_target_reached,-1.00711496,-1.02710602,-0.9871239
hard|6|8|+7|hit,hard,6,8,7,hit,37888,16590,16951,4347,0.43786951,0.43287381,0.44286521,0.0049957,0.005,ci_target_reached,-0.00952808,-0.01900192,-5.425e-05
hard|6|8|+8|stand,hard,6,8,8,stand,28672,7087,21585,0,0.24717494,0.24218177,0.25216811,0.00499317,0.005,ci_target_reached,-0.50565011,-0.51563663,-0.4956636
hard|6|8|+8|double,hard,6,8,8,double,28672,7056,21587,29,0.24609375,0.24110794,0.25107956,0.00498581,0.005,ci_target_reached,-1.01360212,-1.03354592,-0.99365832
hard|6|8|+8|hit,hard,6,8,8,hit,37888,16497,16976,4415,0.43541491,0.43042237,0.44040745,0.00499254,0.005,ci_target_reached,-0.01264253,-0.02210638,-0.00317867
hard|6|9|-10|hit,hard,6,9,-10,hit,11776,962,10518,296,0.08169158,0.0767446,0.08663856,0.00494698,0.005,ci_target_reached,-0.81148098,-0.82164038,-0.80132157
hard|6|8|+9|stand,hard,6,8,9,stand,28928,7211,21717,0,0.24927406,0.24428893,0.25425919,0.00498513,0.005,ci_target_reached,-0.50145188,-0.5114223,-0.49148146
hard|6|8|+9|double,hard,6,8,9,double,28672,7063,21581,28,0.24633789,0.24135041,0.25132537,0.00498748,0.005,ci_target_reached,-1.01269531,-1.03264575,-0.99274487
hard|6|9|-10|stand,hard,6,9,-10,stand,16384,1986,14398,0,0.12121582,0.11621816,0.12621348,0.00499766,0.005,ci_target_reached,-0.75756836,-0.76756399,-0.74757273
hard|6|8|+9|hit,hard,6,8,9,hit,37888,16400,17051,4437,0.43285473,0.42786562,0.43784384,0.00498911,0.005,ci_target_reached,-0.01718222,-0.02664224,-0.0077222
hard|6|9|-9|hit,hard,6,9,-9,hit,12288,1057,10859,372,0.08601888,0.08106117,0.09097659,0.00495771,0.005,ci_target_reached,-0.7976888,-0.80789886,-0.78747874
hard|6|8|+10|double,hard,6,8,10,double,28416,6921,21463,32,0.24355997,0.23856923,0.2485507,0.00499074,0.005,ci_target_reached,-1.02350788,-1.04347156,-1.0035442
hard|6|9|-10|double,hard,6,9,-10,double,16384,1987,14126,271,0.12127686,0.11627811,0.1262756,0.00499875,0.005,ci_target_reached,-1.48181152,-1.50199952,-1.46162352
hard|6|8|+10|stand,hard,6,8,10,stand,28672,7073,21599,0,0.24668666,0.24169681,0.25167652,0.00498985,0.005,ci_target_reached,-0.50662667,-0.51660655,-0.49664679
hard|6|9|-9|stand,hard,6,9,-9,stand,15616,1781,13835,0,0.11404969,0.10906403,0.11903536,0.00498566,0.005,ci_target_reached,-0.77190061,-0.78187226,-0.76192897
hard|6|8|+10|hit,hard,6,8,10,hit,37888,16332,17133,4423,0.43105997,0.42607333,0.4360466,0.00498663,0.005,ci_target_reached,-0.02114126,-0.03060245,-0.01168007
hard|6|9|-8|hit,hard,6,9,-8,hit,12288,1056,10893,339,0.0859375,0.08098192,0.09089308,0.00495558,0.005,ci_target_reached,-0.80053711,-0.81071855,-0.79035567
hard|6|9|-9|double,hard,6,9,-9,double,16128,1908,13931,289,0.11830357,0.11331904,0.1232881,0.00498453,0.005,ci_target_reached,-1.49094742,-1.51110286,-1.47079198
hard|6|9|-8|stand,hard,6,9,-8,stand,16128,1905,14223,0,0.11811756,0.11313642,0.1230987,0.00498114,0.005,ci_target_reached,-0.76376488,-0.77372746,-0.7538023
hard|6|9|-7|hit,hard,6,9,-7,hit,12032,1005,10736,291,0.08352726,0.07858346,0.08847106,0.0049438,0.005,ci_target_reached,-0.80875997,-0.81889548,-0.79862447
hard|6|9|-8|double,hard,6,9,-8,double,15872,1846,13737,289,0.11630544,0.11131785,0.12129304,0.0049876,0.005,ci_target_reached,-1.4983619,-1.51853985,-1.47818394
hard|6|9|-7|double,hard,6,9,-7,double,15872,1831,13792,249,0.11536038,0.11039044,0.12033033,0.00496995,0.005,ci_target_reached,-1.50718246,-1.52726163,-1.48710329
hard|6|9|-7|stand,hard,6,9,-7,stand,16128,1901,14227,0,0.11786954,0.11289294,0.12284615,0.0049766,0.005,ci_target_reached,-0.76426091,-0.77421443,-0.7543074
hard|6|9|-6|hit,hard,6,9,-6,hit,12544,1095,11112,337,0.08729273,0.08235312,0.09223234,0.00493961,0.005,ci_target_reached,-0.79854911,-0.80868523,-0.78841299
hard|6|9|-5|hit,hard,6,9,-5,hit,11776,978,10487,311,0.08305027,0.07806601,0.08803453,0.00498426,0.005,ci_target_reached,-0.80748981,-0.81773217,-0.79724744
hard|6|9|-6|stand,hard,6,9,-6,stand,16384,1962,14422,0,0.11975098,0.11477947,0.12472249,0.00497151,0.005,ci_target_reached,-0.76049805,-0.77044137,-0.75055472
hard|6|9|-6|double,hard,6,9,-6,double,16640,2014,14350,276,0.12103365,0.1160778,0.12598951,0.00495586,0.005,ci_target_reached,-1.48269231,-1.50270829,-1.46267633
hard|6|9|-4|hit,hard,6,9,-4,hit,11776,980,10456,340,0.08322011,0.07823122,0.088209,0.00498889,0.005,ci_target_reached,-0.8046875,-0.81496254,-0.79441246
hard|6|9|-5|stand,hard,6,9,-5,stand,16128,1901,14227,0,0.11786954,0.11289294,0.12284615,0.0049766,0.005,ci_target_reached,-0.76426091,-0.77421443,-0.7543074
hard|6|9|-5|double,hard,6,9,-5,double,16128,1916,13929,283,0.1187996,0.11380604,0.12379317,0.00499356,0.005,ci_target_reached,-1.48970734,-1.50989339,-1.46952129
hard|6|9|-3|hit,hard,6,9,-3,hit,12032,1012,10716,304,0.08410904,0.07914963,0.08906846,0.00495941,0.005,ci_target_reached,-0.80651596,-0.81669146,-0.79634045
hard|6|9|-4|double,hard,6,9,-4,double,16128,1898,13911,319,0.11768353,0.11271033,0.12265673,0.0049732,0.005,ci_target_reached,-1.48970734,-1.50984064,-1.46957404
hard|6|9|-4|stand,hard,6,9,-4,stand,16896,2100,14796,0,0.12428977,0.11931513,0.12926442,0.00497464,0.005,ci_target_reached,-0.75142045,-0.76137004,-0.74147087
hard|6|9|+0|hit,hard,6,9,0,hit,32768,10084,19872,2812,0.30773926,0.3027417,0.31273681,0.00499755,0.005,ci_target_reached,-0.29870605,-0.30854059,-0.28887152
hard|6|9|+0|stand,hard,6,9,0,stand,26880,6071,20809,0,0.22585565,0.22085683,0.23085448,0.00499882,0.005,ci_target_reached,-0.54828869,-0.55828653,-0.53829086
hard|6|9|-2|hit,hard,6,9,-2,hit,11520,919,10276,325,0.07977431,0.07482655,0.08472206,0.00494776,0.005,ci_target_reached,-0.81223958,-0.82244109,-0.80203808
hard|6|9|+0|double,hard,6,9,0,double,27392,6315,20807,270,0.23054176,0.22555394,0.23552959,0.00498783,0.005,ci_target_reached,-1.05811916,-1.07808026,-1.03815806
hard|6|9|-3|stand,hard,6,9,-3,stand,15872,1832,14040,0,0.11542339,0.11045226,0.12039451,0.00497113,0.005,ci_target_reached,-0.76915323,-0.77909579,-0.75921066
hard|6|9|-3|double,hard,6,9,-3,double,16128,1892,13947,289,0.11731151,0.11234513,0.12227789,0.00496638,0.005,ci_target_reached,-1.49491567,-1.51500098,-1.47483037
hard|6|9|-1|hit,hard,6,9,-1,hit,11776,975,10467,334,0.08279552,0.07781822,0.08777281,0.0049773,0.005,ci_target_reached,-0.8060462,-0.81629455,-0.79579784
hard|6|9|-2|stand,hard,6,9,-2,stand,16128,1907,14221,0,0.11824157,0.11325817,0.12322497,0.0049834,0.005,ci_target_reached,-0.76351687,-0.77348397,-0.75354976
hard|6|9|-2|double,hard,6,9,-2,double,16128,1913,13923,292,0.11861359,0.11362341,0.12360377,0.00499018,0.005,ci_target_reached,-1.48933532,-1.50951474,-1.4691559
hard|6|9|-1|stand,hard,6,9,-1,stand,15872,1852,14020,0,0.11668347,0.11168884,0.1216781,0.00499463,0.005,ci_target_reached,-0.76663306,-0.77662263,-0.7566435
hard|6|9|-1|double,hard,6,9,-1,double,16640,2015,14313,312,0.12109375,0.11613683,0.12605067,0.00495692,0.005,ci_target_reached,-1.478125,-1.49816904,-1.45808096
hard|6|9|+1|stand,hard,6,9,1,stand,23808,4499,19309,0,0.18897009,0.1839972,0.19394299,0.0049729,0.005,ci_target_reached,-0.62205981,-0.63200582,-0.61211381
hard|6|9|+1|double,hard,6,9,1,double,24064,4618,19300,146,0.19190492,0.18692931,0.19688053,0.00497561,0.005,ci_target_reached,-1.22024601,-1.24017089,-1.20032114
hard|6|9|+2|stand,hard,6,9,2,stand,26112,5584,20528,0,0.21384804,0.20887477,0.21882131,0.00497327,0.005,ci_target_reached,-0.57230392,-0.58225065,-0.56235719
hard|6|9|+1|hit,hard,6,9,1,hit,34048,11113,19775,3160,0.32639215,0.32141153,0.33137278,0.00498062,0.005,ci_target_reached,-0.25440555,-0.26415529,-0.2446558
hard|6|9|+2|double,hard,6,9,2,double,26368,5765,20565,38,0.21863623,0.21364732,0.22362513,0.0049889,0.005,ci_target_reached,-1.12257282,-1.14253142,-1.10261421
hard|6|9|+3|stand,hard,6,9,3,stand,27136,6132,21004,0,0.22597288,0.22099677,0.23094898,0.0049761,0.005,ci_target_reached,-0.54805425,-0.55800664,-0.53810185
hard|6|9|+2|hit,hard,6,9,2,hit,37376,15515,17519,4342,0.41510595,0.41011046,0.42010144,0.00499549,0.005,ci_target_reached,-0.05361729,-0.06313303,-0.04410156
hard|6|9|+3|double,hard,6,9,3,double,26880,6025,20838,17,0.22414435,0.21915899,0.2291297,0.00498535,0.005,ci_target_reached,-1.10215774,-1.12210045,-1.08221503
hard|6|9|+3|hit,hard,6,9,3,hit,37888,16334,16922,4632,0.43111275,0.42612605,0.43609946,0.00498671,0.005,ci_target_reached,-0.01551943,-0.02495212,-0.00608674
hard|6|9|+4|stand,hard,6,9,4,stand,26880,6012,20868,0,0.22366071,0.21867919,0.22864224,0.00498152,0.005,ci_target_reached,-0.55267857,-0.5626418,-0.54271534
hard|6|9|+4|double,hard,6,9,4,double,26624,5919,20684,21,0.22231821,0.21732353,0.22731289,0.00499468,0.005,ci_target_reached,-1.10914964,-1.12913,-1.08916928
hard|6|9|+5|stand,hard,6,9,5,stand,27136,6162,20974,0,0.22707842,0.22209372,0.23206312,0.0049847,0.005,ci_target_reached,-0.54584316,-0.55581274,-0.53587358
hard|6|9|+4|hit,hard,6,9,4,hit,37888,16528,16783,4577,0.43623311,0.4312395,0.44122671,0.00499361,0.005,ci_target_reached,-0.00673036,-0.0161719,0.00271118
hard|6|9|+5|double,hard,6,9,5,double,27136,6176,20936,24,0.22759434,0.22260565,0.23258303,0.00498869,0.005,ci_target_reached,-1.08785377,-1.10781002,-1.06789753
hard|6|9|+6|stand,hard,6,9,6,stand,26112,5661,20451,0,0.21679688,0.21179884,0.22179491,0.00499804,0.005,ci_target_reached,-0.56640625,-0.57640252,-0.55640998
hard|6|9|+5|hit,hard,6,9,5,hit,37888,16269,17035,4584,0.42939717,0.4244129,0.43438144,0.00498427,0.005,ci_target_reached,-0.02021748,-0.02965608,-0.01077889
hard|6|9|+6|double,hard,6,9,6,double,26880,6020,20838,22,0.22395833,0.21897445,0.22894221,0.00498388,0.005,ci_target_reached,-1.10252976,-1.12246687,-1.08259266
hard|6|9|+6|hit,hard,6,9,6,hit,37888,16378,16948,4562,0.43227407,0.42728575,0.43726239,0.00498832,0.005,ci_target_reached,-0.01504434,-0.02448703,-0.00560165
hard|6|9|+7|stand,hard,6,9,7,stand,26880,6001,20879,0,0.22325149,0.21827321,0.22822976,0.00497827,0.005,ci_target_reached,-0.55349702,-0.56345376,-0.54354029
hard|6|9|+7|double,hard,6,9,7,double,26624,5890,20719,15,0.22122897,0.21624305,0.22621489,0.00498592,0.005,ci_target_reached,-1.11395733,-1.13390232,-1.09401234
hard|6|9|+8|stand,hard,6,9,8,stand,26368,5736,20632,0,0.21753641,0.21255657,0.22251625,0.00497984,0.005,ci_target_reached,-0.56492718,-0.57488706,-0.55496731
hard|6|9|+7|hit,hard,6,9,7,hit,37888,16291,17064,4533,0.42997783,0.42499273,0.43496293,0.0049851,0.005,ci_target_reached,-0.02040224,-0.02984802,-0.01095646
hard|6|9|+8|double,hard,6,9,8,double,26624,5909,20694,21,0.22194261,0.21695094,0.22693427,0.00499167,0.005,ci_target_reached,-1.11065204,-1.13062036,-1.09068373
hard|6|10|-10|stand,hard,6,10,-10,stand,2304,32,2272,0,0.01388889,0.00911017,0.01866761,0.00477872,0.005,ci_target_reached,-0.97222222,-0.98178174,-0.96266271
hard|6|10|-10|double,hard,6,10,-10,double,2304,28,2241,35,0.01215278,0.00767876,0.01662679,0.00447402,0.005,ci_target_reached,-1.92100694,-1.94138587,-1.90062802
hard|6|10|-10|hit,hard,6,10,-10,hit,8192,446,7486,260,0.05444336,0.04953001,0.05935671,0.00491335,0.005,ci_target_reached,-0.859375,-0.86975512,-0.84899488
hard|6|9|+8|hit,hard,6,9,8,hit,37888,16389,16959,4540,0.4325644,0.42757568,0.43755312,0.00498872,0.005,ci_target_reached,-0.01504434,-0.02449015,-0.00559853
hard|6|10|-9|stand,hard,6,10,-9,stand,1536,14,1522,0,0.00911458,0.00436188,0.01386729,0.0047527,0.005,ci_target_reached,-0.98177083,-0.99127933,-0.97226233
hard|6|9|+9|stand,hard,6,9,9,stand,26880,6007,20873,0,0.2234747,0.21849466,0.22845475,0.00498005,0.005,ci_target_reached,-0.5530506,-0.56301087,-0.54309032
hard|6|10|-9|double,hard,6,10,-9,double,2816,51,2730,35,0.0181108,0.01318542,0.02303618,0.00492538,0.005,ci_target_reached,-1.90269886,-1.92392093,-1.88147679
hard|6|10|-8|stand,hard,6,10,-8,stand,2048,25,2023,0,0.01220703,0.00745117,0.01696289,0.00475586,0.005,ci_target_reached,-0.97558594,-0.98509998,-0.96607189
hard|6|9|+9|double,hard,6,9,9,double,26880,5993,20875,12,0.22295387,0.21797796,0.22792978,0.00497591,0.005,ci_target_reached,-1.10729167,-1.12719636,-1.08738697
hard|6|10|-8|double,hard,6,10,-8,double,2816,49,2722,45,0.01740057,0.01257098,0.02223015,0.00482958,0.005,ci_target_reached,-1.8984375,-1.91972357,-1.87715143
hard|6|10|-9|hit,hard,6,10,-9,hit,7936,427,7258,251,0.05380544,0.04884114,0.05876975,0.00496431,0.005,ci_target_reached,-0.86076109,-0.871255,-0.85026718
hard|6|10|-7|stand,hard,6,10,-7,stand,2304,33,2271,0,0.01432292,0.00947117,0.01917466,0.00485174,0.005,ci_target_reached,-0.97135417,-0.98105976,-0.96164857
hard|6|10|-8|hit,hard,6,10,-8,hit,7424,370,6830,224,0.04983836,0.04488822,0.0547885,0.00495014,0.005,ci_target_reached,-0.87015086,-0.8806418,-0.85965992
hard|6|10|-7|double,hard,6,10,-7,double,3328,64,3201,63,0.01923077,0.01456475,0.02389678,0.00466602,0.005,ci_target_reached,-1.88521635,-1.90589252,-1.86454017
hard|6|9|+9|hit,hard,6,9,9,hit,37888,16597,16775,4516,0.43805427,0.43305833,0.4430502,0.00499593,0.005,ci_target_reached,-0.00469806,-0.01414836,0.00475225
hard|6|10|-6|double,hard,6,10,-6,double,1792,19,1746,27,0.01060268,0.00586047,0.01534488,0.0047422,0.005,ci_target_reached,-1.92745536,-1.94940662,-1.90550409
hard|6|10|-7|hit,hard,6,10,-7,hit,7680,403,7056,221,0.05247396,0.04748692,0.057461,0.00498704,0.005,ci_target_reached,-0.86627604,-0.87678581,-0.85576627
hard|6|10|-6|stand,hard,6,10,-6,stand,3072,57,3015,0,0.01855469,0.01378263,0.02332674,0.00477205,0.005,ci_target_reached,-0.96289062,-0.97243629,-0.95334496
hard|6|10|-5|stand,hard,6,10,-5,stand,2816,47,2769,0,0.01669034,0.01195864,0.02142204,0.0047317,0.005,ci_target_reached,-0.96661932,-0.97608441,-0.95715423
hard|6|10|-5|double,hard,6,10,-5,double,2816,47,2718,51,0.01669034,0.01195864,0.02142204,0.0047317,0.005,ci_target_reached,-1.89701705,-1.91820249,-1.8758316
hard|6|10|-4|stand,hard,6,10,-4,stand,2560,42,2518,0,0.01640625,0.0114853,0.0213272,0.00492095,0.005,ci_target_reached,-0.9671875,-0.97703132,-0.95734368
hard|6|10|-4|double,hard,6,10,-4,double,2560,38,2490,32,0.01484375,0.01015928,0.01952822,0.00468447,0.005,ci_target_reached,-1.915625,-1.93614111,-1.89510889
hard|6|9|+10|stand,hard,6,9,10,stand,26624,5868,20756,0,0.22040264,0.2154234,0.22538188,0.00497924,0.005,ci_target_reached,-0.55919471,-0.56915338,-0.54923605
hard|6|10|-6|hit,hard,6,10,-6,hit,7680,398,7073,209,0.05182292,0.04686521,0.05678063,0.00495771,0.005,ci_target_reached,-0.86914062,-0.87956895,-0.8587123
hard|6|10|-3|stand,hard,6,10,-3,stand,2304,32,2272,0,0.01388889,0.00911017,0.01866761,0.00477872,0.005,ci_target_reached,-0.97222222,-0.98178174,-0.96266271
hard|6|10|-3|double,hard,6,10,-3,double,1536,14,1490,32,0.00911458,0.00436188,0.01386729,0.0047527,0.005,ci_target_reached,-1.921875,-1.94550239,-1.89824761
hard|6|9|+10|double,hard,6,9,10,double,27136,6131,20974,31,0.22593603,0.22096021,0.23091184,0.00497582,0.005,ci_target_reached,-1.09397111,-1.11387629,-1.07406593
hard|6|10|-5|hit,hard,6,10,-5,hit,7936,428,7276,232,0.05393145,0.04896167,0.05890124,0.00496978,0.005,ci_target_reached,-0.86290323,-0.87336715,-0.8524393
hard|6|10|-2|stand,hard,6,10,-2,stand,2816,46,2770,0,0.01633523,0.01165329,0.02101717,0.00468194,0.005,ci_target_reached,-0.96732955,-0.97669509,-0.957964
hard|6|10|-2|double,hard,6,10,-2,double,2304,31,2233,40,0.01345486,0.00875037,0.01815936,0.00470449,0.005,ci_target_reached,-1.91145833,-1.93294935,-1.88996732
hard|6|10|+0|hit,hard,6,10,0,hit,29952,7888,19668,2396,0.2633547,0.25836651,0.26834289,0.00498819,0.005,ci_target_reached,-0.39329594,-0.40320364,-0.38338824
hard|6|10|-4|hit,hard,6,10,-4,hit,7680,395,7051,234,0.05143229,0.04649228,0.0563723,0.00494001,0.005,ci_target_reached,-0.86666667,-0.87711989,-0.85621345
hard|6|10|+0|stand,hard,6,10,0,stand,25344,5250,20094,0,0.20714962,0.20216013,0.21213911,0.00498949,0.005,ci_target_reached,-0.58570076,-0.59567994,-0.57572158
hard|6|10|+0|double,hard,6,10,0,double,25856,5511,20118,227,0.21314202,0.20815021,0.21813383,0.00499181,0.005,ci_target_reached,-1.12987314,-1.14985888,-1.10988741
hard|6|10|-1|stand,hard,6,10,-1,stand,2304,31,2273,0,0.01345486,0.00875037,0.01815936,0.00470449,0.005,ci_target_reached,-0.97309028,-0.98250131,-0.96367925
hard|6|10|-1|double,hard,6,10,-1,double,2560,41,2480,39,0.01601562,0.01115265,0.0208786,0.00486298,0.005,ci_target_reached,-1.90546875,-1.92698038,-1.88395712
hard|6|10|-3|hit,hard,6,10,-3,hit,7936,415,7254,267,0.05229335,0.04739538,0.05719131,0.00489796,0.005,ci_target_reached,-0.86176915,-0.87217614,-0.85136216
hard|6|9|+10|hit,hard,6,9,10,hit,37888,16467,16857,4564,0.4346231,0.4296316,0.43961459,0.0049915,0.005,ci_target_reached,-0.0102935,-0.01973655,-0.00085044
hard|6|10|-2|hit,hard,6,10,-2,hit,7424,373,6815,236,0.05024246,0.04527334,0.05521157,0.00496911,0.005,ci_target_reached,-0.86772629,-0.8782811,-0.85717149
hard|6|10|-1|hit,hard,6,10,-1,hit,8192,452,7509,231,0.05517578,0.05023141,0.06012015,0.00494437,0.005,ci_target_reached,-0.8614502,-0.87182962,-0.85107077
hard|6|10|+1|stand,hard,6,10,1,stand,22784,4085,18699,0,0.17929249,0.17431149,0.18427348,0.004981,0.005,ci_target_reached,-0.64141503,-0.65137724,-0.63145281
hard|6|10|+1|double,hard,6,10,1,double,23296,4324,18922,50,0.18561126,0.18061859,0.19060394,0.00499268,0.005,ci_target_reached,-1.25326236,-1.27324255,-1.23328218
hard|6|10|+2|stand,hard,6,10,2,stand,25088,5085,20003,0,0.20268654,0.19771204,0.20766105,0.00497451,0.005,ci_target_reached,-0.59462691,-0.60457613,-0.5846777
hard|6|10|+2|double,hard,6,10,2,double,24832,4982,19838,12,0.20062822,0.19564717,0.20560927,0.00498105,0.005,ci_target_reached,-1.19652062,-1.21644669,-1.17659455
hard|6|10|+3|stand,hard,6,10,3,stand,24320,4783,19537,0,0.19666941,0.19167378,0.20166503,0.00499563,0.005,ci_target_reached,-0.60666118,-0.61665264,-0.59666973
hard|6|10|+3|double,hard,6,10,3,double,24832,5026,19781,25,0.20240013,0.19740268,0.20739758,0.00499745,0.005,ci_target_reached,-1.18838595,-1.20837909,-1.16839281
hard|6|10|+1|hit,hard,6,10,1,hit,36608,14192,18137,4279,0.38767483,0.38268376,0.39266589,0.00499106,0.005,ci_target_reached,-0.10776333,-0.11732663,-0.09820003
hard|6|10|+2|hit,hard,6,10,2,hit,37376,15479,17278,4619,0.41414277,0.40914897,0.41913656,0.00499379,0.005,ci_target_reached,-0.04813249,-0.05761114,-0.03865384
hard|6|10|+3|hit,hard,6,10,3,hit,37376,15501,17147,4728,0.41473138,0.40973655,0.41972621,0.00499483,0.005,ci_target_reached,-0.04403896,-0.05350383,-0.03457408
hard|6|10|+4|stand,hard,6,10,4,stand,25088,5122,19966,0,0.20416135,0.1991734,0.2091493,0.00498795,0.005,ci_target_reached,-0.5916773,-0.6016534,-0.58170119
hard|6|10|+4|double,hard,6,10,4,double,24576,4871,19692,13,0.1982015,0.1932174,0.2031856,0.0049841,0.005,ci_target_reached,-1.20613607,-1.22607458,-1.18619756
hard|6|10|+5|stand,hard,6,10,5,stand,24576,4883,19693,0,0.19868978,0.19370106,0.20367849,0.00498871,0.005,ci_target_reached,-0.60262044,-0.61259807,-0.59264281
hard|6|10|+5|double,hard,6,10,5,double,24320,4742,19562,16,0.19498355,0.19000417,0.19996294,0.00497938,0.005,ci_target_reached,-1.21875,-1.23867024,-1.19882976
hard|6|10|+4|hit,hard,6,10,4,hit,37376,15544,17201,4631,0.41588185,0.41088501,0.42087868,0.00499683,0.005,ci_target_reached,-0.04433326,-0.05381207,-0.03485445
hard|6|10|+6|stand,hard,6,10,6,stand,24832,5012,19820,0,0.20183634,0.1968441,0.20682859,0.00499224,0.005,ci_target_reached,-0.59632732,-0.60631201,-0.58634263
hard|6|10|+5|hit,hard,6,10,5,hit,37376,15326,17401,4649,0.41004923,0.40506285,0.41503561,0.00498638,0.005,ci_target_reached,-0.05551691,-0.06498705,-0.04604677
hard|6|10|+6|double,hard,6,10,6,double,24576,4878,19675,23,0.19848633,0.19349954,0.20347312,0.00498679,0.005,ci_target_reached,-1.20418294,-1.22413352,-1.18423236
hard|6|10|+6|hit,hard,6,10,6,hit,37376,15299,17403,4674,0.40932684,0.4043418,0.41431188,0.00498504,0.005,ci_target_reached,-0.05629281,-0.06575885,-0.04682677
hard|6|10|+7|stand,hard,6,10,7,stand,24832,5007,19825,0,0.20163499,0.1966446,0.20662537,0.00499038,0.005,ci_target_reached,-0.59673003,-0.60671099,-0.58674906
hard|6|10|+7|double,hard,6,10,7,double,24576,4904,19649,23,0.19954427,0.19454751,0.20454103,0.00499676,0.005,ci_target_reached,-1.19995117,-1.21994157,-1.17996077
hard|6|10|+8|stand,hard,6,10,8,stand,24832,4999,19833,0,0.20131282,0.19632542,0.20630022,0.0049874,0.005,ci_target_reached,-0.59737436,-0.60734936,-0.58739935
hard|6|10|+7|hit,hard,6,10,7,hit,37376,15360,17372,4644,0.4109589,0.40597084,0.41594696,0.00498806,0.005,ci_target_reached,-0.05383134,-0.0633032,-0.04435947
hard|6|10|+8|double,hard,6,10,8,double,24320,4780,19516,24,0.19654605,0.19155161,0.20154049,0.00499444,0.005,ci_target_reached,-1.21184211,-1.2318236,-1.19186061
hard|6|10|+9|stand,hard,6,10,9,stand,24320,4761,19559,0,0.1957648,0.19077787,0.20075173,0.00498693,0.005,ci_target_reached,-0.60847039,-0.61844446,-0.59849633
hard|6|10|+8|hit,hard,6,10,8,hit,37376,15470,17199,4707,0.41390197,0.4089086,0.41889534,0.00499337,0.005,ci_target_reached,-0.04625963,-0.05572646,-0.0367928
hard|7|A|-10|hit,hard,7,A,-10,hit,6912,315,6492,105,0.04557292,0.04065616,0.05048968,0.00491676,0.005,ci_target_reached,-0.89366319,-0.90383613,-0.88349026
hard|7|A|-10|stand,hard,7,A,-10,stand,7424,367,7057,0,0.04943427,0.04450319,0.05436535,0.00493108,0.005,ci_target_reached,-0.90113147,-0.91099429,-0.89126864
hard|7|A|-10|double,hard,7,A,-10,double,7936,426,7365,145,0.05367944,0.04872062,0.05863826,0.00495882,0.005,ci_target_reached,-1.74873992,-1.76924911,-1.72823073
hard|6|10|+9|double,hard,6,10,9,double,24576,4861,19703,12,0.1977946,0.19281435,0.20277484,0.00498024,0.005,ci_target_reached,-1.20784505,-1.22776802,-1.18792208
hard|7|A|-9|hit,hard,7,A,-9,hit,7168,347,6718,103,0.0484096,0.04344084,0.05337836,0.00496876,0.005,ci_target_reached,-0.88881138,-0.8990519,-0.87857087
hard|7|A|-9|stand,hard,7,A,-9,stand,8192,462,7730,0,0.05639648,0.05140095,0.06139202,0.00499553,0.005,ci_target_reached,-0.88720703,-0.89719871,-0.87721535
hard|6|10|+10|stand,hard,6,10,10,stand,24832,4983,19849,0,0.20066849,0.19568707,0.20564991,0.00498142,0.005,ci_target_reached,-0.59866302,-0.60862606,-0.58869997
hard|6|10|+9|hit,hard,6,10,9,hit,37120,15144,17322,4654,0.40797414,0.4029745,0.41297378,0.00499964,0.005,ci_target_reached,-0.05867457,-0.06816994,-0.0491792
hard|7|A|-9|double,hard,7,A,-9,double,7424,368,6930,126,0.04956897,0.04463152,0.05450641,0.00493745,0.005,ci_target_reached,-1.76778017,-1.78821734,-1.74734301
hard|7|A|-8|hit,hard,7,A,-8,hit,7168,341,6720,107,0.04757254,0.04264477,0.05250032,0.00492778,0.005,ci_target_reached,-0.88992746,-0.90010119,-0.87975372
hard|7|A|-8|stand,hard,7,A,-8,stand,7936,421,7515,0,0.0530494,0.04811812,0.05798067,0.00493127,0.005,ci_target_reached,-0.89390121,-0.90376438,-0.88403804
hard|7|A|-8|double,hard,7,A,-8,double,7680,389,7169,122,0.05065104,0.04574668,0.0555554,0.00490436,0.005,ci_target_reached,-1.765625,-1.78586697,-1.74538303
hard|7|A|-7|hit,hard,7,A,-7,hit,6912,317,6484,111,0.04586227,0.04093067,0.05079386,0.0049316,0.005,ci_target_reached,-0.89221644,-0.90243614,-0.88199673
hard|7|A|-6|hit,hard,7,A,-6,hit,6912,316,6486,110,0.04571759,0.04079341,0.05064178,0.00492418,0.005,ci_target_reached,-0.89265046,-0.90285302,-0.88244791
hard|7|A|-7|stand,hard,7,A,-7,stand,7936,424,7512,0,0.05342742,0.04847959,0.05837524,0.00494782,0.005,ci_target_reached,-0.89314516,-0.90304143,-0.88324889
hard|7|A|-7|double,hard,7,A,-7,double,7936,431,7380,125,0.05430948,0.0493233,0.05929565,0.00498618,0.005,ci_target_reached,-1.75126008,-1.77178414,-1.73073602
hard|6|10|+10|double,hard,6,10,10,double,24576,4871,19695,10,0.1982015,0.1932174,0.2031856,0.0049841,0.005,ci_target_reached,-1.20638021,-1.22631832,-1.18644209
hard|6|10|+10|hit,hard,6,10,10,hit,37376,15501,17256,4619,0.41473138,0.40973655,0.41972621,0.00499483,0.005,ci_target_reached,-0.04695527,-0.05643452,-0.03747601
hard|7|A|-6|stand,hard,7,A,-6,stand,7424,362,7062,0,0.04876078,0.04386166,0.05365989,0.00489911,0.005,ci_target_reached,-0.90247845,-0.91227733,-0.89267957
hard|7|A|-5|hit,hard,7,A,-5,hit,6912,321,6494,97,0.04644097,0.04147986,0.05140208,0.00496111,0.005,ci_target_reached,-0.89308449,-0.90331713,-0.88285186
hard|7|A|-6|double,hard,7,A,-6,double,8192,445,7609,138,0.05432129,0.04941314,0.05922944,0.00490815,0.005,ci_target_reached,-1.74902344,-1.76926423,-1.72878264
hard|7|A|-5|stand,hard,7,A,-5,stand,7680,398,7282,0,0.05182292,0.04686521,0.05678063,0.00495771,0.005,ci_target_reached,-0.89635417,-0.90627023,-0.8864381
hard|7|A|-4|hit,hard,7,A,-4,hit,7168,346,6715,107,0.04827009,0.04330813,0.05323205,0.00496196,0.005,ci_target_reached,-0.88853237,-0.89877125,-0.87829348
hard|7|A|-5|double,hard,7,A,-5,double,7936,421,7367,148,0.0530494,0.04811812,0.05798067,0.00493127,0.005,ci_target_reached,-1.75050403,-1.77092231,-1.73008575
hard|7|A|-4|stand,hard,7,A,-4,stand,7680,400,7280,0,0.05208333,0.04711387,0.0570528,0.00496947,0.005,ci_target_reached,-0.89583333,-0.90577292,-0.88589375
hard|7|A|-4|double,hard,7,A,-4,double,7424,369,6919,136,0.04970366,0.04475986,0.05464746,0.0049438,0.005,ci_target_reached,-1.76454741,-1.7850608,-1.74403403
hard|7|A|-3|hit,hard,7,A,-3,hit,6656,300,6250,106,0.04507212,0.04008799,0.05005624,0.00498412,0.005,ci_target_reached,-0.89393029,-0.90426325,-0.88359733
hard|7|A|+0|hit,hard,7,A,0,hit,23808,4534,17219,2055,0.19044019,0.18545251,0.19542787,0.00498768,0.005,ci_target_reached,-0.5328041,-0.54288517,-0.52272303
hard|7|A|+0|stand,hard,7,A,0,stand,15616,1783,13833,0,0.11417777,0.10918967,0.11916587,0.0049881,0.005,ci_target_reached,-0.77164447,-0.78162099,-0.76166795
hard|7|A|+0|double,hard,7,A,0,double,16640,2047,13785,808,0.12301683,0.11802617,0.12800748,0.00499065,0.005,ci_target_reached,-1.41081731,-1.43128997,-1.39034465
hard|7|A|-3|stand,hard,7,A,-3,stand,7936,420,7516,0,0.05292339,0.04799765,0.05784913,0.00492574,0.005,ci_target_reached,-0.89415323,-0.90400533,-0.88430112
hard|7|A|-3|double,hard,7,A,-3,double,7424,375,6919,130,0.05051185,0.04553014,0.05549356,0.00498171,0.005,ci_target_reached,-1.76293103,-1.78355682,-1.74230525
hard|7|A|-2|hit,hard,7,A,-2,hit,7168,339,6723,106,0.04729353,0.0423795,0.05220755,0.00491403,0.005,ci_target_reached,-0.890625,-0.90076965,-0.88048035
hard|7|A|-2|stand,hard,7,A,-2,stand,7168,347,6821,0,0.0484096,0.04344084,0.05337836,0.00496876,0.005,ci_target_reached,-0.9031808,-0.91311901,-0.89324259
hard|7|A|-1|hit,hard,7,A,-1,hit,6912,315,6493,104,0.04557292,0.04065616,0.05048968,0.00491676,0.005,ci_target_reached,-0.89380787,-0.9039777,-0.88363804
hard|7|A|-2|double,hard,7,A,-2,double,7680,404,7136,140,0.05260417,0.04761129,0.05759705,0.00499288,0.005,ci_target_reached,-1.753125,-1.77379022,-1.73245978
hard|7|A|-1|double,hard,7,A,-1,double,7680,393,7146,141,0.05117187,0.04624371,0.05610004,0.00492816,0.005,ci_target_reached,-1.75859375,-1.77901882,-1.73816868
hard|7|A|-1|stand,hard,7,A,-1,stand,7680,403,7277,0,0.05247396,0.04748692,0.057461,0.00498704,0.005,ci_target_reached,-0.89505208,-0.90502682,-0.88507735
hard|7|A|+1|stand,hard,7,A,1,stand,6912,313,6599,0,0.04528356,0.0403817,0.05018543,0.00490187,0.005,ci_target_reached,-0.90943287,-0.91923732,-0.89962842
hard|7|A|+1|double,hard,7,A,1,double,6912,316,6568,28,0.04571759,0.04079341,0.05064178,0.00492418,0.005,ci_target_reached,-1.80902778,-1.82891097,-1.78914459
hard|7|A|+2|double,hard,7,A,2,double,6400,269,6106,25,0.04203125,0.03711507,0.04694743,0.00491618,0.005,ci_target_reached,-1.8240625,-1.84392524,-1.80419976
hard|7|A|+2|stand,hard,7,A,2,stand,6912,314,6598,0,0.04542824,0.04051892,0.05033756,0.00490932,0.005,ci_target_reached,-0.90914352,-0.91896287,-0.89932417
hard|7|A|+3|stand,hard,7,A,3,stand,6912,318,6594,0,0.04600694,0.04106795,0.05094594,0.00493899,0.005,ci_target_reached,-0.90798611,-0.91786481,-0.89810741
hard|7|A|+3|double,hard,7,A,3,double,7168,341,6803,24,0.04757254,0.04264477,0.05250032,0.00492778,0.005,ci_target_reached,-1.80301339,-1.82287217,-1.78315462
hard|7|A|+4|stand,hard,7,A,4,stand,7168,345,6823,0,0.04813058,0.04317544,0.05308572,0.00495514,0.005,ci_target_reached,-0.90373884,-0.91364982,-0.89382786
hard|7|A|+4|double,hard,7,A,4,double,7168,340,6798,30,0.04743304,0.04251213,0.05235394,0.00492091,0.005,ci_target_reached,-1.80189732,-1.82176521,-1.78202944
hard|7|A|+5|stand,hard,7,A,5,stand,6400,276,6124,0,0.043125,0.03814811,0.04810189,0.00497689,0.005,ci_target_reached,-0.91375,-0.92370456,-0.90379544
hard|7|A|+5|double,hard,7,A,5,double,7680,396,7258,26,0.0515625,0.04661658,0.05650842,0.00494592,0.005,ci_target_reached,-1.78697917,-1.80689898,-1.76705936
hard|7|A|+6|stand,hard,7,A,6,stand,6656,292,6364,0,0.04387019,0.03894988,0.0487905,0.00492031,0.005,ci_target_reached,-0.91225962,-0.92210098,-0.90241825
hard|7|A|+6|double,hard,7,A,6,double,7424,357,7051,16,0.04808728,0.0432204,0.05295417,0.00486688,0.005,ci_target_reached,-1.80334052,-1.82290143,-1.7837796
hard|7|A|+7|stand,hard,7,A,7,stand,7424,360,7064,0,0.04849138,0.04360513,0.05337763,0.00488625,0.005,ci_target_reached,-0.90301724,-0.9127904,-0.89324408
hard|7|A|+1|hit,hard,7,A,1,hit,32000,9393,18459,4148,0.29353125,0.28854178,0.29852072,0.00498947,0.005,ci_target_reached,-0.2833125,-0.29305188,-0.27357312
hard|7|A|+7|double,hard,7,A,7,double,6656,297,6337,22,0.04462139,0.03966109,0.0495817,0.00496031,0.005,ci_target_reached,-1.81490385,-1.8349033,-1.79490439
hard|7|A|+2|hit,hard,7,A,2,hit,33024,10303,18193,4528,0.31198522,0.30698825,0.3169822,0.00499697,0.005,ci_target_reached,-0.23891715,-0.24859911,-0.2292352
hard|7|A|+3|hit,hard,7,A,3,hit,33280,10504,18185,4591,0.315625,0.31063159,0.32061841,0.00499341,0.005,ci_target_reached,-0.23079928,-0.24046171,-0.22113685
hard|7|A|+8|stand,hard,7,A,8,stand,6656,300,6356,0,0.04507212,0.04008799,0.05005624,0.00498412,0.005,ci_target_reached,-0.90985577,-0.91982476,-0.89988678
hard|7|A|+4|hit,hard,7,A,4,hit,33024,10324,18184,4516,0.31262112,0.30762137,0.31762088,0.00499975,0.005,ci_target_reached,-0.23800872,-0.24769546,-0.22832198
hard|7|A|+8|double,hard,7,A,8,double,7168,349,6786,33,0.04868862,0.04370629,0.05367094,0.00498233,0.005,ci_target_reached,-1.79603795,-1.81616592,-1.77590997
hard|7|A|+5|hit,hard,7,A,5,hit,33536,10754,18200,4582,0.32067032,0.31567493,0.32566572,0.0049954,0.005,ci_target_reached,-0.22203006,-0.23168698,-0.21237314
hard|7|A|+9|stand,hard,7,A,9,stand,6400,276,6124,0,0.043125,0.03814811,0.04810189,0.00497689,0.005,ci_target_reached,-0.91375,-0.92370456,-0.90379544
hard|7|A|+9|double,hard,7,A,9,double,6912,325,6554,33,0.04701968,0.04202927,0.05201008,0.00499041,0.005,ci_target_reached,-1.80237269,-1.82254922,-1.78219615
hard|7|A|+10|stand,hard,7,A,10,stand,6912,314,6598,0,0.04542824,0.04051892,0.05033756,0.00490932,0.005,ci_target_reached,-0.90914352,-0.91896287,-0.89932417
hard|7|A|+6|hit,hard,7,A,6,hit,33280,10553,18097,4630,0.31709736,0.3120977,0.32209701,0.00499966,0.005,ci_target_reached,-0.22668269,-0.23634937,-0.21701601
hard|7|A|+10|double,hard,7,A,10,double,7424,361,7039,24,0.04862608,0.04373339,0.05351876,0.00489269,0.005,ci_target_reached,-1.79903017,-1.81873891,-1.77932143
hard|7|A|+7|hit,hard,7,A,7,hit,33280,10489,18122,4669,0.31517428,0.31018279,0.32016576,0.00499149,0.005,ci_target_reached,-0.22935697,-0.23900936,-0.21970458
hard|7|A|+8|hit,hard,7,A,8,hit,33536,10634,18313,4589,0.31709208,0.31211157,0.32207259,0.00498051,0.005,ci_target_reached,-0.22897781,-0.23861489,-0.21934074
hard|7|A|+9|hit,hard,7,A,9,hit,33024,10183,18224,4617,0.3083515,0.30337061,0.31333239,0.00498089,0.005,ci_target_reached,-0.24348958,-0.25314205,-0.23383711
hard|7|A|+10|hit,hard,7,A,10,hit,33280,10426,18264,4590,0.31328125,0.3082979,0.3182646,0.00498335,0.005,ci_target_reached,-0.23551683,-0.24516629,-0.22586737
hard|7|2|-10|hit,hard,7,2,-10,hit,36864,14470,21465,929,0.39252387,0.38753902,0.39750873,0.00498485,0.005,ci_target_reached,-0.18975152,-0.19964265,-0.17986039
hard|7|2|-10|stand,hard,7,2,-10,stand,36608,14133,22475,0,0.38606316,0.38107593,0.39105038,0.00498723,0.005,ci_target_reached,-0.22787369,-0.23784828,-0.2178991
hard|7|2|-10|double,hard,7,2,-10,double,36608,14242,21403,963,0.38904065,0.38404638,0.39403491,0.00499427,0.005,ci_target_reached,-0.39122596,-0.41104167,-0.37141025
hard|7|2|-9|hit,hard,7,2,-9,hit,36864,14572,21275,1017,0.3952908,0.39029981,0.40028179,0.00499099,0.005,ci_target_reached,-0.18183051,-0.19172457,-0.17193646
hard|7|2|-9|stand,hard,7,2,-9,stand,36608,14210,22398,0,0.38816652,0.3831743,0.39315874,0.00499222,0.005,ci_target_reached,-0.22366696,-0.23365153,-0.21368238
hard|7|2|-9|double,hard,7,2,-9,double,36864,14622,21329,913,0.39664714,0.3916532,0.40164107,0.00499393,0.005,ci_target_reached,-0.36387804,-0.38369543,-0.34406065
hard|7|2|-8|hit,hard,7,2,-8,hit,36864,14488,21356,1020,0.39301215,0.3880262,0.3979981,0.00498595,0.005,ci_target_reached,-0.18630642,-0.19619137,-0.17642148
hard|7|2|-8|stand,hard,7,2,-8,stand,36608,14116,22492,0,0.38559878,0.38061267,0.39058489,0.00498611,0.005,ci_target_reached,-0.22880245,-0.23877481,-0.21883009
hard|7|2|-8|double,hard,7,2,-8,double,36864,14466,21453,945,0.39241536,0.38743075,0.39739998,0.00498461,0.005,ci_target_reached,-0.37906901,-0.39884756,-0.35929046
hard|7|2|-7|hit,hard,7,2,-7,hit,36608,14260,21307,1041,0.38953234,0.38453693,0.39452775,0.00499541,0.005,ci_target_reached,-0.19249891,-0.20240188,-0.18259594
hard|7|2|-7|stand,hard,7,2,-7,stand,36608,14184,22424,0,0.38745629,0.38246575,0.39244684,0.00499054,0.005,ci_target_reached,-0.22508741,-0.23506864,-0.21510619
hard|7|2|-7|double,hard,7,2,-7,double,36608,14229,21447,932,0.38868553,0.3836921,0.39367897,0.00499344,0.005,ci_target_reached,-0.39434003,-0.41415823,-0.37452184
hard|7|2|-6|hit,hard,7,2,-6,hit,36864,14538,21305,1021,0.39436849,0.38937953,0.39935745,0.00498896,0.005,ci_target_reached,-0.18356662,-0.19345677,-0.17367648
hard|7|2|-6|stand,hard,7,2,-6,stand,36352,13873,22479,0,0.38162962,0.37663575,0.38662349,0.00499387,0.005,ci_target_reached,-0.23674076,-0.24672864,-0.22675288
hard|7|2|-6|double,hard,7,2,-6,double,36608,14321,21366,921,0.39119865,0.3861994,0.39619789,0.00499925,0.005,ci_target_reached,-0.38488855,-0.40472942,-0.36504768
hard|7|2|-5|hit,hard,7,2,-5,hit,36864,14464,21394,1006,0.39236111,0.38737662,0.3973456,0.00498449,0.005,ci_target_reached,-0.18798828,-0.19787191,-0.17810465
hard|7|2|-5|stand,hard,7,2,-5,stand,36608,14288,22320,0,0.3902972,0.38530002,0.39529438,0.00499718,0.005,ci_target_reached,-0.21940559,-0.22940009,-0.2094111
hard|7|2|-5|double,hard,7,2,-5,double,36608,14298,21368,942,0.39057037,0.38557256,0.39556817,0.00499781,0.005,ci_target_reached,-0.38625437,-0.40608638,-0.36642236
hard|7|2|-4|hit,hard,7,2,-4,hit,36864,14431,21420,1013,0.39146593,0.38648346,0.39644839,0.00498247,0.005,ci_target_reached,-0.18958876,-0.1994682,-0.17970932
hard|7|2|-4|stand,hard,7,2,-4,stand,36608,14263,22345,0,0.38961429,0.38461869,0.39460989,0.0049956,0.005,ci_target_reached,-0.22077142,-0.23076275,-0.21078008
hard|7|2|-4|double,hard,7,2,-4,double,36864,14513,21439,912,0.39369032,0.38870286,0.39867778,0.00498746,0.005,ci_target_reached,-0.37575955,-0.39555411,-0.35596499
hard|7|2|-3|hit,hard,7,2,-3,hit,36864,14475,21391,998,0.39265951,0.38767435,0.39764466,0.00498516,0.005,ci_target_reached,-0.18760851,-0.19749403,-0.17772298
hard|7|2|+0|hit,hard,7,2,0,hit,37120,15004,19272,2844,0.40420259,0.39921028,0.40919489,0.0049923,0.005,ci_target_reached,-0.11497845,-0.12468394,-0.10527295
hard|7|2|+0|stand,hard,7,2,0,stand,35328,12505,22823,0,0.35396852,0.34898191,0.35895514,0.00498661,0.005,ci_target_reached,-0.29206295,-0.30203632,-0.28208958
hard|7|2|-3|stand,hard,7,2,-3,stand,36608,14217,22391,0,0.38835774,0.38336507,0.39335041,0.00499267,0.005,ci_target_reached,-0.22328453,-0.23327,-0.21329905
hard|7|2|+0|double,hard,7,2,0,double,35840,13168,20752,1920,0.36741071,0.36241947,0.37240196,0.00499125,0.005,ci_target_reached,-0.42321429,-0.44287627,-0.4035523
hard|7|2|-3|double,hard,7,2,-3,double,36608,14335,21298,975,0.39158108,0.38658096,0.39658119,0.00500012,0.005,ci_target_reached,-0.38040865,-0.40024298,-0.36057432
hard|7|2|-2|hit,hard,7,2,-2,hit,36608,14290,21275,1043,0.39035184,0.38535453,0.39534914,0.0049973,0.005,ci_target_reached,-0.19080529,-0.20071141,-0.18089917
hard|7|2|-2|stand,hard,7,2,-2,stand,36608,14162,22446,0,0.38685533,0.38186621,0.39184445,0.00498912,0.005,ci_target_reached,-0.22628934,-0.23626771,-0.21631096
hard|7|2|-2|double,hard,7,2,-2,double,36608,14206,21429,973,0.38805726,0.38306529,0.39304922,0.00499196,0.005,ci_target_reached,-0.3946132,-0.41441896,-0.37480743
hard|7|2|-1|hit,hard,7,2,-1,hit,36864,14463,21421,980,0.39233398,0.38734956,0.39731841,0.00498443,0.005,ci_target_reached,-0.18874783,-0.19863367,-0.17886199
hard|7|2|-1|stand,hard,7,2,-1,stand,36608,14097,22511,0,0.38507976,0.38009491,0.39006462,0.00498486,0.005,ci_target_reached,-0.22984047,-0.23981032,-0.21987062
hard|7|2|+1|stand,hard,7,2,1,stand,33536,10686,22850,0,0.31864265,0.31365565,0.32362966,0.00498701,0.005,ci_target_reached,-0.36271469,-0.37268885,-0.35274053
hard|7|2|-1|double,hard,7,2,-1,double,36608,14255,21395,958,0.38939576,0.38440067,0.39439085,0.00499509,0.005,ci_target_reached,-0.39007867,-0.4098982,-0.37025914
hard|7|2|+1|hit,hard,7,2,1,hit,35072,12278,21630,1164,0.35007984,0.34508767,0.35507201,0.00499217,0.005,ci_target_reached,-0.26665146,-0.27655671,-0.25674621
hard|7|2|+1|double,hard,7,2,1,double,34048,11124,22314,610,0.32671523,0.32173333,0.33169712,0.00498189,0.005,ci_target_reached,-0.65730733,-0.67716919,-0.63744547
hard|7|2|+2|stand,hard,7,2,2,stand,29184,7434,21750,0,0.25472862,0.24972966,0.25972758,0.00499896,0.005,ci_target_reached,-0.49054276,-0.50054086,-0.48054467
hard|7|2|+2|hit,hard,7,2,2,hit,32768,9987,21432,1349,0.30477905,0.29979497,0.30976313,0.00498408,0.005,ci_target_reached,-0.34927368,-0.35917878,-0.33936858
hard|7|2|+2|double,hard,7,2,2,double,29184,7356,21632,196,0.25205592,0.24707435,0.2570375,0.00498158,0.005,ci_target_reached,-0.9783443,-0.99826961,-0.95841898
hard|7|2|+3|stand,hard,7,2,3,stand,27648,6467,21181,0,0.2339048,0.22891498,0.23889463,0.00498982,0.005,ci_target_reached,-0.53219039,-0.54217022,-0.52221057
hard|7|2|+3|double,hard,7,2,3,double,27648,6421,21086,141,0.23224103,0.22726359,0.23721847,0.00497744,0.005,ci_target_reached,-1.06083623,-1.08075104,-1.04092141
hard|7|2|+4|stand,hard,7,2,4,stand,27648,6449,21199,0,0.23325376,0.22826877,0.23823875,0.00498499,0.005,ci_target_reached,-0.53349248,-0.54346264,-0.52352231
hard|7|2|+3|hit,hard,7,2,3,hit,32256,9590,21224,1442,0.29730903,0.29232091,0.30229715,0.00498812,0.005,ci_target_reached,-0.36067708,-0.37059086,-0.35076331
hard|7|2|+4|double,hard,7,2,4,double,27648,6435,21120,93,0.2327474,0.22776617,0.23772862,0.00498122,0.005,ci_target_reached,-1.06228299,-1.08221131,-1.04235466
hard|7|2|+4|hit,hard,7,2,4,hit,32000,9435,21192,1373,0.29484375,0.28984778,0.29983972,0.00499597,0.005,ci_target_reached,-0.36740625,-0.37734088,-0.35747162
hard|7|2|+5|stand,hard,7,2,5,stand,27648,6456,21192,0,0.23350694,0.22852007,0.23849382,0.00498687,0.005,ci_target_reached,-0.53298611,-0.54296004,-0.52301219
hard|7|2|+5|hit,hard,7,2,5,hit,32000,9456,21145,1399,0.2955,0.2905008,0.3004992,0.0049992,0.005,ci_target_reached,-0.36528125,-0.37522038,-0.35534212
hard|7|2|+5|double,hard,7,2,5,double,27136,6212,20829,95,0.22892099,0.22392208,0.2339199,0.00499891,0.005,ci_target_reached,-1.07731427,-1.09731429,-1.05731425
hard|7|2|+6|stand,hard,7,2,6,stand,27392,6340,21052,0,0.23145444,0.22645971,0.23644917,0.00499473,0.005,ci_target_reached,-0.53709112,-0.54708076,-0.52710148
hard|7|2|+6|double,hard,7,2,6,double,27648,6416,21127,105,0.23206019,0.2270841,0.23703627,0.00497609,0.005,ci_target_reached,-1.06416377,-1.08407209,-1.04425545
hard|7|2|+6|hit,hard,7,2,6,hit,32000,9419,21133,1448,0.29434375,0.28935025,0.29933725,0.0049935,0.005,ci_target_reached,-0.3660625,-0.37598892,-0.35613608
hard|7|2|+7|stand,hard,7,2,7,stand,27392,6287,21105,0,0.22951957,0.2245395,0.23449963,0.00498006,0.005,ci_target_reached,-0.54096086,-0.55092117,-0.53100056
hard|7|2|+7|double,hard,7,2,7,double,27648,6476,21063,109,0.23423032,0.22923809,0.23922256,0.00499223,0.005,ci_target_reached,-1.05519387,-1.0751664,-1.03522133
hard|7|2|+7|hit,hard,7,2,7,hit,32256,9616,21206,1434,0.29811508,0.29312307,0.30310709,0.00499201,0.005,ci_target_reached,-0.359313,-0.36923416,-0.34939183
hard|7|2|+8|stand,hard,7,2,8,stand,27648,6504,21144,0,0.23524306,0.23024335,0.24024276,0.0049997,0.005,ci_target_reached,-0.52951389,-0.53951348,-0.5195143
hard|7|2|+8|double,hard,7,2,8,double,27136,6207,20838,91,0.22873673,0.22373924,0.23373423,0.0049975,0.005,ci_target_reached,-1.07834611,-1.09834034,-1.05835188
hard|7|2|+8|hit,hard,7,2,8,hit,32256,9573,21283,1400,0.29678199,0.29179643,0.30176756,0.00498557,0.005,ci_target_reached,-0.36303323,-0.37294459,-0.35312188
hard|7|2|+9|stand,hard,7,2,9,stand,27392,6292,21100,0,0.2297021,0.22472065,0.23468356,0.00498145,0.005,ci_target_reached,-0.54059579,-0.55055888,-0.53063271
hard|7|2|+9|double,hard,7,2,9,double,27392,6345,20935,112,0.23163697,0.22664087,0.23663308,0.0049961,0.005,ci_target_reached,-1.06527453,-1.08526329,-1.04528578
hard|7|2|+9|hit,hard,7,2,9,hit,32000,9408,21255,1337,0.294,0.2890082,0.2989918,0.0049918,0.005,ci_target_reached,-0.37021875,-0.38014765,-0.36028985
hard|7|2|+10|stand,hard,7,2,10,stand,27392,6350,21042,0,0.23181951,0.22682203,0.23681699,0.00499748,0.005,ci_target_reached,-0.53636098,-0.54635612,-0.52636584
hard|7|2|+10|double,hard,7,2,10,double,27136,6157,20887,92,0.22689416,0.22191089,0.23187743,0.00498327,0.005,ci_target_reached,-1.08564269,-1.10558042,-1.06570496
hard|7|2|+10|hit,hard,7,2,10,hit,32256,9565,21289,1402,0.29653398,0.29154962,0.30151834,0.00498436,0.005,ci_target_reached,-0.36346726,-0.37337635,-0.35355818
hard|7|3|-10|hit,hard,7,3,-10,hit,38400,20463,17325,612,0.53289062,0.52790042,0.53788083,0.00499021,0.005,ci_target_reached,0.08171875,0.07183029,0.09160721
hard|7|3|-10|stand,hard,7,3,-10,stand,38400,20405,17995,0,0.53138021,0.52638903,0.53637139,0.00499118,0.005,ci_target_reached,0.06276042,0.05277792,0.07274291
hard|7|3|-10|double,hard,7,3,-10,double,38400,20436,17306,658,0.5321875,0.52719683,0.53717817,0.00499067,0.005,ci_target_reached,0.16302083,0.14325568,0.18278598
hard|7|3|-9|hit,hard,7,3,-9,hit,38400,20673,17145,582,0.53835937,0.53337307,0.54334568,0.0049863,0.005,ci_target_reached,0.091875,0.0819915,0.1017585
hard|7|3|-9|stand,hard,7,3,-9,stand,38400,20269,18131,0,0.52783854,0.52284526,0.53283183,0.00499328,0.005,ci_target_reached,0.05567708,0.04569039,0.06566378
hard|7|3|-9|double,hard,7,3,-9,double,38400,20379,17468,553,0.53070313,0.52571152,0.53569473,0.0049916,0.005,ci_target_reached,0.15161458,0.1318127,0.17141646
hard|7|3|-8|stand,hard,7,3,-8,stand,38400,20207,18193,0,0.52622396,0.5212298,0.53121812,0.00499416,0.005,ci_target_reached,0.05244792,0.04245947,0.06243636
hard|7|3|-8|hit,hard,7,3,-8,hit,38400,20572,17207,621,0.53572917,0.53074091,0.54071742,0.00498826,0.005,ci_target_reached,0.08763021,0.077748,0.09751242
hard|7|3|-8|double,hard,7,3,-8,double,38400,20354,17414,632,0.53005208,0.52506008,0.53504408,0.004992,0.005,ci_target_reached,0.153125,0.13334508,0.17290492
hard|7|3|-7|hit,hard,7,3,-7,hit,38400,20519,17259,622,0.53434896,0.52935973,0.53933818,0.00498923,0.005,ci_target_reached,0.08489583,0.07501137,0.0947803
hard|7|3|-7|stand,hard,7,3,-7,stand,38400,20606,17794,0,0.53661458,0.53162697,0.5416022,0.00498761,0.005,ci_target_reached,0.07322917,0.06325381,0.08320453
hard|7|3|-7|double,hard,7,3,-7,double,38400,20521,17248,631,0.53440104,0.52941185,0.53939023,0.00498919,0.005,ci_target_reached,0.17046875,0.15070277,0.19023473
hard|7|3|-6|hit,hard,7,3,-6,hit,38400,20414,17370,616,0.53161458,0.52662355,0.53660562,0.00499103,0.005,ci_target_reached,0.07927083,0.0693809,0.08916076
hard|7|3|-6|stand,hard,7,3,-6,stand,38400,20505,17895,0,0.53398437,0.5289949,0.53897385,0.00498948,0.005,ci_target_reached,0.06796875,0.05798967,0.07794783
hard|7|3|-6|double,hard,7,3,-6,double,38400,20599,17164,637,0.53643229,0.53144454,0.54142004,0.00498775,0.005,ci_target_reached,0.17890625,0.15914931,0.19866319
hard|7|3|-5|hit,hard,7,3,-5,hit,38400,20396,17365,639,0.53114583,0.5261545,0.53613716,0.00499133,0.005,ci_target_reached,0.07893229,0.06904512,0.08881946
hard|7|3|-5|stand,hard,7,3,-5,stand,38400,20317,18083,0,0.52908854,0.52409597,0.53408111,0.00499257,0.005,ci_target_reached,0.05817708,0.04819181,0.06816236
hard|7|3|-5|double,hard,7,3,-5,double,38400,20581,17258,561,0.53596354,0.53097545,0.54095163,0.00498809,0.005,ci_target_reached,0.17307292,0.15329075,0.19285508
hard|7|3|-4|hit,hard,7,3,-4,hit,38400,20539,17252,609,0.53486979,0.52988093,0.53985866,0.00498887,0.005,ci_target_reached,0.08559896,0.07571338,0.09548453
hard|7|3|-4|double,hard,7,3,-4,double,38400,20425,17356,619,0.53190104,0.52691019,0.53689189,0.00499085,0.005,ci_target_reached,0.15984375,0.14006573,0.17962177
hard|7|3|-4|stand,hard,7,3,-4,stand,38400,20405,17995,0,0.53138021,0.52638903,0.53637139,0.00499118,0.005,ci_target_reached,0.06276042,0.05277792,0.07274291
hard|7|3|-3|hit,hard,7,3,-3,hit,38400,20485,17330,585,0.53346354,0.52847371,0.53845337,0.00498983,0.005,ci_target_reached,0.08216146,0.0722698,0.09205311
hard|7|3|-3|stand,hard,7,3,-3,stand,38400,20460,17940,0,0.5328125,0.52782224,0.53780276,0.00499026,0.005,ci_target_reached,0.065625,0.05564435,0.07560565
hard|7|3|+0|hit,hard,7,3,0,hit,37632,16003,18967,2662,0.42524979,0.42025475,0.43024483,0.00499504,0.005,ci_target_reached,-0.07876276,-0.08847004,-0.06905547
hard|7|3|+0|stand,hard,7,3,0,stand,36352,13793,22559,0,0.37942892,0.37444061,0.38441722,0.0049883,0.005,ci_target_reached,-0.24114217,-0.25111891,-0.23116542
hard|7|3|+0|double,hard,7,3,0,double,36608,14217,20521,1870,0.38835774,0.38336507,0.39335041,0.00499267,0.005,ci_target_reached,-0.34440559,-0.36404934,-0.32476185
hard|7|3|-3|double,hard,7,3,-3,double,38400,20604,17130,666,0.5365625,0.53157485,0.54155015,0.00498765,0.005,ci_target_reached,0.1809375,0.16119006,0.20068494
hard|7|3|-2|hit,hard,7,3,-2,hit,38400,20665,17127,608,0.53815104,0.53316458,0.5431375,0.00498646,0.005,ci_target_reached,0.09213542,0.08225559,0.10201524
hard|7|3|-2|stand,hard,7,3,-2,stand,38400,20565,17835,0,0.53554687,0.53055849,0.54053526,0.00498839,0.005,ci_target_reached,0.07109375,0.06111685,0.08107065
hard|7|3|-2|double,hard,7,3,-2,double,38400,20588,17247,565,0.53614583,0.53115788,0.54113379,0.00498796,0.005,ci_target_reached,0.17401042,0.15423013,0.1937907
hard|7|3|-1|hit,hard,7,3,-1,hit,38400,20609,17183,608,0.53669271,0.53170515,0.54168027,0.00498756,0.005,ci_target_reached,0.08921875,0.07933625,0.09910125
hard|7|3|-1|stand,hard,7,3,-1,stand,38400,20443,17957,0,0.53236979,0.52737924,0.53736034,0.00499055,0.005,ci_target_reached,0.06473958,0.05475835,0.07472081
hard|7|3|-1|double,hard,7,3,-1,double,38400,20395,17441,564,0.53111979,0.52612845,0.53611114,0.00499135,0.005,ci_target_reached,0.15385417,0.13405691,0.17365142
hard|7|3|+2|stand,hard,7,3,2,stand,30464,8234,22230,0,0.27028624,0.26529911,0.27527337,0.00498713,0.005,ci_target_reached,-0.45942752,-0.46940195,-0.44945309
hard|7|3|+2|double,hard,7,3,2,double,30720,8379,22172,169,0.27275391,0.26777342,0.27773439,0.00498049,0.005,ci_target_reached,-0.89798177,-0.91789737,-0.87806617
hard|7|3|+2|hit,hard,7,3,2,hit,33792,10967,21537,1288,0.32454427,0.31955216,0.32953639,0.00499211,0.005,ci_target_reached,-0.31279593,-0.32270706,-0.3028848
hard|7|3|+1|stand,hard,7,3,1,stand,37120,15093,22027,0,0.40660022,0.40160321,0.41159722,0.004997,0.005,ci_target_reached,-0.18679957,-0.19679371,-0.17680543
hard|7|3|+1|hit,hard,7,3,1,hit,37888,16699,20171,1018,0.44074641,0.43574717,0.44574565,0.00499924,0.005,ci_target_reached,-0.09163851,-0.10152893,-0.08174809
hard|7|3|+1|double,hard,7,3,1,double,37376,15409,21545,422,0.41226991,0.40727946,0.41726035,0.00499045,0.005,ci_target_reached,-0.32833904,-0.34822417,-0.30845392
hard|7|3|+3|double,hard,7,3,3,double,27392,6309,20980,103,0.23032272,0.22533655,0.23530889,0.00498617,0.005,ci_target_reached,-1.07118867,-1.09113767,-1.05123967
hard|7|3|+3|stand,hard,7,3,3,stand,27904,6569,21335,0,0.23541428,0.23043631,0.24039225,0.00497797,0.005,ci_target_reached,-0.52917144,-0.53912756,-0.51921533
hard|7|3|+3|hit,hard,7,3,3,hit,32000,9349,21302,1349,0.29215625,0.28717363,0.29713887,0.00498262,0.005,ci_target_reached,-0.37353125,-0.38344297,-0.36361953
hard|7|3|+4|stand,hard,7,3,4,stand,27136,6185,20951,0,0.227926,0.22293475,0.23291726,0.00499125,0.005,ci_target_reached,-0.544148,-0.55413068,-0.53416531
hard|7|3|+4|double,hard,7,3,4,double,27136,6191,20844,101,0.22814711,0.22315415,0.23314007,0.00499296,0.005,ci_target_reached,-1.07996757,-1.09994419,-1.05999096
hard|7|3|+5|stand,hard,7,3,5,stand,26624,5899,20725,0,0.22156701,0.21657836,0.22655565,0.00498864,0.005,ci_target_reached,-0.55686599,-0.56684346,-0.54688851
hard|7|3|+4|hit,hard,7,3,4,hit,31488,8983,21217,1288,0.28528328,0.28029572,0.29027085,0.00498757,0.005,ci_target_reached,-0.38852896,-0.39845861,-0.37859931
hard|7|3|+5|double,hard,7,3,5,double,26624,5891,20627,106,0.22126653,0.2162803,0.22625275,0.00498622,0.005,ci_target_reached,-1.10697115,-1.12692281,-1.0870195
hard|7|3|+5|hit,hard,7,3,5,hit,32000,9341,21287,1372,0.29190625,0.28692489,0.29688761,0.00498136,0.005,ci_target_reached,-0.3733125,-0.38322085,-0.36340415
hard|7|3|+6|stand,hard,7,3,6,stand,27136,6158,20978,0,0.22693101,0.22194746,0.23191457,0.00498355,0.005,ci_target_reached,-0.54613797,-0.55610526,-0.53617068
hard|7|3|+6|double,hard,7,3,6,double,27136,6155,20897,84,0.22682046,0.22183776,0.23180316,0.0049827,0.005,ci_target_reached,-1.08652712,-1.10646222,-1.06659203
hard|7|3|+6|hit,hard,7,3,6,hit,31744,9215,21165,1364,0.29029108,0.28529784,0.29528432,0.00499324,0.005,ci_target_reached,-0.37644909,-0.38638244,-0.36651575
hard|7|3|+7|stand,hard,7,3,7,stand,26880,6061,20819,0,0.22548363,0.22048773,0.23047954,0.00499591,0.005,ci_target_reached,-0.54903274,-0.55902474,-0.53904074
hard|7|3|+7|double,hard,7,3,7,double,26880,6059,20709,112,0.22540923,0.2204139,0.23040455,0.00499532,0.005,ci_target_reached,-1.09002976,-1.11001703,-1.07004249
hard|7|3|+8|stand,hard,7,3,8,stand,26624,5902,20722,0,0.22167969,0.21669014,0.22666924,0.00498955,0.005,ci_target_reached,-0.55664062,-0.56661992,-0.54666133
hard|7|3|+7|hit,hard,7,3,7,hit,31744,9207,21161,1376,0.29003906,0.28504711,0.29503102,0.00499196,0.005,ci_target_reached,-0.3765751,-0.38650556,-0.36664464
hard|7|3|+8|double,hard,7,3,8,double,26624,5900,20629,95,0.22160457,0.21661562,0.22659351,0.00498895,0.005,ci_target_reached,-1.10644531,-1.12640715,-1.08648347
hard|7|3|+8|hit,hard,7,3,8,hit,32000,9407,21182,1411,0.29396875,0.28897711,0.29896039,0.00499164,0.005,ci_target_reached,-0.36796875,-0.37789371,-0.35804379
hard|7|3|+9|stand,hard,7,3,9,stand,26624,5897,20727,0,0.22149189,0.21650385,0.22647993,0.00498804,0.005,ci_target_reached,-0.55701623,-0.56699249,-0.54703996
hard|7|3|+9|double,hard,7,3,9,double,26624,5919,20610,95,0.22231821,0.21732353,0.22731289,0.00499468,0.005,ci_target_reached,-1.10359075,-1.12357537,-1.08360612
hard|7|3|+9|hit,hard,7,3,9,hit,31232,8839,20970,1423,0.28301101,0.27801511,0.28800692,0.0049959,0.005,ci_target_reached,-0.38841573,-0.39835776,-0.37847369
hard|7|3|+10|stand,hard,7,3,10,stand,26880,6040,20840,0,0.22470238,0.21971262,0.22969214,0.00498976,0.005,ci_target_reached,-0.55059524,-0.56057494,-0.54061554
hard|7|3|+10|double,hard,7,3,10,double,26880,6017,20771,92,0.22384673,0.21886373,0.22882972,0.004983,0.005,ci_target_reached,-1.09776786,-1.11770518,-1.07783054
hard|7|3|+10|hit,hard,7,3,10,hit,31744,9227,21173,1344,0.2906691,0.28567395,0.29566426,0.00499516,0.005,ci_target_reached,-0.37632308,-0.38626084,-0.36638533
hard|7|4|-10|hit,hard,7,4,-10,hit,32000,22615,9104,281,0.70671875,0.70173052,0.71170698,0.00498823,0.005,ci_target_reached,0.42221875,0.41233959,0.43209791
hard|7|4|-10|stand,hard,7,4,-10,stand,32768,22783,9985,0,0.69528198,0.69029818,0.70026578,0.0049838,0.005,ci_target_reached,0.39056396,0.38059621,0.40053172
hard|7|4|-10|double,hard,7,4,-10,double,32512,22707,9514,291,0.69841905,0.69343027,0.70340782,0.00498878,0.005,ci_target_reached,0.81157726,0.79181384,0.83134069
hard|7|4|-9|hit,hard,7,4,-9,hit,32256,22606,9380,270,0.70083085,0.69583378,0.70582793,0.00499707,0.005,ci_target_reached,0.41003224,0.40012871,0.41993577
hard|7|4|-9|stand,hard,7,4,-9,stand,32256,22710,9546,0,0.70405506,0.69907357,0.70903655,0.00498149,0.005,ci_target_reached,0.40811012,0.39814698,0.41807326
hard|7|4|-9|double,hard,7,4,-9,double,32512,22656,9600,256,0.69685039,0.69185428,0.70184651,0.00499612,0.005,ci_target_reached,0.80314961,0.7833327,0.82296651
hard|7|4|-8|hit,hard,7,4,-8,hit,32256,22645,9357,254,0.70203993,0.69704866,0.7070312,0.00499127,0.005,ci_target_reached,0.41195437,0.40205735,0.42185138
hard|7|4|-8|stand,hard,7,4,-8,stand,32256,22627,9629,0,0.70148189,0.69648794,0.70647585,0.00499395,0.005,ci_target_reached,0.40296379,0.39297573,0.41295185
hard|7|4|-8|double,hard,7,4,-8,double,32256,22632,9353,271,0.7016369,0.6966437,0.70663011,0.00499321,0.005,ci_target_reached,0.82335069,0.80356025,0.84314114
hard|7|4|-7|hit,hard,7,4,-7,hit,32000,22569,9154,277,0.70528125,0.7002859,0.7102766,0.00499535,0.005,ci_target_reached,0.41921875,0.40932351,0.42911399
hard|7|4|-7|stand,hard,7,4,-7,stand,32256,22650,9606,0,0.70219494,0.69720442,0.70718546,0.00499052,0.005,ci_target_reached,0.40438988,0.39440869,0.41437107
hard|7|4|-7|double,hard,7,4,-7,double,32512,22721,9519,272,0.69884966,0.6938629,0.70383641,0.00498675,0.005,ci_target_reached,0.81213091,0.79236318,0.83189863
hard|7|4|-6|hit,hard,7,4,-6,hit,32256,22691,9254,311,0.70346602,0.69848166,0.70845038,0.00498436,0.005,ci_target_reached,0.41657366,0.40671037,0.42643696
hard|7|4|-6|stand,hard,7,4,-6,stand,32512,22758,9754,0,0.6999877,0.69500632,0.70496907,0.00498137,0.005,ci_target_reached,0.39997539,0.3900125,0.40993829
hard|7|4|-6|double,hard,7,4,-6,double,32512,22689,9514,309,0.6978654,0.69287403,0.70285678,0.00499138,0.005,ci_target_reached,0.81046998,0.79070781,0.83023215
hard|7|4|-5|hit,hard,7,4,-5,hit,32256,22626,9335,295,0.70145089,0.69645679,0.70644499,0.0049941,0.005,ci_target_reached,0.41204737,0.40215847,0.42193627
hard|7|4|-5|stand,hard,7,4,-5,stand,32512,22740,9772,0,0.69943406,0.69445006,0.70441805,0.00498399,0.005,ci_target_reached,0.39886811,0.38889997,0.40883625
hard|7|4|-5|double,hard,7,4,-5,double,32256,22709,9262,285,0.70402406,0.69904241,0.7090057,0.00498164,0.005,ci_target_reached,0.83376736,0.81403416,0.85350056
hard|7|4|-4|hit,hard,7,4,-4,hit,32256,22675,9307,274,0.70296999,0.69798322,0.70795676,0.00498677,0.005,ci_target_reached,0.41443452,0.40455359,0.42431546
hard|7|4|-4|stand,hard,7,4,-4,stand,32512,22754,9758,0,0.69986467,0.69488271,0.70484662,0.00498196,0.005,ci_target_reached,0.39972933,0.38976527,0.40969339
hard|7|4|-4|double,hard,7,4,-4,double,32256,22731,9269,256,0.7047061,0.69972779,0.70968441,0.00497831,0.005,ci_target_reached,0.83469742,0.81495805,0.85443679
hard|7|4|-3|hit,hard,7,4,-3,hit,32256,22675,9267,314,0.70296999,0.69798322,0.70795676,0.00498677,0.005,ci_target_reached,0.4156746,0.40580735,0.42554185
hard|7|4|-3|double,hard,7,4,-3,double,32000,22596,9109,295,0.706125,0.70113382,0.71111618,0.00499118,0.005,ci_target_reached,0.8429375,0.82317682,0.86269818
hard|7|4|+0|hit,hard,7,4,0,hit,38144,17019,18729,2396,0.44617764,0.441189,0.45116628,0.00498864,0.005,ci_target_reached,-0.04483012,-0.05453511,-0.03512512
hard|7|4|-3|stand,hard,7,4,-3,stand,32512,22671,9841,0,0.69731176,0.6923178,0.70230573,0.00499397,0.005,ci_target_reached,0.39462352,0.38463544,0.40461161
hard|7|4|+0|stand,hard,7,4,0,stand,36864,14717,22147,0,0.39922418,0.39422476,0.40422359,0.00499942,0.005,ci_target_reached,-0.20155165,-0.21155062,-0.19155268
hard|7|4|+0|double,hard,7,4,0,double,37120,15153,20159,1808,0.40821659,0.40321649,0.4132167,0.0050001,0.005,ci_target_reached,-0.26971983,-0.28937394,-0.25006572
hard|7|4|-2|hit,hard,7,4,-2,hit,32256,22639,9321,296,0.70185392,0.69686176,0.70684608,0.00499216,0.005,ci_target_reached,0.41288442,0.40299987,0.42276898
hard|7|4|-2|stand,hard,7,4,-2,stand,32512,22721,9791,0,0.69884966,0.6938629,0.70383641,0.00498675,0.005,ci_target_reached,0.39769931,0.38772565,0.40767297
hard|7|4|-2|double,hard,7,4,-2,double,32256,22698,9287,271,0.70368304,0.69869973,0.70866634,0.00498331,0.005,ci_target_reached,0.83153522,0.81178557,0.85128487
hard|7|4|-1|hit,hard,7,4,-1,hit,32000,22562,9141,297,0.7050625,0.70006607,0.71005893,0.00499643,0.005,ci_target_reached,0.41940625,0.40951576,0.42929674
hard|7|4|-1|stand,hard,7,4,-1,stand,32256,22676,9580,0,0.70300099,0.69801437,0.70798761,0.00498662,0.005,ci_target_reached,0.40600198,0.39602859,0.41597538
hard|7|4|-1|double,hard,7,4,-1,double,32256,22616,9344,296,0.70114087,0.69614528,0.70613646,0.00499559,0.005,ci_target_reached,0.82291667,0.8031334,0.84269994
hard|7|4|+1|hit,hard,7,4,1,hit,38400,20239,17512,649,0.52705729,0.52206358,0.53205101,0.00499371,0.005,ci_target_reached,0.07101562,0.06112377,0.08090748
hard|7|4|+1|double,hard,7,4,1,double,38400,19703,18456,241,0.51309896,0.50809963,0.51809828,0.00499933,0.005,ci_target_reached,0.06494792,0.04501695,0.08487889
hard|7|4|+1|stand,hard,7,4,1,stand,38400,19824,18576,0,0.51625,0.5112516,0.5212484,0.0049984,0.005,ci_target_reached,0.0325,0.02250307,0.04249693
hard|7|4|+2|hit,hard,7,4,2,hit,34048,11147,22027,874,0.32739074,0.3224062,0.33237528,0.00498454,0.005,ci_target_reached,-0.31954887,-0.32946928,-0.30962847
hard|7|4|+2|stand,hard,7,4,2,stand,32512,9878,22634,0,0.30382628,0.29882702,0.30882554,0.00499926,0.005,ci_target_reached,-0.39234744,-0.40234611,-0.38234877
hard|7|4|+2|double,hard,7,4,2,double,32256,9650,22469,137,0.29916915,0.29417207,0.30416622,0.00499707,0.005,ci_target_reached,-0.79482887,-0.8148073,-0.77485043
hard|7|4|+3|hit,hard,7,4,3,hit,30464,8259,21340,865,0.27110688,0.26611499,0.27609877,0.00499189,0.005,ci_target_reached,-0.42939207,-0.43935576,-0.41942838
hard|7|4|+3|stand,hard,7,4,3,stand,27904,6574,21330,0,0.23559346,0.23061418,0.24057274,0.00497928,0.005,ci_target_reached,-0.52881307,-0.53877181,-0.51885433
hard|7|4|+3|double,hard,7,4,3,double,28416,6948,21356,112,0.24451014,0.23951281,0.24950746,0.00499732,0.005,ci_target_reached,-1.01407658,-1.03406718,-0.99408598
hard|7|4|+4|double,hard,7,4,4,double,26880,6056,20710,114,0.22529762,0.22030317,0.23029206,0.00499444,0.005,ci_target_reached,-1.09032738,-1.11031127,-1.07034349
hard|7|4|+4|stand,hard,7,4,4,stand,27136,6190,20946,0,0.22811026,0.22311759,0.23310293,0.00499267,0.005,ci_target_reached,-0.54377948,-0.55376501,-0.53379395
hard|7|4|+5|stand,hard,7,4,5,stand,27136,6156,20980,0,0.22685731,0.22187433,0.23184029,0.00498298,0.005,ci_target_reached,-0.54628538,-0.55625153,-0.53631923
hard|7|4|+4|hit,hard,7,4,4,hit,29952,7849,21256,847,0.26205262,0.25707238,0.26703286,0.00498024,0.005,ci_target_reached,-0.44761619,-0.45756289,-0.43766948
hard|7|4|+5|double,hard,7,4,5,double,27136,6210,20829,97,0.22884729,0.22384894,0.23384563,0.00499835,0.005,ci_target_reached,-1.07746167,-1.09745953,-1.05746382
hard|7|4|+5|hit,hard,7,4,5,hit,29440,7556,20961,923,0.25665761,0.25166809,0.26164713,0.00498952,0.005,ci_target_reached,-0.45533288,-0.4653002,-0.44536557
hard|7|4|+6|stand,hard,7,4,6,stand,27136,6133,21003,0,0.22600973,0.22103334,0.23098612,0.00497639,0.005,ci_target_reached,-0.54798054,-0.55793351,-0.53802758
hard|7|4|+6|hit,hard,7,4,6,hit,29440,7509,21105,826,0.25506114,0.25008183,0.26004046,0.00497932,0.005,ci_target_reached,-0.46182065,-0.47177057,-0.45187074
hard|7|4|+6|double,hard,7,4,6,double,27392,6276,21023,93,0.22911799,0.22414099,0.23409499,0.004977,0.005,ci_target_reached,-1.07673773,-1.09664993,-1.05682553
hard|7|4|+7|stand,hard,7,4,7,stand,26880,6052,20828,0,0.22514881,0.22015554,0.23014208,0.00499327,0.005,ci_target_reached,-0.54970238,-0.55968912,-0.53971565
hard|7|4|+7|double,hard,7,4,7,double,27136,6174,20863,99,0.22752064,0.22253252,0.23250876,0.00498812,0.005,ci_target_reached,-1.08262087,-1.10257819,-1.06266355
hard|7|4|+7|hit,hard,7,4,7,hit,29440,7552,21020,868,0.25652174,0.25153309,0.26151039,0.00498865,0.005,ci_target_reached,-0.45747283,-0.46743958,-0.44750607
hard|7|4|+8|stand,hard,7,4,8,stand,27392,6278,21114,0,0.229191,0.22421345,0.23416856,0.00497756,0.005,ci_target_reached,-0.54161799,-0.55157329,-0.53166269
hard|7|4|+8|double,hard,7,4,8,double,27392,6277,21021,94,0.2291545,0.22417722,0.23413178,0.00497728,0.005,ci_target_reached,-1.07651869,-1.09643204,-1.05660534
hard|7|4|+8|hit,hard,7,4,8,hit,29696,7705,21158,833,0.25946255,0.25447695,0.26444816,0.00498561,0.005,ci_target_reached,-0.45302398,-0.46298336,-0.4430646
hard|7|4|+9|stand,hard,7,4,9,stand,26880,6042,20838,0,0.22477679,0.21978644,0.22976713,0.00499034,0.005,ci_target_reached,-0.55044643,-0.5604273,-0.54046555
hard|7|4|+9|hit,hard,7,4,9,hit,29696,7721,21215,760,0.26000135,0.25501238,0.26499031,0.00498896,0.005,ci_target_reached,-0.45440463,-0.46437184,-0.44443743
hard|7|4|+9|double,hard,7,4,9,double,27392,6285,21008,99,0.22944655,0.22446705,0.23442606,0.00497951,0.005,ci_target_reached,-1.0749854,-1.09490779,-1.05506301
hard|7|5|-10|hit,hard,7,5,-10,hit,21248,17771,3054,423,0.83636107,0.83138671,0.84133543,0.00497436,0.005,ci_target_reached,0.69262989,0.68311844,0.70214135
hard|7|5|-10|stand,hard,7,5,-10,stand,21504,17892,3612,0,0.83203125,0.82703458,0.83702792,0.00499667,0.005,ci_target_reached,0.6640625,0.65406893,0.67405607
hard|7|5|-10|double,hard,7,5,-10,double,20736,17450,2913,373,0.84153164,0.83656114,0.84650214,0.0049705,0.005,ci_target_reached,1.40210262,1.38303613,1.42116912
hard|7|4|+10|stand,hard,7,4,10,stand,27136,6178,20958,0,0.22766804,0.22267878,0.2326573,0.00498926,0.005,ci_target_reached,-0.54466392,-0.55464262,-0.53468521
hard|7|4|+10|double,hard,7,4,10,double,27136,6215,20832,89,0.22903154,0.22403179,0.2340313,0.00499976,0.005,ci_target_reached,-1.07731427,-1.09731742,-1.05731112
hard|7|5|-9|hit,hard,7,5,-9,hit,20992,17599,2960,433,0.838367,0.8333872,0.84334679,0.00497979,0.005,ci_target_reached,0.6973609,0.68786164,0.70686016
hard|7|4|+10|hit,hard,7,4,10,hit,29952,7862,21243,847,0.26248665,0.25750375,0.26746954,0.00498289,0.005,ci_target_reached,-0.44674813,-0.45669984,-0.43679642
hard|7|5|-9|stand,hard,7,5,-9,stand,21248,17742,3506,0,0.83499623,0.83000525,0.83998722,0.00499098,0.005,ci_target_reached,0.66999247,0.66001027,0.67997467
hard|7|5|-9|double,hard,7,5,-9,double,21248,17756,3096,396,0.83565512,0.83067215,0.8406381,0.00498297,0.005,ci_target_reached,1.37989458,1.36077725,1.39901191
hard|7|5|-8|hit,hard,7,5,-8,hit,20480,17238,2840,402,0.84169922,0.8366999,0.84669854,0.00499932,0.005,ci_target_reached,0.70302734,0.69347797,0.71257672
hard|7|5|-8|stand,hard,7,5,-8,stand,21504,17897,3607,0,0.83226376,0.82726986,0.83725767,0.00499391,0.005,ci_target_reached,0.66452753,0.65453949,0.67451557
hard|7|5|-8|double,hard,7,5,-8,double,20736,17448,2919,369,0.84143519,0.83646346,0.84640691,0.00497173,0.005,ci_target_reached,1.40133102,1.38225027,1.42041177
hard|7|5|-7|hit,hard,7,5,-7,hit,20992,17568,3011,413,0.83689024,0.83189216,0.84188833,0.00499808,0.005,ci_target_reached,0.69345465,0.68389407,0.70301522
hard|7|5|-7|double,hard,7,5,-7,double,20480,17289,2836,355,0.84418945,0.83922228,0.84915663,0.00496718,0.005,ci_target_reached,1.41142578,1.39235628,1.43049528
hard|7|5|-7|stand,hard,7,5,-7,stand,21248,17774,3474,0,0.83650226,0.83152963,0.84147489,0.00497263,0.005,ci_target_reached,0.67300452,0.66305902,0.68295002
hard|7|5|-6|hit,hard,7,5,-6,hit,20736,17444,2889,403,0.84124228,0.8362681,0.84621646,0.00497418,0.005,ci_target_reached,0.70191937,0.69241205,0.71142669
hard|7|5|-6|stand,hard,7,5,-6,stand,21504,17928,3576,0,0.83370536,0.82872865,0.83868206,0.0049767,0.005,ci_target_reached,0.66741071,0.65745707,0.67736436
hard|7|5|-6|double,hard,7,5,-6,double,20480,17258,2834,388,0.84267578,0.83768901,0.84766255,0.00498677,0.005,ci_target_reached,1.40859375,1.38951668,1.42767082
hard|7|5|-5|hit,hard,7,5,-5,hit,20480,17263,2819,398,0.84291992,0.8379363,0.84790354,0.00498362,0.005,ci_target_reached,0.70527344,0.69575325,0.71479362
hard|7|5|-5|stand,hard,7,5,-5,stand,20992,17573,3419,0,0.83712843,0.83213329,0.84212357,0.00499514,0.005,ci_target_reached,0.67425686,0.66426634,0.68424738
hard|7|5|-5|double,hard,7,5,-5,double,20992,17607,2989,396,0.83874809,0.83377305,0.84372314,0.00497505,0.005,ci_target_reached,1.39272104,1.37366179,1.41178028
hard|7|5|-4|hit,hard,7,5,-4,hit,20736,17409,2929,398,0.8395544,0.83455886,0.84454993,0.00499553,0.005,ci_target_reached,0.69830247,0.68874359,0.70786134
hard|7|5|-4|stand,hard,7,5,-4,stand,21248,17737,3511,0,0.83476092,0.82976708,0.83975476,0.00499384,0.005,ci_target_reached,0.66952184,0.65953393,0.67950975
hard|7|5|-4|double,hard,7,5,-4,double,20736,17416,2927,393,0.83989198,0.8349007,0.84488325,0.00499128,0.005,ci_target_reached,1.39747299,1.37836232,1.41658366
hard|7|5|-3|hit,hard,7,5,-3,hit,21504,17930,3121,453,0.83379836,0.82882277,0.83877395,0.00497559,0.005,ci_target_reached,0.68866257,0.67916716,0.69815798
hard|7|5|+0|hit,hard,7,5,0,hit,38400,17981,18156,2263,0.46825521,0.46326426,0.47324616,0.00499095,0.005,ci_target_reached,-0.00455729,-0.0142602,0.00514561
hard|7|5|+0|stand,hard,7,5,0,stand,37632,15946,21686,0,0.42373512,0.41874242,0.42872782,0.0049927,0.005,ci_target_reached,-0.15252976,-0.1625153,-0.14254422
hard|7|5|-3|stand,hard,7,5,-3,stand,20992,17566,3426,0,0.83679497,0.83179571,0.84179423,0.00499926,0.005,ci_target_reached,0.67358994,0.66359119,0.68358869
hard|7|5|+0|double,hard,7,5,0,double,37888,16363,19757,1768,0.43187817,0.4268904,0.43686594,0.00498777,0.005,ci_target_reached,-0.17915963,-0.19874034,-0.15957892
hard|7|5|-3|double,hard,7,5,-3,double,20480,17244,2859,377,0.84199219,0.83699662,0.84698775,0.00499556,0.005,ci_target_reached,1.40478516,1.38564494,1.42392537
hard|7|5|-2|hit,hard,7,5,-2,hit,20736,17406,2876,454,0.83940972,0.83441237,0.84440708,0.00499735,0.005,ci_target_reached,0.70071373,0.69121391,0.71021356
hard|7|5|-2|double,hard,7,5,-2,double,20992,17575,3010,407,0.8372237,0.83222974,0.84221767,0.00499397,0.005,ci_target_reached,1.38767149,1.36855499,1.40678799
hard|7|5|-2|stand,hard,7,5,-2,stand,21504,17934,3570,0,0.83398438,0.82901102,0.83895773,0.00497336,0.005,ci_target_reached,0.66796875,0.6580218,0.6779157
hard|7|5|-1|hit,hard,7,5,-1,hit,20480,17253,2831,396,0.84243164,0.83744173,0.84742155,0.00498991,0.005,ci_target_reached,0.70419922,0.69466317,0.71373527
hard|7|5|-1|double,hard,7,5,-1,double,20736,17413,2965,358,0.8397473,0.8347542,0.8447404,0.0049931,0.005,ci_target_reached,1.39351852,1.37432182,1.41271522
hard|7|5|-1|stand,hard,7,5,-1,stand,20992,17602,3390,0,0.83850991,0.83353189,0.84348792,0.00497802,0.005,ci_target_reached,0.67701982,0.66706355,0.68697608
hard|7|5|+1|hit,hard,7,5,1,hit,36352,22464,13071,817,0.61795775,0.61296284,0.62295265,0.0049949,0.005,ci_target_reached,0.25839018,0.24857949,0.26820088
hard|7|5|+1|stand,hard,7,5,1,stand,37120,22269,14851,0,0.59991918,0.59493525,0.60490312,0.00498393,0.005,ci_target_reached,0.19983836,0.18987036,0.20980637
hard|7|5|+1|double,hard,7,5,1,double,36864,22313,14098,453,0.60527886,0.60028912,0.6102686,0.00498974,0.005,ci_target_reached,0.44569227,0.42591784,0.46546671
hard|7|5|+3|double,hard,7,5,3,double,29184,7389,21691,104,0.25318668,0.24819772,0.25817564,0.00498896,0.005,ci_target_reached,-0.9801261,-1.00008152,-0.96017068
hard|7|5|+3|stand,hard,7,5,3,stand,29184,7365,21819,0,0.25236431,0.24738072,0.2573479,0.00498359,0.005,ci_target_reached,-0.49527138,-0.50523874,-0.48530402
hard|7|5|+3|hit,hard,7,5,3,hit,31232,8809,21574,849,0.28205046,0.2770597,0.28704122,0.00499076,0.005,ci_target_reached,-0.40871542,-0.41867104,-0.3987598
hard|7|5|+2|hit,hard,7,5,2,hit,35584,12817,21826,941,0.36018997,0.35520205,0.3651779,0.00498793,0.005,ci_target_reached,-0.25317558,-0.2630845,-0.24326667
hard|7|5|+2|stand,hard,7,5,2,stand,33792,11002,22790,0,0.32558002,0.32058378,0.33057626,0.00499624,0.005,ci_target_reached,-0.34883996,-0.35883259,-0.33884734
hard|7|5|+2|double,hard,7,5,2,double,34048,11266,22613,169,0.33088581,0.32588777,0.33588385,0.00499804,0.005,ci_target_reached,-0.66652961,-0.68650363,-0.64655558
hard|7|5|+4|stand,hard,7,5,4,stand,27904,6627,21277,0,0.23749283,0.23249973,0.24248593,0.0049931,0.005,ci_target_reached,-0.52501433,-0.53500071,-0.51502796
hard|7|5|+4|double,hard,7,5,4,double,28160,6755,21296,109,0.23987926,0.23489182,0.2448667,0.00498744,0.005,ci_target_reached,-1.03274148,-1.05269352,-1.01278944
hard|7|5|+4|hit,hard,7,5,4,hit,30464,8290,21315,859,0.27212447,0.26712672,0.27712223,0.00499776,0.005,ci_target_reached,-0.42755383,-0.43752873,-0.41757894
hard|7|5|+5|stand,hard,7,5,5,stand,27904,6607,21297,0,0.23677609,0.23178819,0.24176399,0.0049879,0.005,ci_target_reached,-0.52644782,-0.5364238,-0.51647184
hard|7|5|+5|double,hard,7,5,5,double,28160,6710,21366,84,0.23828125,0.23330523,0.24325727,0.00497602,0.005,ci_target_reached,-1.04090909,-1.06081531,-1.02100287
hard|7|5|+5|hit,hard,7,5,5,hit,30464,8190,21392,882,0.26884191,0.2638632,0.27382062,0.00497871,0.005,ci_target_reached,-0.43336397,-0.44330241,-0.42342553
hard|7|5|+6|stand,hard,7,5,6,stand,28160,6802,21358,0,0.2415483,0.23654904,0.24654756,0.00499926,0.005,ci_target_reached,-0.51690341,-0.52690211,-0.50690471
hard|7|5|+6|double,hard,7,5,6,double,27904,6626,21180,98,0.237457,0.23246416,0.24244983,0.00499284,0.005,ci_target_reached,-1.04314794,-1.06312191,-1.02317397
hard|7|5|+6|hit,hard,7,5,6,hit,30464,8219,21362,883,0.26979386,0.26480959,0.27477812,0.00498427,0.005,ci_target_reached,-0.43142726,-0.44137611,-0.42147841
hard|7|5|+7|stand,hard,7,5,7,stand,27904,6617,21287,0,0.23713446,0.23214396,0.24212496,0.0049905,0.005,ci_target_reached,-0.52573108,-0.53571226,-0.5157499
hard|7|5|+7|double,hard,7,5,7,double,28160,6784,21289,87,0.24090909,0.23591435,0.24590383,0.00499474,0.005,ci_target_reached,-1.03018466,-1.05016539,-1.01020392
hard|7|5|+7|hit,hard,7,5,7,hit,30464,8200,21371,893,0.26917017,0.26418954,0.2741508,0.00498063,0.005,ci_target_reached,-0.43234638,-0.44228811,-0.42240464
hard|7|5|+8|stand,hard,7,5,8,stand,27904,6621,21283,0,0.23727781,0.23228627,0.24226935,0.00499154,0.005,ci_target_reached,-0.52544438,-0.53542764,-0.51546112
hard|7|5|+8|hit,hard,7,5,8,hit,30464,8266,21360,838,0.27133666,0.26634344,0.27632988,0.00499322,0.005,ci_target_reached,-0.4298188,-0.43978578,-0.41985183
hard|7|5|+8|double,hard,7,5,8,double,27904,6646,21159,99,0.23817374,0.23317572,0.24317176,0.00499802,0.005,ci_target_reached,-1.04020929,-1.06020385,-1.02021472
hard|7|5|+9|stand,hard,7,5,9,stand,28160,6786,21374,0,0.24098011,0.23598487,0.24597536,0.00499525,0.005,ci_target_reached,-0.51803977,-0.52803044,-0.5080491
hard|7|5|+9|double,hard,7,5,9,double,27904,6648,21166,90,0.23824541,0.23324688,0.24324395,0.00499853,0.005,ci_target_reached,-1.04056766,-1.0605641,-1.02057122
hard|7|5|+9|hit,hard,7,5,9,hit,30464,8242,21416,806,0.27054884,0.26556019,0.2755375,0.00498866,0.005,ci_target_reached,-0.43244485,-0.44240415,-0.42248556
hard|7|5|+10|stand,hard,7,5,10,stand,28160,6730,21430,0,0.23899148,0.23401037,0.24397258,0.00498111,0.005,ci_target_reached,-0.52201705,-0.53197943,-0.51205466
hard|7|5|+10|double,hard,7,5,10,double,27904,6602,21218,84,0.2365969,0.23161031,0.2415835,0.0049866,0.005,ci_target_reached,-1.04759174,-1.06754059,-1.02764289
hard|7|5|+10|hit,hard,7,5,10,hit,30464,8265,21322,877,0.27130383,0.26631081,0.27629686,0.00499303,0.005,ci_target_reached,-0.42860425,-0.43856973,-0.41863878
hard|7|6|-10|hit,hard,7,6,-10,hit,28672,21604,4310,2758,0.75348772,0.74849906,0.75847639,0.00498867,0.005,ci_target_reached,0.60316685,0.59466075,0.61167296
hard|7|6|-10|double,hard,7,6,-10,double,28160,21443,4159,2558,0.76147017,0.75649237,0.76644797,0.0049778,0.005,ci_target_reached,1.22755682,1.21051123,1.24460241
hard|7|6|-9|hit,hard,7,6,-9,hit,28416,21461,4207,2748,0.75524352,0.7502445,0.76024255,0.00499902,0.005,ci_target_reached,0.60719313,0.59869153,0.61569474
hard|7|6|-10|stand,hard,7,6,-10,stand,29696,22027,7669,0,0.74174973,0.73677172,0.74672775,0.00497801,0.005,ci_target_reached,0.48349946,0.47354326,0.49345566
hard|7|6|-9|double,hard,7,6,-9,double,27904,21304,4008,2592,0.76347477,0.75848869,0.76846085,0.00498608,0.005,ci_target_reached,1.2396789,1.22270922,1.25664858
hard|7|6|-9|stand,hard,7,6,-9,stand,29952,22091,7861,0,0.73754674,0.73256405,0.74252943,0.00498269,0.005,ci_target_reached,0.47509348,0.46512794,0.48505903
hard|7|6|-8|hit,hard,7,6,-8,hit,28672,21588,4302,2782,0.75292969,0.74793723,0.75792215,0.00499246,0.005,ci_target_reached,0.60288783,0.59438567,0.61139
hard|7|6|-8|double,hard,7,6,-8,double,28416,21534,4242,2640,0.7578125,0.75283133,0.76279367,0.00498117,0.005,ci_target_reached,1.21706081,1.20002305,1.23409857
hard|7|6|-8|stand,hard,7,6,-8,stand,29696,21991,7705,0,0.74053745,0.73555184,0.74552305,0.00498561,0.005,ci_target_reached,0.48107489,0.47110351,0.49104627
hard|7|6|-7|hit,hard,7,6,-7,hit,28672,21628,4304,2740,0.75432478,0.74934182,0.75930773,0.00498295,0.005,ci_target_reached,0.60421317,0.59571207,0.61271427
hard|7|6|-7|double,hard,7,6,-7,double,27904,21293,4042,2569,0.76308056,0.75809162,0.7680695,0.00498894,0.005,ci_target_reached,1.23645356,1.21943816,1.25346895
hard|7|6|-7|stand,hard,7,6,-7,stand,29696,21969,7727,0,0.73979661,0.73480639,0.74478683,0.00499022,0.005,ci_target_reached,0.47959321,0.4696126,0.48957382
hard|7|6|-6|hit,hard,7,6,-6,hit,28672,21631,4247,2794,0.75442941,0.74944717,0.75941165,0.00498224,0.005,ci_target_reached,0.6063058,0.59783958,0.61477203
hard|7|6|-6|double,hard,7,6,-6,double,28160,21414,4052,2694,0.76044034,0.75545518,0.7654255,0.00498516,0.005,ci_target_reached,1.23309659,1.21618337,1.25000981
hard|7|6|-6|stand,hard,7,6,-6,stand,29696,21945,7751,0,0.73898842,0.73399318,0.74398365,0.00499523,0.005,ci_target_reached,0.47797683,0.4679862,0.48796747
hard|7|6|-5|hit,hard,7,6,-5,hit,28672,21644,4324,2704,0.75488281,0.74990368,0.75986195,0.00497913,0.005,ci_target_reached,0.60407366,0.59556134,0.61258598
hard|7|6|-5|double,hard,7,6,-5,double,27904,21307,4014,2583,0.76358228,0.75859699,0.76856758,0.00498529,0.005,ci_target_reached,1.23946388,1.2224868,1.25644095
hard|7|6|-5|stand,hard,7,6,-5,stand,29440,21892,7548,0,0.74361413,0.73862634,0.74860192,0.00498779,0.005,ci_target_reached,0.48722826,0.47725251,0.49720401
hard|7|6|-4|hit,hard,7,6,-4,hit,28160,21359,4156,2645,0.75848722,0.75348821,0.76348623,0.00499901,0.005,ci_target_reached,0.61090199,0.60237573,0.61942825
hard|7|6|-4|double,hard,7,6,-4,double,28160,21406,4084,2670,0.76015625,0.75516907,0.76514343,0.00498718,0.005,ci_target_reached,1.23025568,1.21330054,1.24721082
hard|7|6|-4|stand,hard,7,6,-4,stand,29696,21928,7768,0,0.73841595,0.73341718,0.74341472,0.00499877,0.005,ci_target_reached,0.4768319,0.46683419,0.48682961
hard|7|6|-3|hit,hard,7,6,-3,hit,28416,21532,4098,2786,0.75774212,0.75276045,0.76272378,0.00498166,0.005,ci_target_reached,0.61352759,0.60509841,0.62195677
hard|7|6|+0|hit,hard,7,6,0,hit,38400,18299,17309,2792,0.47653646,0.47154093,0.48153199,0.00499553,0.005,ci_target_reached,0.02578125,0.01615297,0.03540953
hard|7|6|-3|double,hard,7,6,-3,double,28160,21438,4085,2637,0.76129261,0.75631354,0.76627169,0.00497907,0.005,ci_target_reached,1.23245739,1.2155052,1.24940957
hard|7|6|+0|stand,hard,7,6,0,stand,37632,16075,21557,0,0.42716305,0.42216513,0.43216098,0.00499793,0.005,ci_target_reached,-0.14567389,-0.15566988,-0.13567791
hard|7|6|+0|double,hard,7,6,0,double,38144,16853,19044,2247,0.44182571,0.436842,0.44680943,0.00498372,0.005,ci_target_reached,-0.11488045,-0.13431758,-0.09544333
hard|7|6|-3|stand,hard,7,6,-3,stand,29952,22082,7870,0,0.73724626,0.73226173,0.74223079,0.00498453,0.005,ci_target_reached,0.47449252,0.4645233,0.48446174
hard|7|6|-2|hit,hard,7,6,-2,hit,28160,21417,4064,2679,0.76054687,0.75556247,0.76553128,0.0049844,0.005,ci_target_reached,0.61622869,0.60776461,0.62469277
hard|7|6|-2|double,hard,7,6,-2,double,27904,21332,3972,2600,0.76447821,0.75949945,0.76945697,0.00497876,0.005,ci_target_reached,1.24426606,1.22734732,1.26118479
hard|7|6|-2|stand,hard,7,6,-2,stand,29952,22054,7898,0,0.73631143,0.73132121,0.74130165,0.00499022,0.005,ci_target_reached,0.47262286,0.46264226,0.48260347
hard|7|6|-1|hit,hard,7,6,-1,hit,28416,21555,4171,2690,0.75855152,0.75357553,0.76352751,0.00497599,0.005,ci_target_reached,0.61176802,0.60329457,0.62024147
hard|7|6|-1|double,hard,7,6,-1,double,28160,21441,4059,2660,0.76139915,0.75642084,0.76637746,0.00497831,0.005,ci_target_reached,1.23451705,1.21759849,1.2514356
hard|7|6|-1|stand,hard,7,6,-1,stand,29952,22084,7868,0,0.73731303,0.73232892,0.74229715,0.00498412,0.005,ci_target_reached,0.47462607,0.46465766,0.48459447
hard|7|6|+1|hit,hard,7,6,1,hit,37888,21448,13787,2653,0.56608953,0.56109898,0.57108007,0.00499054,0.005,ci_target_reached,0.20220122,0.19270645,0.21169599
hard|7|6|+1|stand,hard,7,6,1,stand,38144,21001,17143,0,0.55057152,0.54557945,0.55556358,0.00499206,0.005,ci_target_reached,0.10114304,0.09115878,0.1111273
hard|7|6|+1|double,hard,7,6,1,double,37888,21402,14240,2246,0.56487542,0.55988326,0.56986758,0.00499216,0.005,ci_target_reached,0.37806166,0.35890312,0.39722019
hard|7|6|+2|hit,hard,7,6,2,hit,35328,12508,21550,1270,0.35405344,0.34906656,0.35904033,0.00498688,0.005,ci_target_reached,-0.25594429,-0.26582919,-0.24605939
hard|7|6|+2|stand,hard,7,6,2,stand,33792,11001,22791,0,0.32555043,0.3205543,0.33054655,0.00499612,0.005,ci_target_reached,-0.34889915,-0.35889154,-0.33890676
hard|7|6|+2|double,hard,7,6,2,double,34304,11380,22358,566,0.33173974,0.32675715,0.33672233,0.00498259,0.005,ci_target_reached,-0.64004198,-0.65990885,-0.62017511
hard|7|6|+3|hit,hard,7,6,3,hit,32000,9418,21602,980,0.2943125,0.28931915,0.29930585,0.00499335,0.005,ci_target_reached,-0.38075,-0.39069851,-0.37080149
hard|7|6|+3|stand,hard,7,6,3,stand,30464,8194,22270,0,0.26897321,0.26399374,0.27395269,0.00497948,0.005,ci_target_reached,-0.46205357,-0.47201269,-0.45209445
hard|7|6|+3|double,hard,7,6,3,double,30208,8091,21923,194,0.26784296,0.26284908,0.27283683,0.00499387,0.005,ci_target_reached,-0.9157839,-0.93575335,-0.89581445
hard|7|6|+4|stand,hard,7,6,4,stand,28928,7254,21674,0,0.25076051,0.24576549,0.25575552,0.00499501,0.005,ci_target_reached,-0.49847898,-0.50846918,-0.48848878
hard|7|6|+4|double,hard,7,6,4,double,29440,7552,21777,111,0.25652174,0.25153309,0.26151039,0.00498865,0.005,ci_target_reached,-0.96637228,-0.98632577,-0.9464188
hard|7|6|+4|hit,hard,7,6,4,hit,31488,8952,21710,826,0.28429878,0.2793164,0.28928116,0.00498238,0.005,ci_target_reached,-0.40517022,-0.41510886,-0.39523158
hard|7|6|+5|hit,hard,7,6,5,hit,31488,8945,21644,899,0.28407647,0.27909527,0.28905768,0.00498121,0.005,ci_target_reached,-0.40329649,-0.4132302,-0.39336279
hard|7|6|+5|stand,hard,7,6,5,stand,29440,7583,21857,0,0.25757473,0.25257939,0.26257007,0.00499534,0.005,ci_target_reached,-0.48485054,-0.4948414,-0.47485969
hard|7|6|+5|double,hard,7,6,5,double,29440,7590,21753,97,0.2578125,0.25281565,0.26280935,0.00499685,0.005,ci_target_reached,-0.96216033,-0.98214656,-0.94217409
hard|7|6|+6|stand,hard,7,6,6,stand,29184,7357,21827,0,0.25209019,0.24710839,0.25707199,0.0049818,0.005,ci_target_reached,-0.49581963,-0.5057834,-0.48585586
hard|7|6|+6|hit,hard,7,6,6,hit,31232,8857,21536,839,0.28358735,0.27858837,0.28858632,0.00499898,0.005,ci_target_reached,-0.40596183,-0.41593327,-0.39599039
hard|7|6|+6|double,hard,7,6,6,double,29440,7510,21825,105,0.25509511,0.25011558,0.26007464,0.00497953,0.005,ci_target_reached,-0.97248641,-0.99240377,-0.95256906
hard|7|6|+7|stand,hard,7,6,7,stand,29184,7413,21771,0,0.25400905,0.24901474,0.25900335,0.0049943,0.005,ci_target_reached,-0.49198191,-0.50197069,-0.48199313
hard|7|6|+7|double,hard,7,6,7,double,28928,7237,21586,105,0.25017284,0.24518173,0.25516396,0.00499111,0.005,ci_target_reached,-0.99204923,-1.01201382,-0.97208463
hard|7|6|+7|hit,hard,7,6,7,hit,31488,8978,21670,840,0.28512449,0.28013776,0.29011122,0.00498673,0.005,ci_target_reached,-0.40307419,-0.41302049,-0.39312788
hard|7|6|+8|double,hard,7,6,8,double,28928,7257,21571,100,0.25086421,0.24586851,0.25585992,0.0049957,0.005,ci_target_reached,-0.98962942,-1.00961226,-0.96964659
hard|7|6|+8|stand,hard,7,6,8,stand,29440,7520,21920,0,0.25543478,0.25045307,0.26041649,0.00498171,0.005,ci_target_reached,-0.48913043,-0.49909403,-0.47916684
hard|7|6|+8|hit,hard,7,6,8,hit,31232,8844,21521,867,0.28317111,0.27817435,0.28816787,0.00499676,0.005,ci_target_reached,-0.4058978,-0.41586403,-0.39593157
hard|7|6|+9|stand,hard,7,6,9,stand,28928,7251,21677,0,0.2506568,0.24566248,0.25565113,0.00499433,0.005,ci_target_reached,-0.49868639,-0.50867522,-0.48869757
hard|7|6|+9|double,hard,7,6,9,double,29440,7515,21826,99,0.25526495,0.25028432,0.26024557,0.00498062,0.005,ci_target_reached,-0.97221467,-0.99213643,-0.95229292
hard|7|6|+9|hit,hard,7,6,9,hit,31232,8795,21568,869,0.2816022,0.27661386,0.28659055,0.00498835,0.005,ci_target_reached,-0.40897157,-0.41892193,-0.3990212
hard|7|6|+10|stand,hard,7,6,10,stand,29440,7536,21904,0,0.25597826,0.25099307,0.26096345,0.00498519,0.005,ci_target_reached,-0.48804348,-0.49801402,-0.47807293
hard|7|6|+10|double,hard,7,6,10,double,29440,7521,21810,109,0.25546875,0.25048682,0.26045068,0.00498193,0.005,ci_target_reached,-0.97072011,-0.99064692,-0.95079329
hard|7|6|+10|hit,hard,7,6,10,hit,31232,8766,21648,818,0.28067367,0.27569033,0.285657,0.00498333,0.005,ci_target_reached,-0.41246158,-0.42240431,-0.40251884
hard|7|7|-10|hit,hard,7,7,-10,hit,32512,9869,13490,9153,0.30354946,0.29855148,0.30854743,0.00499798,0.005,ci_target_reached,-0.11137426,-0.12050833,-0.10224019
hard|7|7|-10|stand,hard,7,7,-10,stand,34048,11263,22785,0,0.3307977,0.3258,0.3357954,0.0049977,0.005,ci_target_reached,-0.33840461,-0.34840015,-0.32840906
hard|7|7|-9|hit,hard,7,7,-9,hit,33024,10275,13730,9019,0.31113735,0.3061441,0.31613061,0.00499325,0.005,ci_target_reached,-0.10462088,-0.11374706,-0.0954947
hard|7|7|-10|double,hard,7,7,-10,double,36864,14703,12424,9737,0.3988444,0.39384578,0.40384302,0.00499862,0.005,ci_target_reached,0.12364366,0.106175,0.14111232
hard|7|7|-9|stand,hard,7,7,-9,stand,34304,11395,22909,0,0.33217701,0.32719276,0.33716125,0.00498424,0.005,ci_target_reached,-0.33564599,-0.34561462,-0.32567736
hard|7|7|-9|double,hard,7,7,-9,double,36864,14659,12479,9726,0.39765082,0.39265474,0.40264691,0.00499609,0.005,ci_target_reached,0.11827257,0.10079647,0.13574867
hard|7|7|-8|hit,hard,7,7,-8,hit,32768,10059,13683,9026,0.30697632,0.30198221,0.31197042,0.0049941,0.005,ci_target_reached,-0.1105957,-0.11973419,-0.10145721
hard|7|7|-8|stand,hard,7,7,-8,stand,34304,11411,22893,0,0.33264342,0.32765743,0.33762942,0.004986,0.005,ci_target_reached,-0.33471315,-0.3446853,-0.32474101
hard|7|7|-8|double,hard,7,7,-8,double,37120,14926,12450,9744,0.40210129,0.39711321,0.40708938,0.00498808,0.005,ci_target_reached,0.13340517,0.1159849,0.15082545
hard|7|7|-7|hit,hard,7,7,-7,hit,32512,9843,13575,9094,0.30274975,0.2977555,0.30774401,0.00499425,0.005,ci_target_reached,-0.11478839,-0.1239292,-0.10564757
hard|7|7|-7|stand,hard,7,7,-7,stand,34304,11441,22863,0,0.33351796,0.32852868,0.33850723,0.00498928,0.005,ci_target_reached,-0.33296409,-0.34294278,-0.32298539
hard|7|7|-6|hit,hard,7,7,-6,hit,33024,10189,13722,9113,0.30853319,0.30355148,0.31351489,0.0049817,0.005,ci_target_reached,-0.1069828,-0.11608763,-0.09787797
hard|7|7|-6|stand,hard,7,7,-6,stand,34304,11468,22836,0,0.33430504,0.32931283,0.33929725,0.00499221,0.005,ci_target_reached,-0.33138993,-0.34137449,-0.32140536
hard|7|7|-7|double,hard,7,7,-7,double,37120,14902,12558,9660,0.40145474,0.39646798,0.40644151,0.00498676,0.005,ci_target_reached,0.1262931,0.10884049,0.14374572
hard|7|7|-6|double,hard,7,7,-6,double,36864,14690,12366,9808,0.39849175,0.39349388,0.40348963,0.00499787,0.005,ci_target_reached,0.12608507,0.10864122,0.14352891
hard|7|7|-5|hit,hard,7,7,-5,hit,32768,9960,13677,9131,0.30395508,0.29897479,0.30893537,0.00498029,0.005,ci_target_reached,-0.11343384,-0.12254766,-0.10432002
hard|7|7|-5|stand,hard,7,7,-5,stand,34304,11530,22774,0,0.33611241,0.33111352,0.34111129,0.00499889,0.005,ci_target_reached,-0.32777519,-0.3377731,-0.31777727
hard|7|7|-5|double,hard,7,7,-5,double,36864,14517,12502,9845,0.39379883,0.38881113,0.39878653,0.0049877,0.005,ci_target_reached,0.10932075,0.09187711,0.12676439
hard|7|7|-4|hit,hard,7,7,-4,hit,32512,9875,13531,9106,0.30373401,0.29873517,0.30873284,0.00499883,0.005,ci_target_reached,-0.11245079,-0.12159265,-0.10330893
hard|7|7|-4|stand,hard,7,7,-4,stand,34304,11445,22859,0,0.33363456,0.32864485,0.33862427,0.00498971,0.005,ci_target_reached,-0.33273088,-0.34271045,-0.32275131
hard|7|7|-3|hit,hard,7,7,-3,hit,33024,10201,13672,9151,0.30889656,0.30391323,0.31387989,0.00498333,0.005,ci_target_reached,-0.10510538,-0.1142054,-0.09600536
hard|7|7|-4|double,hard,7,7,-4,double,36864,14653,12424,9787,0.39748806,0.39249233,0.4024838,0.00499574,0.005,ci_target_reached,0.12093099,0.10347654,0.13838544
hard|7|7|+0|hit,hard,7,7,0,hit,36352,13914,16129,6309,0.38275748,0.3777608,0.38775416,0.00499668,0.005,ci_target_reached,-0.060932,-0.07025654,-0.05160745
hard|7|7|-3|stand,hard,7,7,-3,stand,34304,11409,22895,0,0.33258512,0.32759934,0.3375709,0.00498578,0.005,ci_target_reached,-0.33482976,-0.34480146,-0.32485805
hard|7|7|+0|stand,hard,7,7,0,stand,29696,7749,21947,0,0.26094423,0.25594942,0.26593905,0.00499482,0.005,ci_target_reached,-0.47811153,-0.48810133,-0.46812173
hard|7|7|+0|double,hard,7,7,0,double,31744,9194,18526,4024,0.28962954,0.28463967,0.2946194,0.00498987,0.005,ci_target_reached,-0.58795363,-0.60746995,-0.56843731
hard|7|7|-2|hit,hard,7,7,-2,hit,32768,10079,13600,9089,0.30758667,0.30258981,0.31258353,0.00499686,0.005,ci_target_reached,-0.10745239,-0.11658294,-0.09832184
hard|7|7|-3|double,hard,7,7,-3,double,36864,14485,12479,9900,0.39293077,0.38794501,0.39791654,0.00498577,0.005,ci_target_reached,0.10883247,0.09140634,0.12625859
hard|7|7|-2|stand,hard,7,7,-2,stand,34304,11424,22880,0,0.33302239,0.32803497,0.33800981,0.00498742,0.005,ci_target_reached,-0.33395522,-0.34393021,-0.32398024
hard|7|7|-2|double,hard,7,7,-2,double,36864,14622,12351,9891,0.39664714,0.3916532,0.40164107,0.00499393,0.005,ci_target_reached,0.12320964,0.10579057,0.1406287
hard|7|7|-1|hit,hard,7,7,-1,hit,33024,10249,13599,9176,0.31035005,0.30536027,0.31533983,0.00498978,0.005,ci_target_reached,-0.10144138,-0.1105414,-0.09234135
hard|7|7|-1|stand,hard,7,7,-1,stand,34304,11460,22844,0,0.33407183,0.32908049,0.33906317,0.00499134,0.005,ci_target_reached,-0.33185634,-0.34183917,-0.32187351
hard|7|7|+1|stand,hard,7,7,1,stand,32000,9370,22630,0,0.2928125,0.2878266,0.2977984,0.0049859,0.005,ci_target_reached,-0.414375,-0.42434695,-0.40440305
hard|7|7|-1|double,hard,7,7,-1,double,36864,14607,12420,9837,0.39624023,0.39124718,0.40123329,0.00499305,0.005,ci_target_reached,0.11865234,0.10121246,0.13609222
hard|7|7|+1|hit,hard,7,7,1,hit,36352,13735,17006,5611,0.37783341,0.37284921,0.38281761,0.0049842,0.005,ci_target_reached,-0.08998129,-0.09938943,-0.08057316
hard|7|7|+1|double,hard,7,7,1,double,33280,10444,20006,2830,0.31382212,0.30883643,0.3188078,0.00498568,0.005,ci_target_reached,-0.57463942,-0.59424456,-0.55503428
hard|7|7|+2|stand,hard,7,7,2,stand,30976,8631,22345,0,0.27863507,0.27364233,0.28362781,0.00499274,0.005,ci_target_reached,-0.44272986,-0.45271549,-0.43274422
hard|7|7|+2|hit,hard,7,7,2,hit,37120,15109,17793,4218,0.40703125,0.40203342,0.41202908,0.00499783,0.005,ci_target_reached,-0.07230603,-0.08185553,-0.06275654
hard|7|7|+2|double,hard,7,7,2,double,31232,8853,21915,464,0.28345927,0.27846098,0.28845757,0.0049983,0.005,ci_target_reached,-0.8364498,-0.8564161,-0.81648349
hard|7|7|+3|hit,hard,7,7,3,hit,37120,15112,18014,3994,0.40711207,0.40211408,0.41211006,0.00499799,0.005,ci_target_reached,-0.07817888,-0.08775625,-0.06860151
hard|7|7|+3|stand,hard,7,7,3,stand,30720,8394,22326,0,0.27324219,0.26825892,0.27822545,0.00498327,0.005,ci_target_reached,-0.45351562,-0.46348232,-0.44354893
hard|7|7|+3|double,hard,7,7,3,double,30976,8616,22208,152,0.27815083,0.27316075,0.2831409,0.00499007,0.005,ci_target_reached,-0.87758264,-0.89753609,-0.8576292
hard|7|7|+4|stand,hard,7,7,4,stand,30720,8402,22318,0,0.2735026,0.26851786,0.27848735,0.00498475,0.005,ci_target_reached,-0.45299479,-0.46296445,-0.44302513
hard|7|7|+4|double,hard,7,7,4,double,30464,8300,22042,122,0.27245273,0.26745309,0.27745237,0.00499964,0.005,ci_target_reached,-0.90217962,-0.92217377,-0.88218547
hard|7|7|+4|hit,hard,7,7,4,hit,37120,15083,18096,3941,0.40633082,0.40133434,0.4113273,0.00499648,0.005,ci_target_reached,-0.08116918,-0.09075169,-0.07158668
hard|7|7|+5|stand,hard,7,7,5,stand,30720,8470,22250,0,0.27571615,0.2707189,0.28071339,0.00499725,0.005,ci_target_reached,-0.44856771,-0.45856237,-0.43857305
hard|7|7|+5|hit,hard,7,7,5,hit,37376,15257,18097,4022,0.40820312,0.4032202,0.41318605,0.00498292,0.005,ci_target_reached,-0.07598459,-0.08553086,-0.06643832
hard|7|7|+5|double,hard,7,7,5,double,30976,8639,22200,137,0.27889334,0.27389918,0.28388749,0.00499416,0.005,ci_target_reached,-0.8755811,-0.89555146,-0.85561073
hard|7|7|+6|stand,hard,7,7,6,stand,30720,8450,22270,0,0.2750651,0.27007152,0.28005869,0.00499359,0.005,ci_target_reached,-0.44986979,-0.45985713,-0.43988245
hard|7|7|+6|double,hard,7,7,6,double,30720,8482,22099,139,0.27610677,0.27110733,0.28110621,0.00499944,0.005,ci_target_reached,-0.88652344,-0.90651535,-0.86653152
hard|7|7|+6|hit,hard,7,7,6,hit,37376,15265,18050,4061,0.40841717,0.40343384,0.41340049,0.00498333,0.005,ci_target_reached,-0.07451306,-0.0840549,-0.06497122
hard|7|7|+7|stand,hard,7,7,7,stand,30464,8298,22166,0,0.27238708,0.26738782,0.27738634,0.00499926,0.005,ci_target_reached,-0.45522584,-0.46522453,-0.44522715
hard|7|7|+7|double,hard,7,7,7,double,30720,8453,22129,138,0.27516276,0.27016862,0.2801569,0.00499414,0.005,ci_target_reached,-0.89036458,-0.91033555,-0.87039362
hard|7|7|+7|hit,hard,7,7,7,hit,37120,15141,18042,3937,0.40789332,0.40289383,0.41289281,0.00499949,0.005,ci_target_reached,-0.07815194,-0.08773762,-0.06856626
hard|7|7|+8|stand,hard,7,7,8,stand,30720,8408,22312,0,0.27369792,0.26871206,0.27868377,0.00498586,0.005,ci_target_reached,-0.45260417,-0.46257604,-0.44263229
hard|7|7|+8|hit,hard,7,7,8,hit,37120,15087,18080,3953,0.40643858,0.40144189,0.41143527,0.00499669,0.005,ci_target_reached,-0.08063039,-0.09021162,-0.07104916
hard|7|7|+8|double,hard,7,7,8,double,30720,8482,22086,152,0.27610677,0.27110733,0.28110621,0.00499944,0.005,ci_target_reached,-0.88567708,-0.90566839,-0.86568577
hard|7|7|+9|stand,hard,7,7,9,stand,30976,8591,22385,0,0.27734375,0.27235814,0.28232936,0.00498561,0.005,ci_target_reached,-0.4453125,-0.45528388,-0.43534112
hard|7|7|+9|double,hard,7,7,9,double,30976,8565,22268,143,0.27650439,0.27152344,0.28148534,0.00498095,0.005,ci_target_reached,-0.88474948,-0.90466725,-0.86483171
hard|7|7|+9|hit,hard,7,7,9,hit,37376,15344,17975,4057,0.41053082,0.40554355,0.41551809,0.00498727,0.005,ci_target_reached,-0.07039277,-0.0799384,-0.06084713
hard|7|7|+10|stand,hard,7,7,10,stand,30720,8391,22329,0,0.27314453,0.26816182,0.27812724,0.00498271,0.005,ci_target_reached,-0.45371094,-0.46367652,-0.44374535
hard|7|8|-10|hit,hard,7,8,-10,hit,23808,4542,16044,3222,0.19077621,0.18578517,0.19576725,0.00499104,0.005,ci_target_reached,-0.48311492,-0.49320769,-0.47302215
hard|7|7|+10|double,hard,7,7,10,double,30976,8655,22185,136,0.27940987,0.27441288,0.28440686,0.00499699,0.005,ci_target_reached,-0.87357955,-0.89356118,-0.85359792
hard|7|7|+10|hit,hard,7,7,10,hit,37376,15437,17993,3946,0.41301905,0.40802726,0.41801084,0.00499179,0.005,ci_target_reached,-0.06838613,-0.07794923,-0.05882303
hard|7|8|-10|stand,hard,7,8,-10,stand,27136,6173,20963,0,0.22748379,0.22249595,0.23247162,0.00498784,0.005,ci_target_reached,-0.54503243,-0.55500829,-0.53505657
hard|7|8|-10|double,hard,7,8,-10,double,28416,6946,17711,3759,0.24443975,0.23944292,0.24943659,0.00499684,0.005,ci_target_reached,-0.75767173,-0.77746152,-0.73788195
hard|7|8|-9|hit,hard,7,8,-9,hit,24320,4740,16321,3259,0.19490132,0.18992273,0.1998799,0.00497859,0.005,ci_target_reached,-0.47619243,-0.48624122,-0.46614364
hard|7|8|-9|stand,hard,7,8,-9,stand,27392,6307,21085,0,0.23024971,0.22526409,0.23523532,0.00498561,0.005,ci_target_reached,-0.53950058,-0.54947199,-0.52952917
hard|7|8|-9|double,hard,7,8,-9,double,29184,7390,17997,3797,0.25322094,0.24823176,0.25821013,0.00498918,0.005,ci_target_reached,-0.72690515,-0.74661528,-0.70719503
hard|7|8|-8|hit,hard,7,8,-8,hit,24064,4606,16163,3295,0.19140625,0.18643557,0.19637693,0.00497068,0.005,ci_target_reached,-0.48026097,-0.49030909,-0.47021285
hard|7|8|-7|hit,hard,7,8,-7,hit,23808,4555,16003,3250,0.19132224,0.18632575,0.19631874,0.00499649,0.005,ci_target_reached,-0.48084677,-0.49094762,-0.47074593
hard|7|8|-8|stand,hard,7,8,-8,stand,27648,6460,21188,0,0.23365162,0.22866367,0.23863957,0.00498795,0.005,ci_target_reached,-0.53269676,-0.54267283,-0.52272069
hard|7|8|-8|double,hard,7,8,-8,double,28672,7103,17903,3666,0.24773298,0.24273603,0.25272993,0.00499695,0.005,ci_target_reached,-0.75334821,-0.77313168,-0.73356475
hard|7|8|-7|stand,hard,7,8,-7,stand,27392,6345,21047,0,0.23163697,0.22664087,0.23663308,0.0049961,0.005,ci_target_reached,-0.53672605,-0.54671844,-0.52673366
hard|7|8|-7|double,hard,7,8,-7,double,28672,7111,17890,3671,0.248012,0.24301316,0.25301083,0.00499884,0.005,ci_target_reached,-0.75188337,-0.77167194,-0.7320948
hard|7|8|-6|hit,hard,7,8,-6,hit,24320,4750,16398,3172,0.1953125,0.19032994,0.20029506,0.00498256,0.005,ci_target_reached,-0.47894737,-0.48900359,-0.46889115
hard|7|8|-6|stand,hard,7,8,-6,stand,27648,6467,21181,0,0.2339048,0.22891498,0.23889463,0.00498982,0.005,ci_target_reached,-0.53219039,-0.54217022,-0.52221057
hard|7|8|-5|hit,hard,7,8,-5,hit,23808,4513,16118,3177,0.18955813,0.18457931,0.19453696,0.00497882,0.005,ci_target_reached,-0.4874412,-0.49751549,-0.4773669
hard|7|8|-6|double,hard,7,8,-6,double,28672,7080,17799,3793,0.2469308,0.24193929,0.25192232,0.00499151,0.005,ci_target_reached,-0.7476981,-0.76745027,-0.72794594
hard|7|8|-4|hit,hard,7,8,-4,hit,24064,4656,16150,3258,0.19348404,0.18849289,0.1984752,0.00499116,0.005,ci_target_reached,-0.47764295,-0.48772316,-0.46756274
hard|7|8|-5|stand,hard,7,8,-5,stand,27648,6447,21201,0,0.23318142,0.22819697,0.23816588,0.00498445,0.005,ci_target_reached,-0.53363715,-0.54360624,-0.52366807
hard|7|8|-5|double,hard,7,8,-5,double,28928,7193,18005,3730,0.24865183,0.24367086,0.25363279,0.00498096,0.005,ci_target_reached,-0.74751106,-0.76722175,-0.72780038
hard|7|8|-4|stand,hard,7,8,-4,stand,27136,6186,20950,0,0.22796285,0.22297132,0.23295439,0.00499154,0.005,ci_target_reached,-0.54407429,-0.55405755,-0.53409103
hard|7|8|-3|hit,hard,7,8,-3,hit,24064,4610,16129,3325,0.19157247,0.18660015,0.1965448,0.00497232,0.005,ci_target_reached,-0.47868185,-0.4887321,-0.4686316
hard|7|8|-4|double,hard,7,8,-4,double,28416,6921,17826,3669,0.24355997,0.23856923,0.2485507,0.00499074,0.005,ci_target_reached,-0.76752534,-0.78730706,-0.74774361
hard|7|8|+0|hit,hard,7,8,0,hit,34304,11399,18837,4068,0.33229361,0.32730893,0.33727829,0.00498468,0.005,ci_target_reached,-0.21682603,-0.2264927,-0.20715935
hard|7|8|+0|stand,hard,7,8,0,stand,28672,7065,21607,0,0.24640765,0.24141969,0.2513956,0.00498795,0.005,ci_target_reached,-0.50718471,-0.51716079,-0.49720863
hard|7|8|+0|double,hard,7,8,0,double,29440,7593,19901,1946,0.2579144,0.25291691,0.26291189,0.00499749,0.005,ci_target_reached,-0.8361413,-0.85604706,-0.81623555
hard|7|8|-3|stand,hard,7,8,-3,stand,27392,6331,21061,0,0.23112588,0.22613363,0.23611812,0.00499225,0.005,ci_target_reached,-0.53774825,-0.54773292,-0.52776357
hard|7|8|-3|double,hard,7,8,-3,double,28672,7039,17822,3811,0.24550084,0.24051908,0.2504826,0.00498176,0.005,ci_target_reached,-0.75216239,-0.7718833,-0.73244148
hard|7|8|-2|hit,hard,7,8,-2,hit,24064,4660,16172,3232,0.19365027,0.18865748,0.19864305,0.00499279,0.005,ci_target_reached,-0.47839096,-0.48847406,-0.46830786
hard|7|8|-2|stand,hard,7,8,-2,stand,27136,6138,20998,0,0.22619399,0.22121616,0.23117181,0.00497783,0.005,ci_target_reached,-0.54761203,-0.55756786,-0.53765619
hard|7|8|-1|hit,hard,7,8,-1,hit,24064,4640,16117,3307,0.19281915,0.18783452,0.19780378,0.00498463,0.005,ci_target_reached,-0.4769365,-0.48700592,-0.46686708
hard|7|8|-2|double,hard,7,8,-2,double,28672,7061,17847,3764,0.24626814,0.24128113,0.25125514,0.004987,0.005,ci_target_reached,-0.75237165,-0.77211376,-0.73262955
hard|7|8|-1|stand,hard,7,8,-1,stand,26880,6074,20806,0,0.22596726,0.22096756,0.23096696,0.0049997,0.005,ci_target_reached,-0.54806548,-0.55806506,-0.53806589
hard|7|8|-1|double,hard,7,8,-1,double,28672,7105,17808,3759,0.24780273,0.24280531,0.25280016,0.00499742,0.005,ci_target_reached,-0.74658203,-0.76635593,-0.72680813
hard|7|8|+1|hit,hard,7,8,1,hit,35328,12630,18482,4216,0.35750679,0.35250906,0.36250453,0.00499773,0.005,ci_target_reached,-0.16564764,-0.17528003,-0.15601526
hard|7|8|+1|stand,hard,7,8,1,stand,28672,7043,21629,0,0.24564035,0.24065763,0.25062306,0.00498272,0.005,ci_target_reached,-0.50871931,-0.51868491,-0.4987537
hard|7|8|+1|double,hard,7,8,1,double,28416,6946,20218,1252,0.24443975,0.23944292,0.24943659,0.00499684,0.005,ci_target_reached,-0.93412162,-0.95409631,-0.91414694
hard|7|8|+2|stand,hard,7,8,2,stand,28928,7187,21741,0,0.24844441,0.24346484,0.25342399,0.00497957,0.005,ci_target_reached,-0.50311117,-0.51307049,-0.49315186
hard|7|8|+2|double,hard,7,8,2,double,28672,7031,21367,274,0.24522182,0.24024197,0.25020167,0.00497985,0.005,ci_target_reached,-1.0,-1.01992098,-0.98007902
hard|7|8|+2|hit,hard,7,8,2,hit,37120,15059,17819,4242,0.40568427,0.40068905,0.41067949,0.00499522,0.005,ci_target_reached,-0.07435345,-0.08389781,-0.06480908
hard|7|8|+3|stand,hard,7,8,3,stand,28672,7067,21605,0,0.2464774,0.24148897,0.25146583,0.00498843,0.005,ci_target_reached,-0.5070452,-0.51702223,-0.49706817
hard|7|8|+3|hit,hard,7,8,3,hit,37632,15947,17543,4142,0.42376169,0.41876895,0.42875444,0.00499274,0.005,ci_target_reached,-0.04241071,-0.0519326,-0.03288883
hard|7|8|+3|double,hard,7,8,3,double,28672,7070,21467,135,0.24658203,0.24159289,0.25157117,0.00498914,0.005,ci_target_reached,-1.00425502,-1.0242125,-0.98429754
hard|7|8|+4|stand,hard,7,8,4,stand,28160,6796,21364,0,0.24133523,0.23633747,0.24633298,0.00499776,0.005,ci_target_reached,-0.51732955,-0.52732524,-0.50733386
hard|7|8|+4|double,hard,7,8,4,double,28672,7042,21496,134,0.24560547,0.24062299,0.25058795,0.00498248,0.005,ci_target_reached,-1.00823103,-1.0281621,-0.98829996
hard|7|8|+5|stand,hard,7,8,5,stand,28672,7108,21564,0,0.24790737,0.24290924,0.2529055,0.00499813,0.005,ci_target_reached,-0.50418527,-0.5141817,-0.49418884
hard|7|8|+4|hit,hard,7,8,4,hit,37632,16046,17504,4082,0.42639243,0.42139566,0.4313892,0.00499677,0.005,ci_target_reached,-0.03874362,-0.04827564,-0.0292116
hard|7|8|+5|double,hard,7,8,5,double,28928,7184,21591,153,0.24834071,0.24336183,0.25331958,0.00497888,0.005,ci_target_reached,-0.99605918,-1.01597513,-0.97614324
hard|7|8|+5|hit,hard,7,8,5,hit,37888,16301,17346,4241,0.43024177,0.42525629,0.43522724,0.00498548,0.005,ci_target_reached,-0.02758129,-0.03706651,-0.01809608
hard|7|8|+6|stand,hard,7,8,6,stand,28416,6920,21496,0,0.24352477,0.23853428,0.24851527,0.00499049,0.005,ci_target_reached,-0.51295045,-0.52293161,-0.50296929
hard|7|8|+6|double,hard,7,8,6,double,28672,7082,21451,139,0.24700056,0.24200857,0.25199254,0.00499199,0.005,ci_target_reached,-1.0023019,-1.02227066,-0.98233314
hard|7|8|+6|hit,hard,7,8,6,hit,37632,15796,17662,4174,0.41974915,0.41476283,0.42473547,0.00498632,0.005,ci_target_reached,-0.04958546,-0.05909924,-0.04007168
hard|7|8|+7|stand,hard,7,8,7,stand,28672,7038,21634,0,0.24546596,0.24048444,0.25044748,0.00498152,0.005,ci_target_reached,-0.50906808,-0.5190313,-0.49910486
hard|7|8|+7|double,hard,7,8,7,double,28416,6940,21338,138,0.2442286,0.23923323,0.24922398,0.00499537,0.005,ci_target_reached,-1.01337275,-1.0333558,-0.9933897
hard|7|8|+7|hit,hard,7,8,7,hit,37632,16048,17410,4174,0.42644558,0.42144873,0.43144243,0.00499685,0.005,ci_target_reached,-0.0361926,-0.04571255,-0.02667266
hard|7|8|+8|stand,hard,7,8,8,stand,28416,6929,21487,0,0.2438415,0.23884881,0.24883419,0.00499269,0.005,ci_target_reached,-0.512317,-0.52230257,-0.50233144
hard|7|8|+8|double,hard,7,8,8,double,28672,7057,21469,146,0.24612863,0.24114258,0.25111468,0.00498605,0.005,ci_target_reached,-1.00530134,-1.0252466,-0.98535607
hard|7|8|+8|hit,hard,7,8,8,hit,37632,15902,17558,4172,0.4225659,0.41757504,0.42755677,0.00499087,0.005,ci_target_reached,-0.0440051,-0.05352197,-0.03448823
hard|7|8|+9|stand,hard,7,8,9,stand,28672,7056,21616,0,0.24609375,0.24110794,0.25107956,0.00498581,0.005,ci_target_reached,-0.5078125,-0.5177843,-0.4978407
hard|7|8|+9|double,hard,7,8,9,double,28672,7093,21448,131,0.24738421,0.24238962,0.2523788,0.00499459,0.005,ci_target_reached,-1.00132533,-1.0213044,-0.98134627
hard|7|8|+9|hit,hard,7,8,9,hit,37632,16013,17504,4115,0.42551552,0.42052007,0.43051096,0.00499545,0.005,ci_target_reached,-0.03962054,-0.04914749,-0.03009358
hard|7|9|-10|hit,hard,7,9,-10,hit,15360,1727,12204,1429,0.1124349,0.10743903,0.11743077,0.00499587,0.005,ci_target_reached,-0.68209635,-0.69260734,-0.67158537
hard|7|9|-10|stand,hard,7,9,-10,stand,16128,1895,14233,0,0.11749752,0.11252773,0.12246731,0.00496979,0.005,ci_target_reached,-0.76500496,-0.77494485,-0.75506507
hard|7|9|-9|hit,hard,7,9,-9,hit,14592,1538,11679,1375,0.10540022,0.10041787,0.11038256,0.00498235,0.005,ci_target_reached,-0.69496985,-0.70552038,-0.68441931
hard|7|8|+10|stand,hard,7,8,10,stand,28672,7027,21645,0,0.24508231,0.24010342,0.2500612,0.00497889,0.005,ci_target_reached,-0.50983538,-0.51979334,-0.49987742
hard|7|9|-10|double,hard,7,9,-10,double,17920,2391,14005,1524,0.13342634,0.1284477,0.13840498,0.00497864,0.005,ci_target_reached,-1.29620536,-1.31680672,-1.275604
hard|7|8|+10|double,hard,7,8,10,double,28672,7049,21472,151,0.24584961,0.24086546,0.25083376,0.00498415,0.005,ci_target_reached,-1.00606864,-1.02600638,-0.9861309
hard|7|9|-9|stand,hard,7,9,-9,stand,16384,1985,14399,0,0.12115479,0.11615821,0.12615136,0.00499658,0.005,ci_target_reached,-0.75769043,-0.76768389,-0.74769697
hard|7|8|+10|hit,hard,7,8,10,hit,37632,15923,17534,4175,0.42312394,0.41813219,0.42811568,0.00499175,0.005,ci_target_reached,-0.04280931,-0.05232631,-0.03329231
hard|7|9|-8|hit,hard,7,9,-8,hit,15616,1764,12384,1468,0.11296107,0.10799621,0.11792592,0.00496486,0.005,ci_target_reached,-0.68007172,-0.69051724,-0.6696262
hard|7|9|-9|double,hard,7,9,-9,double,18176,2464,14213,1499,0.13556338,0.13058664,0.14054012,0.00497674,0.005,ci_target_reached,-1.2928037,-1.3133579,-1.2722495
hard|7|9|-8|stand,hard,7,9,-8,stand,16384,1966,14418,0,0.11999512,0.11501923,0.124971,0.00497589,0.005,ci_target_reached,-0.76000977,-0.76996184,-0.75005769
hard|7|9|-7|hit,hard,7,9,-7,hit,15616,1773,12442,1401,0.1135374,0.10856151,0.11851329,0.00497589,0.005,ci_target_reached,-0.68320953,-0.6936552,-0.67276386
hard|7|9|-8|double,hard,7,9,-8,double,17920,2391,14028,1501,0.13342634,0.1284477,0.13840498,0.00497864,0.005,ci_target_reached,-1.29877232,-1.31936573,-1.27817891
hard|7|9|-7|stand,hard,7,9,-7,stand,16384,1963,14421,0,0.11981201,0.11483941,0.12478462,0.00497261,0.005,ci_target_reached,-0.76037598,-0.77032149,-0.75043046
hard|7|9|-6|hit,hard,7,9,-6,hit,15872,1843,12662,1367,0.11611643,0.11113236,0.12110051,0.00498408,0.005,ci_target_reached,-0.68164062,-0.69206843,-0.67121282
hard|7|9|-6|stand,hard,7,9,-6,stand,15872,1853,14019,0,0.11674647,0.11175067,0.12174227,0.0049958,0.005,ci_target_reached,-0.76650706,-0.77649897,-0.75651515
hard|7|9|-7|double,hard,7,9,-7,double,18432,2532,14357,1543,0.13736979,0.13240012,0.14233946,0.00496967,0.005,ci_target_reached,-1.28309462,-1.30360766,-1.26258158
hard|7|9|-5|hit,hard,7,9,-5,hit,15360,1709,12189,1462,0.11126302,0.10628997,0.11623607,0.00497305,0.005,ci_target_reached,-0.68229167,-0.69277388,-0.67180945
hard|7|9|-6|double,hard,7,9,-6,double,18176,2468,14158,1550,0.13578345,0.13080331,0.14076359,0.00498014,0.005,ci_target_reached,-1.28631162,-1.30689418,-1.26572905
hard|7|9|-4|hit,hard,7,9,-4,hit,14592,1538,11706,1348,0.10540022,0.10041787,0.11038256,0.00498235,0.005,ci_target_reached,-0.69682018,-0.70736166,-0.68627869
hard|7|9|-5|stand,hard,7,9,-5,stand,16640,2034,14606,0,0.12223558,0.11725858,0.12721257,0.004977,0.005,ci_target_reached,-0.75552885,-0.76548314,-0.74557456
hard|7|9|-4|stand,hard,7,9,-4,stand,15872,1855,14017,0,0.11687248,0.11187434,0.12187062,0.00499814,0.005,ci_target_reached,-0.76625504,-0.77625163,-0.75625845
hard|7|9|-5|double,hard,7,9,-5,double,18432,2564,14244,1624,0.1391059,0.13410996,0.14410185,0.00499594,0.005,ci_target_reached,-1.26736111,-1.28798839,-1.24673383
hard|7|9|-3|hit,hard,7,9,-3,hit,15104,1665,12032,1407,0.1102357,0.10524101,0.11523039,0.00499469,0.005,ci_target_reached,-0.68637447,-0.69690223,-0.67584671
hard|7|9|-3|stand,hard,7,9,-3,stand,16384,1943,14441,0,0.11859131,0.11364067,0.12354195,0.00495064,0.005,ci_target_reached,-0.76281738,-0.77271896,-0.7529158
hard|7|9|-4|double,hard,7,9,-4,double,18432,2535,14372,1525,0.13753255,0.13256041,0.1425047,0.00497215,0.005,ci_target_reached,-1.2843967,-1.3049126,-1.2638808
hard|7|9|+0|stand,hard,7,9,0,stand,27136,6192,20944,0,0.22818396,0.22319072,0.2331772,0.00499324,0.005,ci_target_reached,-0.54363208,-0.55361874,-0.53364541
hard|7|9|+0|hit,hard,7,9,0,hit,32768,9996,19382,3390,0.30505371,0.30006837,0.31003905,0.00498534,0.005,ci_target_reached,-0.28643799,-0.29620998,-0.276666
hard|7|9|+0|double,hard,7,9,0,double,27904,6594,19967,1343,0.23631021,0.2313257,0.24129472,0.00498451,0.005,ci_target_reached,-0.95850057,-0.97844338,-0.93855777
hard|7|9|-3|double,hard,7,9,-3,double,17920,2395,14027,1498,0.13364955,0.12866739,0.13863171,0.00498216,0.005,ci_target_reached,-1.29821429,-1.31881873,-1.27760985
hard|7|9|-2|hit,hard,7,9,-2,hit,15616,1779,12425,1412,0.11392162,0.1089384,0.11890484,0.00498322,0.005,ci_target_reached,-0.68173668,-0.69219772,-0.67127564
hard|7|9|-2|stand,hard,7,9,-2,stand,16128,1905,14223,0,0.11811756,0.11313642,0.1230987,0.00498114,0.005,ci_target_reached,-0.76376488,-0.77372746,-0.7538023
hard|7|9|-1|hit,hard,7,9,-1,hit,16384,1962,12956,1466,0.11975098,0.11477947,0.12472249,0.00497151,0.005,ci_target_reached,-0.67102051,-0.68140913,-0.66063188
hard|7|9|-2|double,hard,7,9,-2,double,18176,2478,14165,1533,0.13633363,0.131345,0.14132226,0.00498863,0.005,ci_target_reached,-1.28598151,-1.30658764,-1.26537539
hard|7|9|-1|stand,hard,7,9,-1,stand,16128,1894,14234,0,0.11743552,0.11246686,0.12240417,0.00496865,0.005,ci_target_reached,-0.76512897,-0.77506658,-0.75519135
hard|7|9|-1|double,hard,7,9,-1,double,18176,2473,14172,1531,0.13605854,0.13107415,0.14104293,0.00498439,0.005,ci_target_reached,-1.28730194,-1.30789288,-1.26671099
hard|7|9|+1|stand,hard,7,9,1,stand,24320,4772,19548,0,0.19621711,0.19122582,0.20120839,0.00499128,0.005,ci_target_reached,-0.60756579,-0.61754856,-0.59758302
hard|7|9|+1|double,hard,7,9,1,double,24576,4861,19042,673,0.1977946,0.19281435,0.20277484,0.00498024,0.005,ci_target_reached,-1.15405273,-1.17405193,-1.13405354
hard|7|9|+1|hit,hard,7,9,1,hit,34048,11125,19056,3867,0.3267446,0.32176259,0.3317266,0.00498201,0.005,ci_target_reached,-0.23293586,-0.24262581,-0.2232459
hard|7|9|+2|stand,hard,7,9,2,stand,26368,5775,20593,0,0.21901547,0.21402346,0.22400749,0.00499202,0.005,ci_target_reached,-0.56196905,-0.57195328,-0.55198483
hard|7|9|+2|double,hard,7,9,2,double,26112,5638,20270,204,0.21591605,0.21092537,0.22090673,0.00499068,0.005,ci_target_reached,-1.12071078,-1.14068868,-1.10073289
hard|7|9|+3|stand,hard,7,9,3,stand,26624,5926,20698,0,0.22258113,0.21758434,0.22757792,0.00499679,0.005,ci_target_reached,-0.55483774,-0.56483151,-0.54484397
hard|7|9|+2|hit,hard,7,9,2,hit,37376,15379,17661,4336,0.41146725,0.40647826,0.41645624,0.00498899,0.005,ci_target_reached,-0.06105522,-0.07056721,-0.05154323
hard|7|9|+3|double,hard,7,9,3,double,26880,6021,20745,114,0.22399554,0.21901136,0.22897971,0.00498417,0.005,ci_target_reached,-1.09553571,-1.11547885,-1.07559258
hard|7|9|+3|hit,hard,7,9,3,hit,37632,15948,17420,4264,0.42378827,0.41879548,0.42878105,0.00499279,0.005,ci_target_reached,-0.03911565,-0.04862158,-0.02960972
hard|7|9|+4|stand,hard,7,9,4,stand,26624,5877,20747,0,0.22074069,0.21575871,0.22572266,0.00498198,0.005,ci_target_reached,-0.55851863,-0.56848277,-0.54855449
hard|7|9|+4|double,hard,7,9,4,double,27136,6168,20854,114,0.22729953,0.22231312,0.23228594,0.00498641,0.005,ci_target_reached,-1.08239976,-1.10235094,-1.06244859
hard|7|9|+4|hit,hard,7,9,4,hit,37632,15974,17268,4390,0.42447917,0.41948531,0.42947302,0.00499386,0.005,ci_target_reached,-0.03438563,-0.04387543,-0.02489582
hard|7|9|+5|stand,hard,7,9,5,stand,27136,6155,20981,0,0.22682046,0.22183776,0.23180316,0.0049827,0.005,ci_target_reached,-0.54635908,-0.55632466,-0.5363935
hard|7|9|+5|double,hard,7,9,5,double,27136,6170,20854,112,0.22737323,0.22238625,0.23236021,0.00498698,0.005,ci_target_reached,-1.08225236,-1.10220571,-1.06229901
hard|7|9|+6|stand,hard,7,9,6,stand,26112,5654,20458,0,0.2165288,0.211533,0.2215246,0.0049958,0.005,ci_target_reached,-0.5669424,-0.5769342,-0.5569506
hard|7|9|+5|hit,hard,7,9,5,hit,37632,15989,17315,4328,0.42487776,0.41988329,0.42987223,0.00499447,0.005,ci_target_reached,-0.03523597,-0.04473431,-0.02573763
hard|7|9|+6|double,hard,7,9,6,double,27136,6157,20852,127,0.22689416,0.22191089,0.23187743,0.00498327,0.005,ci_target_reached,-1.08306309,-1.10300236,-1.06312382
hard|7|9|+6|hit,hard,7,9,6,hit,37632,15832,17432,4368,0.42070578,0.4157179,0.42569367,0.00498788,0.005,ci_target_reached,-0.04251701,-0.05200659,-0.03302742
hard|7|9|+7|stand,hard,7,9,7,stand,26880,6029,20851,0,0.22429315,0.21930663,0.22927968,0.00498653,0.005,ci_target_reached,-0.55141369,-0.56138693,-0.54144045
hard|7|9|+7|double,hard,7,9,7,double,26880,6018,20737,125,0.22388393,0.21890064,0.22886722,0.00498329,0.005,ci_target_reached,-1.09516369,-1.11510388,-1.0752235
hard|7|9|+8|stand,hard,7,9,8,stand,26880,6039,20841,0,0.22466518,0.21967571,0.22965464,0.00498946,0.005,ci_target_reached,-0.55066964,-0.56064876,-0.54069053
hard|7|9|+7|hit,hard,7,9,7,hit,37632,15826,17488,4318,0.42054634,0.41555872,0.42553397,0.00498762,0.005,ci_target_reached,-0.04416454,-0.0536605,-0.03466858
hard|7|9|+8|double,hard,7,9,8,double,26624,5873,20637,114,0.22059044,0.21560968,0.2255712,0.00498076,0.005,ci_target_reached,-1.10907452,-1.12900496,-1.08914407
hard|7|10|-10|stand,hard,7,10,-10,stand,2304,28,2276,0,0.01215278,0.00767876,0.01662679,0.00447402,0.005,ci_target_reached,-0.97569444,-0.98464442,-0.96674447
hard|7|10|-10|hit,hard,7,10,-10,hit,6656,299,5854,503,0.04492188,0.03994568,0.04989807,0.0049762,0.005,ci_target_reached,-0.83458534,-0.846055,-0.82311567
hard|7|9|+8|hit,hard,7,9,8,hit,37632,15940,17347,4345,0.42357568,0.41858323,0.42856813,0.00499245,0.005,ci_target_reached,-0.03738839,-0.04688347,-0.02789332
hard|7|9|+9|stand,hard,7,9,9,stand,27136,6159,20977,0,0.22696787,0.22198403,0.23195171,0.00498384,0.005,ci_target_reached,-0.54606427,-0.55603213,-0.5360964
hard|7|10|-10|double,hard,7,10,-10,double,4864,152,4338,374,0.03125,0.02636021,0.03613979,0.00488979,0.005,ci_target_reached,-1.72121711,-1.74522862,-1.69720559
hard|7|10|-9|stand,hard,7,10,-9,stand,1792,20,1772,0,0.01116071,0.00629669,0.01602474,0.00486403,0.005,ci_target_reached,-0.97767857,-0.98740934,-0.9679478
hard|7|10|-8|stand,hard,7,10,-8,stand,2816,50,2766,0,0.01775568,0.01287795,0.02263342,0.00487773,0.005,ci_target_reached,-0.96448864,-0.97424584,-0.95473143
hard|7|10|-9|double,hard,7,10,-9,double,4608,140,4112,356,0.03038194,0.02542621,0.03533768,0.00495573,0.005,ci_target_reached,-1.72395833,-1.74844295,-1.69947372
hard|7|9|+9|double,hard,7,9,9,double,26880,6043,20732,105,0.22481399,0.21982335,0.22980463,0.00499064,0.005,ci_target_reached,-1.09293155,-1.11289989,-1.07296321
hard|7|10|-9|hit,hard,7,10,-9,hit,7168,332,6317,519,0.04631696,0.04145145,0.05118248,0.00486552,0.005,ci_target_reached,-0.83496094,-0.84607471,-0.82384716
hard|7|10|-8|hit,hard,7,10,-8,hit,6144,250,5417,477,0.0406901,0.03574979,0.04563042,0.00494031,0.005,ci_target_reached,-0.84098307,-0.85258144,-0.82938471
hard|7|9|+9|hit,hard,7,9,9,hit,37632,15743,17453,4436,0.41834077,0.41335679,0.42332476,0.00498399,0.005,ci_target_reached,-0.04544005,-0.05491853,-0.03596157
hard|7|10|-7|stand,hard,7,10,-7,stand,2816,45,2771,0,0.01598011,0.01134851,0.02061172,0.00463161,0.005,ci_target_reached,-0.96803977,-0.97730463,-0.95877492
hard|7|10|-8|double,hard,7,10,-8,double,5120,171,4563,386,0.03339844,0.02847682,0.03832006,0.00492162,0.005,ci_target_reached,-1.715625,-1.73942937,-1.69182063
hard|7|10|-7|double,hard,7,10,-7,double,4352,126,3918,308,0.02895221,0.02397056,0.03393385,0.00498164,0.005,ci_target_reached,-1.74264706,-1.76715155,-1.71814257
hard|7|10|-6|stand,hard,7,10,-6,stand,2304,32,2272,0,0.01388889,0.00911017,0.01866761,0.00477872,0.005,ci_target_reached,-0.97222222,-0.98178174,-0.96266271
hard|7|10|-7|hit,hard,7,10,-7,hit,5888,231,5175,482,0.03923234,0.03427323,0.04419144,0.00495911,0.005,ci_target_reached,-0.83967391,-0.8514659,-0.82788193
hard|7|10|-5|stand,hard,7,10,-5,stand,2048,26,2022,0,0.01269531,0.00784647,0.01754416,0.00484885,0.005,ci_target_reached,-0.97460938,-0.98430944,-0.96490931
hard|7|10|-6|double,hard,7,10,-6,double,4352,122,3887,343,0.02803309,0.02312884,0.03293734,0.00490425,0.005,ci_target_reached,-1.73023897,-1.75493946,-1.70553848
hard|7|10|-6|hit,hard,7,10,-6,hit,6656,292,5846,518,0.04387019,0.03894988,0.0487905,0.00492031,0.005,ci_target_reached,-0.8344351,-0.84585425,-0.82301594
hard|7|9|+10|stand,hard,7,9,10,stand,26880,6058,20822,0,0.22537202,0.22037699,0.23036705,0.00499503,0.005,ci_target_reached,-0.54925595,-0.5592462,-0.53926571
hard|7|10|-5|double,hard,7,10,-5,double,4608,135,4097,376,0.02929688,0.02442772,0.03416603,0.00486916,0.005,ci_target_reached,-1.71961806,-1.74406151,-1.6951746
hard|7|10|-4|stand,hard,7,10,-4,stand,3072,57,3015,0,0.01855469,0.01378263,0.02332674,0.00477205,0.005,ci_target_reached,-0.96289062,-0.97243629,-0.95334496
hard|7|10|-5|hit,hard,7,10,-5,hit,6144,252,5403,489,0.04101562,0.03605643,0.04597482,0.00495919,0.005,ci_target_reached,-0.83837891,-0.85004234,-0.82671547
hard|7|10|-3|stand,hard,7,10,-3,stand,2560,42,2518,0,0.01640625,0.0114853,0.0213272,0.00492095,0.005,ci_target_reached,-0.9671875,-0.97703132,-0.95734368
hard|7|9|+10|double,hard,7,9,10,double,26624,5934,20582,108,0.22288161,0.21788241,0.22788081,0.0049992,0.005,ci_target_reached,-1.10036058,-1.12036385,-1.08035731
hard|7|10|-4|double,hard,7,10,-4,double,4608,136,4146,326,0.02951389,0.02462728,0.0344005,0.00488661,0.005,ci_target_reached,-1.74045139,-1.76440062,-1.71650216
hard|7|10|-4|hit,hard,7,10,-4,hit,6144,255,5390,499,0.04150391,0.03651655,0.04649126,0.00498735,0.005,ci_target_reached,-0.83577474,-0.84751119,-0.82403829
hard|7|10|-2|stand,hard,7,10,-2,stand,2048,26,2022,0,0.01269531,0.00784647,0.01754416,0.00484885,0.005,ci_target_reached,-0.97460938,-0.98430944,-0.96490931
hard|7|10|+0|hit,hard,7,10,0,hit,29952,7866,19168,2918,0.26262019,0.25763648,0.2676039,0.00498371,0.005,ci_target_reached,-0.37733707,-0.38721152,-0.36746263
hard|7|10|+0|stand,hard,7,10,0,stand,26112,5628,20484,0,0.21553309,0.21054562,0.22052056,0.00498747,0.005,ci_target_reached,-0.56893382,-0.57890895,-0.55895869
hard|7|10|+0|double,hard,7,10,0,double,26624,5933,19582,1109,0.22284405,0.21784516,0.22784295,0.0049989,0.005,ci_target_reached,-1.0253155,-1.04535168,-1.00527933
hard|7|10|-3|hit,hard,7,10,-3,hit,5888,227,5201,460,0.03855299,0.03363527,0.04347071,0.00491772,0.005,ci_target_reached,-0.84476902,-0.85642615,-0.8331119
hard|7|10|-3|double,hard,7,10,-3,double,5120,175,4571,374,0.03417969,0.02920285,0.03915652,0.00497684,0.005,ci_target_reached,-1.7171875,-1.74105501,-1.69331999
hard|7|10|-1|stand,hard,7,10,-1,stand,2816,50,2766,0,0.01775568,0.01287795,0.02263342,0.00487773,0.005,ci_target_reached,-0.96448864,-0.97424584,-0.95473143
hard|7|10|-2|double,hard,7,10,-2,double,4608,136,4113,359,0.02951389,0.02462728,0.0344005,0.00488661,0.005,ci_target_reached,-1.72612847,-1.75044064,-1.7018163
hard|7|10|-2|hit,hard,7,10,-2,hit,6656,285,5835,536,0.04281851,0.03795486,0.04768216,0.00486365,0.005,ci_target_reached,-0.83383413,-0.8452102,-0.82245807
hard|7|10|-1|double,hard,7,10,-1,double,4352,122,3914,316,0.02803309,0.02312884,0.03293734,0.00490425,0.005,ci_target_reached,-1.74264706,-1.76701872,-1.7182754
hard|7|9|+10|hit,hard,7,9,10,hit,37632,15965,17249,4418,0.42424001,0.41924652,0.4292335,0.00499349,0.005,ci_target_reached,-0.0341199,-0.0436058,-0.024634
hard|7|10|-1|hit,hard,7,10,-1,hit,6144,252,5380,512,0.04101562,0.03605643,0.04597482,0.00495919,0.005,ci_target_reached,-0.83463542,-0.8463662,-0.82290464
hard|7|10|+1|stand,hard,7,10,1,stand,23552,4380,19172,0,0.18597147,0.18100228,0.19094065,0.00496918,0.005,ci_target_reached,-0.62805707,-0.63799565,-0.61811848
hard|7|10|+1|double,hard,7,10,1,double,23808,4510,19069,229,0.18943212,0.18445457,0.19440968,0.00497756,0.005,ci_target_reached,-1.22303427,-1.24298115,-1.20308739
hard|7|10|+2|stand,hard,7,10,2,stand,24064,4665,19399,0,0.19385805,0.18886323,0.19885287,0.00499482,0.005,ci_target_reached,-0.61228391,-0.62227376,-0.60229406
hard|7|10|+2|double,hard,7,10,2,double,24832,5010,19750,72,0.2017558,0.1967643,0.2067473,0.0049915,0.005,ci_target_reached,-1.18717784,-1.20715278,-1.16720289
hard|7|10|+3|stand,hard,7,10,3,stand,24832,4991,19841,0,0.20099066,0.19600624,0.20597507,0.00498441,0.005,ci_target_reached,-0.59801869,-0.60798771,-0.58804966
hard|7|10|+3|double,hard,7,10,3,double,24832,4964,19773,95,0.19990335,0.19492906,0.20487764,0.00497429,0.005,ci_target_reached,-1.19273518,-1.21264445,-1.17282591
hard|7|10|+1|hit,hard,7,10,1,hit,36352,13865,18313,4174,0.38140955,0.37641623,0.38640287,0.00499332,0.005,ci_target_reached,-0.12235915,-0.13194894,-0.11276937
hard|7|10|+2|hit,hard,7,10,2,hit,37120,14993,17731,4396,0.40390625,0.39891454,0.40889796,0.00499171,0.005,ci_target_reached,-0.07376078,-0.0832831,-0.06423845
hard|7|10|+3|hit,hard,7,10,3,hit,37120,15062,17696,4362,0.40576509,0.40076971,0.41076047,0.00499538,0.005,ci_target_reached,-0.07095905,-0.08048855,-0.06142955
hard|7|10|+4|stand,hard,7,10,4,stand,24576,4889,19687,0,0.19893392,0.1939429,0.20392494,0.00499102,0.005,ci_target_reached,-0.60213216,-0.6121144,-0.59214992
hard|7|10|+4|double,hard,7,10,4,double,25088,5098,19893,97,0.20320472,0.19822548,0.20818396,0.00497924,0.005,ci_target_reached,-1.17944834,-1.19937661,-1.15952008
hard|7|10|+5|stand,hard,7,10,5,stand,24320,4792,19528,0,0.19703947,0.1920403,0.20203864,0.00499917,0.005,ci_target_reached,-0.60592105,-0.6159196,-0.5959225
hard|7|10|+5|double,hard,7,10,5,double,24832,4995,19749,88,0.20115174,0.19616583,0.20613765,0.00498591,0.005,ci_target_reached,-1.18830541,-1.20825999,-1.16835083
hard|7|10|+4|hit,hard,7,10,4,hit,37120,14976,17829,4315,0.40344828,0.39845748,0.40843907,0.0049908,0.005,ci_target_reached,-0.07685884,-0.08639048,-0.0673272
hard|7|10|+6|stand,hard,7,10,6,stand,24576,4866,19710,0,0.19799805,0.19301588,0.20298022,0.00498217,0.005,ci_target_reached,-0.60400391,-0.61396845,-0.59403936
hard|7|10|+5|hit,hard,7,10,5,hit,37120,15027,17736,4357,0.4048222,0.39982867,0.40981573,0.00499353,0.005,ci_target_reached,-0.07297953,-0.08250818,-0.06345087
hard|7|10|+6|double,hard,7,10,6,double,24832,5000,19748,84,0.20135309,0.19636532,0.20634087,0.00498777,0.005,ci_target_reached,-1.18782216,-1.20778369,-1.16786064
hard|7|10|+6|hit,hard,7,10,6,hit,37120,15057,17736,4327,0.40563039,0.40063527,0.4106255,0.00499512,0.005,ci_target_reached,-0.07217134,-0.08170501,-0.06263766
hard|7|10|+7|stand,hard,7,10,7,stand,24576,4897,19679,0,0.19925944,0.19426536,0.20425352,0.00499408,0.005,ci_target_reached,-0.60148112,-0.61146949,-0.59149275
hard|7|10|+7|double,hard,7,10,7,double,24320,4771,19457,92,0.19617599,0.1911851,0.20116687,0.00499089,0.005,ci_target_reached,-1.20773026,-1.22770688,-1.18775365
hard|7|10|+8|stand,hard,7,10,8,stand,24576,4911,19665,0,0.1998291,0.19482966,0.20482854,0.00499944,0.005,ci_target_reached,-0.6003418,-0.61034088,-0.59034272
hard|7|10|+7|hit,hard,7,10,7,hit,37120,15040,17620,4460,0.40517241,0.40017819,0.41016663,0.00499422,0.005,ci_target_reached,-0.06950431,-0.07902057,-0.05998805
hard|7|10|+8|double,hard,7,10,8,double,24320,4755,19468,97,0.19551809,0.19053354,0.20050264,0.00498455,0.005,ci_target_reached,-1.20995066,-1.22990278,-1.18999853
hard|7|10|+9|stand,hard,7,10,9,stand,24832,4985,19847,0,0.20074903,0.19576686,0.2057312,0.00498217,0.005,ci_target_reached,-0.59850193,-0.60846647,-0.58853739
hard|7|10|+8|hit,hard,7,10,8,hit,37120,15001,17744,4375,0.40412177,0.39912962,0.40911391,0.00499214,0.005,ci_target_reached,-0.07389547,-0.08342076,-0.06437019
hard|8|A|-10|stand,hard,8,A,-10,stand,7168,345,6823,0,0.04813058,0.04317544,0.05308572,0.00495514,0.005,ci_target_reached,-0.90373884,-0.91364982,-0.89382786
hard|8|A|-10|hit,hard,8,A,-10,hit,8960,544,7669,747,0.06071429,0.05576951,0.06565906,0.00494477,0.005,ci_target_reached,-0.79520089,-0.80624176,-0.78416002
hard|7|10|+9|double,hard,7,10,9,double,24832,4966,19778,88,0.19998389,0.19500885,0.20495894,0.00497505,0.005,ci_target_reached,-1.1929768,-1.21288821,-1.17306539
hard|8|A|-9|hit,hard,8,A,-9,hit,8704,518,7488,698,0.05951287,0.05454261,0.06448312,0.00497025,0.005,ci_target_reached,-0.80078125,-0.81186989,-0.78969261
hard|8|A|-10|double,hard,8,A,-10,double,10496,764,8949,783,0.07278963,0.0678195,0.07775977,0.00497013,0.005,ci_target_reached,-1.55964177,-1.58119517,-1.53808836
hard|7|10|+9|hit,hard,7,10,9,hit,37120,15052,17606,4462,0.40549569,0.40050084,0.41049054,0.00499485,0.005,ci_target_reached,-0.06880388,-0.07832038,-0.05928738
hard|7|10|+10|stand,hard,7,10,10,stand,24832,5004,19828,0,0.20151418,0.19652491,0.20650344,0.00498927,0.005,ci_target_reached,-0.59697165,-0.60695038,-0.58699292
hard|8|A|-9|stand,hard,8,A,-9,stand,8448,491,7957,0,0.05812027,0.05313095,0.06310958,0.00498931,0.005,ci_target_reached,-0.88375947,-0.89373868,-0.87378026
hard|8|A|-9|double,hard,8,A,-9,double,10752,798,9066,888,0.07421875,0.06926399,0.07917351,0.00495476,0.005,ci_target_reached,-1.53794643,-1.55953535,-1.51635751
hard|8|A|-8|hit,hard,8,A,-8,hit,8704,515,7459,730,0.0591682,0.05421145,0.06412495,0.00495675,0.005,ci_target_reached,-0.79779412,-0.8089046,-0.78668364
hard|8|A|-8|stand,hard,8,A,-8,stand,7424,363,7061,0,0.04889547,0.04398995,0.053801,0.00490553,0.005,ci_target_reached,-0.90220905,-0.91202076,-0.89239734
hard|8|A|-7|hit,hard,8,A,-7,hit,8704,520,7433,751,0.05974265,0.05476342,0.06472188,0.00497923,0.005,ci_target_reached,-0.79423254,-0.80540754,-0.78305753
hard|8|A|-7|stand,hard,8,A,-7,stand,7936,424,7512,0,0.05342742,0.04847959,0.05837524,0.00494782,0.005,ci_target_reached,-0.89314516,-0.90304143,-0.88324889
hard|7|10|+10|double,hard,7,10,10,double,25088,5096,19894,98,0.203125,0.19814648,0.20810352,0.00497852,0.005,ci_target_reached,-1.1796875,-1.19961298,-1.15976202
hard|8|A|-8|double,hard,8,A,-8,double,10496,756,8914,826,0.07202744,0.06708136,0.07697351,0.00494608,0.005,ci_target_reached,-1.55449695,-1.57604725,-1.53294665
hard|7|10|+10|hit,hard,7,10,10,hit,37120,15048,17652,4420,0.40538793,0.40039329,0.41038257,0.00499464,0.005,ci_target_reached,-0.07015086,-0.07967249,-0.06062923
hard|8|A|-7|double,hard,8,A,-7,double,10240,717,8686,837,0.07001953,0.06507696,0.0749621,0.00494257,0.005,ci_target_reached,-1.55644531,-1.57810606,-1.53478456
hard|8|A|-6|stand,hard,8,A,-6,stand,7424,366,7058,0,0.04929957,0.04437486,0.05422428,0.00492471,0.005,ci_target_reached,-0.90140086,-0.91125094,-0.89155078
hard|8|A|-6|hit,hard,8,A,-6,hit,8704,515,7473,716,0.0591682,0.05421145,0.06412495,0.00495675,0.005,ci_target_reached,-0.79940257,-0.81049396,-0.78831119
hard|8|A|-6|double,hard,8,A,-6,double,9728,660,8310,758,0.06784539,0.06284794,0.07284284,0.00499745,0.005,ci_target_reached,-1.57277961,-1.59468236,-1.55087685
hard|8|A|-5|stand,hard,8,A,-5,stand,7936,423,7513,0,0.05330141,0.0483591,0.05824373,0.00494232,0.005,ci_target_reached,-0.89339718,-0.90328243,-0.88351192
hard|8|A|-5|hit,hard,8,A,-5,hit,9216,583,7857,776,0.06325955,0.05828954,0.06822956,0.00497001,0.005,ci_target_reached,-0.78927951,-0.80032846,-0.77823056
hard|8|A|-4|stand,hard,8,A,-4,stand,7424,374,7050,0,0.05037716,0.04540174,0.05535257,0.00497542,0.005,ci_target_reached,-0.89924569,-0.90919719,-0.88929419
hard|8|A|-4|hit,hard,8,A,-4,hit,9472,620,8091,761,0.06545608,0.06047516,0.07043701,0.00498093,0.005,ci_target_reached,-0.78874578,-0.79973152,-0.77776003
hard|8|A|-5|double,hard,8,A,-5,double,10496,745,8912,839,0.07097942,0.06606669,0.07589215,0.00491273,0.005,ci_target_reached,-1.55621189,-1.57767463,-1.53474915
hard|8|A|-3|stand,hard,8,A,-3,stand,7168,342,6826,0,0.04771205,0.04277742,0.05264669,0.00493464,0.005,ci_target_reached,-0.90457589,-0.91444586,-0.89470593
hard|8|A|-3|hit,hard,8,A,-3,hit,9472,611,8057,804,0.06450591,0.05955876,0.06945307,0.00494715,0.005,ci_target_reached,-0.78610642,-0.79708509,-0.77512775
hard|8|A|-4|double,hard,8,A,-4,double,10496,752,8893,851,0.07164634,0.06671236,0.07658033,0.00493399,0.005,ci_target_reached,-1.55125762,-1.57281245,-1.52970279
hard|8|A|+0|hit,hard,8,A,0,hit,27136,6197,18403,2536,0.22836822,0.22337356,0.23336288,0.00499466,0.005,ci_target_reached,-0.44980837,-0.45979329,-0.43982346
hard|8|A|+0|stand,hard,8,A,0,stand,16384,1947,14437,0,0.11883545,0.1138804,0.12379049,0.00495505,0.005,ci_target_reached,-0.7623291,-0.77223949,-0.75241871
hard|8|A|+0|double,hard,8,A,0,double,22016,3795,16876,1345,0.17237464,0.16738533,0.17736395,0.00498931,0.005,ci_target_reached,-1.18831759,-1.20853997,-1.1680952
hard|8|A|-2|hit,hard,8,A,-2,hit,8704,519,7460,725,0.05962776,0.05465301,0.0646025,0.00497474,0.005,ci_target_reached,-0.79744945,-0.80858224,-0.78631666
hard|8|A|-2|stand,hard,8,A,-2,stand,7680,396,7284,0,0.0515625,0.04661658,0.05650842,0.00494592,0.005,ci_target_reached,-0.896875,-0.90676748,-0.88698252
hard|8|A|-3|double,hard,8,A,-3,double,9728,658,8325,745,0.0676398,0.06264938,0.07263023,0.00499042,0.005,ci_target_reached,-1.57627467,-1.59812633,-1.55442301
hard|8|A|-1|stand,hard,8,A,-1,stand,8192,456,7736,0,0.05566406,0.05069915,0.06062898,0.00496491,0.005,ci_target_reached,-0.88867188,-0.89860231,-0.87874144
hard|8|A|-1|hit,hard,8,A,-1,hit,9216,590,7853,773,0.0640191,0.05902136,0.06901683,0.00499773,0.005,ci_target_reached,-0.78808594,-0.79917647,-0.77699541
hard|8|A|-2|double,hard,8,A,-2,double,10240,733,8724,783,0.07158203,0.06658882,0.07657524,0.00499321,0.005,ci_target_reached,-1.56074219,-1.58246952,-1.53901486
hard|8|A|+1|stand,hard,8,A,1,stand,6912,325,6587,0,0.04701968,0.04202927,0.05201008,0.00499041,0.005,ci_target_reached,-0.90596065,-0.91594218,-0.89597911
hard|8|A|-1|double,hard,8,A,-1,double,9984,684,8500,800,0.06850962,0.06355433,0.0734649,0.00495529,0.005,ci_target_reached,-1.56570513,-1.58744387,-1.54396639
hard|8|A|+1|double,hard,8,A,1,double,7680,393,7020,267,0.05117187,0.04624371,0.05610004,0.00492816,0.005,ci_target_reached,-1.72578125,-1.74679433,-1.70476817
hard|8|A|+2|stand,hard,8,A,2,stand,7424,372,7052,0,0.05010776,0.04514496,0.05507056,0.0049628,0.005,ci_target_reached,-0.89978448,-0.90971075,-0.88985821
hard|8|A|+3|stand,hard,8,A,3,stand,6912,315,6597,0,0.04557292,0.04065616,0.05048968,0.00491676,0.005,ci_target_reached,-0.90885417,-0.9186884,-0.89901994
hard|8|A|+2|double,hard,8,A,2,double,7680,397,7051,232,0.05169271,0.04674089,0.05664453,0.00495182,0.005,ci_target_reached,-1.7328125,-1.75375297,-1.71187203
hard|8|A|+3|double,hard,8,A,3,double,7168,349,6614,205,0.04868862,0.04370629,0.05367094,0.00498233,0.005,ci_target_reached,-1.74804688,-1.76913847,-1.72695528
hard|8|A|+4|stand,hard,8,A,4,stand,6912,322,6590,0,0.04658565,0.0416172,0.0515541,0.00496845,0.005,ci_target_reached,-0.9068287,-0.91676633,-0.89689108
hard|8|A|+4|double,hard,8,A,4,double,8448,477,7742,229,0.05646307,0.05154108,0.06138506,0.00492199,0.005,ci_target_reached,-1.71993371,-1.7405371,-1.69933032
hard|8|A|+5|stand,hard,8,A,5,stand,7168,343,6825,0,0.04785156,0.04291008,0.05279305,0.00494148,0.005,ci_target_reached,-0.90429688,-0.91418053,-0.89441322
hard|8|A|+5|double,hard,8,A,5,double,7936,425,7288,223,0.05355343,0.0486001,0.05850675,0.00495333,0.005,ci_target_reached,-1.72958669,-1.75041569,-1.7087577
hard|8|A|+6|stand,hard,8,A,6,stand,6912,324,6588,0,0.046875,0.0418919,0.0518581,0.0049831,0.005,ci_target_reached,-0.90625,-0.91621693,-0.89628307
hard|8|A|+6|double,hard,8,A,6,double,7680,393,7071,216,0.05117187,0.04624371,0.05610004,0.00492816,0.005,ci_target_reached,-1.7390625,-1.7598427,-1.7182823
hard|8|A|+1|hit,hard,8,A,1,hit,30464,8282,17858,4324,0.27186187,0.26686563,0.27685811,0.00499624,0.005,ci_target_reached,-0.31433824,-0.32412329,-0.30455318
hard|8|A|+7|stand,hard,8,A,7,stand,6656,296,6360,0,0.04447115,0.03951881,0.04942349,0.00495234,0.005,ci_target_reached,-0.91105769,-0.92096312,-0.90115227
hard|8|A|+2|hit,hard,8,A,2,hit,31744,9188,17946,4610,0.28944052,0.28445162,0.29442943,0.0049889,0.005,ci_target_reached,-0.27589466,-0.28560211,-0.2661872
hard|8|A|+7|double,hard,8,A,7,double,7680,397,7064,219,0.05169271,0.04674089,0.05664453,0.00495182,0.005,ci_target_reached,-1.73619792,-1.7570789,-1.71531693
hard|8|A|+3|hit,hard,8,A,3,hit,31744,9190,17975,4579,0.28950353,0.2845143,0.29449275,0.00498923,0.005,ci_target_reached,-0.27674521,-0.28645582,-0.2670346
hard|8|A|+8|stand,hard,8,A,8,stand,7168,348,6820,0,0.04854911,0.04357356,0.05352465,0.00497555,0.005,ci_target_reached,-0.90290179,-0.91285358,-0.89295
hard|8|A|+4|hit,hard,8,A,4,hit,31744,9184,18056,4504,0.28931452,0.28432626,0.29430278,0.00498826,0.005,ci_target_reached,-0.27948589,-0.28920172,-0.26977005
hard|8|A|+8|double,hard,8,A,8,double,7936,428,7275,233,0.05393145,0.04896167,0.05890124,0.00496978,0.005,ci_target_reached,-1.72555444,-1.74648651,-1.70462236
hard|8|A|+9|stand,hard,8,A,9,stand,6400,268,6132,0,0.041875,0.03696756,0.04678244,0.00490744,0.005,ci_target_reached,-0.91625,-0.92606564,-0.90643436
hard|8|A|+5|hit,hard,8,A,5,hit,31488,9001,17869,4618,0.28585493,0.28086437,0.29084549,0.00499056,0.005,ci_target_reached,-0.2816311,-0.2913489,-0.2719133
hard|8|A|+9|double,hard,8,A,9,double,7680,389,7080,211,0.05065104,0.04574668,0.0555554,0.00490436,0.005,ci_target_reached,-1.74244792,-1.7631173,-1.72177854
hard|8|A|+10|stand,hard,8,A,10,stand,5888,223,5665,0,0.03787364,0.03299772,0.04274956,0.00487592,0.005,ci_target_reached,-0.92425272,-0.93400539,-0.91450004
hard|8|A|+6|hit,hard,8,A,6,hit,31744,9230,17961,4553,0.29076361,0.28576797,0.29575924,0.00499564,0.005,ci_target_reached,-0.2750441,-0.28476566,-0.26532254
hard|8|A|+10|double,hard,8,A,10,double,7424,363,6840,221,0.04889547,0.04398995,0.053801,0.00490553,0.005,ci_target_reached,-1.74488147,-1.76568568,-1.72407725
hard|8|A|+7|hit,hard,8,A,7,hit,31744,9147,18099,4498,0.28814894,0.28316666,0.29313122,0.00498228,0.005,ci_target_reached,-0.28200605,-0.29171424,-0.27229785
hard|8|A|+8|hit,hard,8,A,8,hit,31232,8814,17809,4609,0.28221055,0.27721894,0.28720217,0.00499162,0.005,ci_target_reached,-0.28800589,-0.29773475,-0.27827704
hard|8|A|+9|hit,hard,8,A,9,hit,31488,9034,17891,4563,0.28690295,0.28190691,0.29189898,0.00499603,0.005,ci_target_reached,-0.28128176,-0.29101175,-0.27155177
hard|8|A|+10|hit,hard,8,A,10,hit,31488,9054,17873,4561,0.28753811,0.28253878,0.29253744,0.00499933,0.005,ci_target_reached,-0.28007495,-0.28980958,-0.27034031
hard|8|2|-10|hit,hard,8,2,-10,hit,37632,16100,19596,1936,0.42782738,0.42282847,0.43282629,0.00499891,0.005,ci_target_reached,-0.09289966,-0.10269523,-0.08310409
hard|8|2|-10|stand,hard,8,2,-10,stand,36608,14324,22284,0,0.39128059,0.38628116,0.39628003,0.00499943,0.005,ci_target_reached,-0.21743881,-0.22743781,-0.20743981
hard|8|2|-10|double,hard,8,2,-10,double,37632,15740,19968,1924,0.41826105,0.4132772,0.42324491,0.00498385,0.005,ci_target_reached,-0.22470238,-0.24425519,-0.20514957
hard|8|2|-9|hit,hard,8,2,-9,hit,37632,15876,19849,1907,0.421875,0.41688523,0.42686477,0.00498977,0.005,ci_target_reached,-0.10557504,-0.11536151,-0.09578857
hard|8|2|-9|stand,hard,8,2,-9,stand,36352,13824,22528,0,0.38028169,0.37529122,0.38527216,0.00499047,0.005,ci_target_reached,-0.23943662,-0.2494177,-0.22945553
hard|8|2|-9|double,hard,8,2,-9,double,37376,15592,19988,1796,0.4171661,0.41216706,0.42216514,0.00499904,0.005,ci_target_reached,-0.23523116,-0.25487034,-0.21559198
hard|8|2|-8|hit,hard,8,2,-8,hit,37376,15519,19947,1910,0.41521297,0.4102173,0.42020864,0.00499567,0.005,ci_target_reached,-0.11847175,-0.1282743,-0.10866919
hard|8|2|-8|stand,hard,8,2,-8,stand,36608,14332,22276,0,0.39149913,0.38649919,0.39649906,0.00499993,0.005,ci_target_reached,-0.21700175,-0.22700175,-0.20700175
hard|8|2|-8|double,hard,8,2,-8,double,37376,15463,20011,1902,0.41371468,0.40872165,0.41870772,0.00499304,0.005,ci_target_reached,-0.24336473,-0.26296399,-0.22376546
hard|8|2|-7|hit,hard,8,2,-7,hit,37632,15788,20000,1844,0.41953656,0.41455059,0.42452254,0.00498597,0.005,ci_target_reached,-0.11192602,-0.12171402,-0.10213802
hard|8|2|-7|stand,hard,8,2,-7,stand,36352,13900,22452,0,0.38237236,0.37737663,0.38736808,0.00499572,0.005,ci_target_reached,-0.23525528,-0.24524687,-0.22526369
hard|8|2|-7|double,hard,8,2,-7,double,37376,15399,20161,1816,0.41200235,0.40701239,0.41699232,0.00498996,0.005,ci_target_reached,-0.25481592,-0.27442436,-0.23520748
hard|8|2|-6|stand,hard,8,2,-6,stand,36352,13921,22431,0,0.38295004,0.37795289,0.3879472,0.00499716,0.005,ci_target_reached,-0.23409991,-0.24409437,-0.22410546
hard|8|2|-6|hit,hard,8,2,-6,hit,37376,15553,19990,1833,0.41612265,0.41112539,0.4211199,0.00499725,0.005,ci_target_reached,-0.11871254,-0.12852559,-0.10889949
hard|8|2|-6|double,hard,8,2,-6,double,37376,15488,20073,1815,0.41438356,0.40938934,0.41937778,0.00499422,0.005,ci_target_reached,-0.24534461,-0.26496574,-0.22572347
hard|8|2|-5|hit,hard,8,2,-5,hit,37632,15956,19755,1921,0.42400085,0.41900773,0.42899397,0.00499312,0.005,ci_target_reached,-0.10095132,-0.11074083,-0.09116181
hard|8|2|-5|stand,hard,8,2,-5,stand,36608,14207,22401,0,0.38808457,0.38309254,0.3930766,0.00499203,0.005,ci_target_reached,-0.22383086,-0.23381505,-0.21384667
hard|8|2|-5|double,hard,8,2,-5,double,37376,15465,20076,1835,0.41376819,0.40877506,0.41876132,0.00499313,0.005,ci_target_reached,-0.24673587,-0.2663496,-0.22712214
hard|8|2|-4|stand,hard,8,2,-4,stand,36608,14302,22306,0,0.39067963,0.38568157,0.39567769,0.00499806,0.005,ci_target_reached,-0.21864073,-0.22863699,-0.20864448
hard|8|2|-4|hit,hard,8,2,-4,hit,37632,15818,19874,1940,0.42033376,0.41534648,0.42532104,0.00498728,0.005,ci_target_reached,-0.10778061,-0.11756005,-0.09800117
hard|8|2|-3|stand,hard,8,2,-3,stand,36608,14106,22502,0,0.38532561,0.38034016,0.39031106,0.00498545,0.005,ci_target_reached,-0.22934878,-0.23931982,-0.21937774
hard|8|2|-4|double,hard,8,2,-4,double,37632,15825,19959,1848,0.42051977,0.41553219,0.42550735,0.00498758,0.005,ci_target_reached,-0.21970663,-0.23928631,-0.20012696
hard|8|2|-3|hit,hard,8,2,-3,hit,37376,15617,19940,1819,0.41783497,0.4128348,0.42283515,0.00500017,0.005,ci_target_reached,-0.11566246,-0.12548121,-0.1058437
hard|8|2|+0|hit,hard,8,2,0,hit,38144,17089,18006,3049,0.44801279,0.44302219,0.45300339,0.0049906,0.005,ci_target_reached,-0.02404048,-0.03366373,-0.01441723
hard|8|2|+0|stand,hard,8,2,0,stand,35072,12312,22760,0,0.35104927,0.34605392,0.35604462,0.00499535,0.005,ci_target_reached,-0.29790146,-0.3078923,-0.28791062
hard|8|2|+0|double,hard,8,2,0,double,37376,15516,19552,2308,0.41513271,0.41013717,0.42012824,0.00499553,0.005,ci_target_reached,-0.21596747,-0.23548563,-0.1964493
hard|8|2|-3|double,hard,8,2,-3,double,37376,15488,20041,1847,0.41438356,0.40938934,0.41937778,0.00499422,0.005,ci_target_reached,-0.24363228,-0.26324663,-0.22401792
hard|8|2|-2|hit,hard,8,2,-2,hit,37376,15539,20014,1823,0.41574807,0.41075147,0.42074468,0.0049966,0.005,ci_target_reached,-0.11972924,-0.12954242,-0.10991606
hard|8|2|-2|stand,hard,8,2,-2,stand,36352,13936,22416,0,0.38336268,0.3783645,0.38836085,0.00499818,0.005,ci_target_reached,-0.23327465,-0.24327114,-0.22327815
hard|8|2|-2|double,hard,8,2,-2,double,37376,15614,19911,1851,0.41775471,0.41275467,0.42275475,0.00500004,0.005,ci_target_reached,-0.22993365,-0.24956387,-0.21030342
hard|8|2|-1|stand,hard,8,2,-1,stand,36608,14095,22513,0,0.38502513,0.38004041,0.39000986,0.00498473,0.005,ci_target_reached,-0.22994974,-0.23991933,-0.21998015
hard|8|2|-1|hit,hard,8,2,-1,hit,37632,15788,19870,1974,0.41953656,0.41455059,0.42452254,0.00498597,0.005,ci_target_reached,-0.10847151,-0.11824546,-0.09869757
hard|8|2|+1|stand,hard,8,2,1,stand,33536,10702,22834,0,0.31911975,0.31413076,0.32410874,0.00498899,0.005,ci_target_reached,-0.3617605,-0.37173863,-0.35178237
hard|8|2|+1|hit,hard,8,2,1,hit,35840,13063,20902,1875,0.36448103,0.35949822,0.36946383,0.0049828,0.005,ci_target_reached,-0.2187221,-0.22854324,-0.20890096
hard|8|2|-1|double,hard,8,2,-1,double,37376,15594,19925,1857,0.41721961,0.41222048,0.42221874,0.00499913,0.005,ci_target_reached,-0.231753,-0.25137934,-0.21212665
hard|8|2|+1|double,hard,8,2,1,double,34560,11780,21374,1406,0.34085648,0.33585907,0.34585389,0.00499741,0.005,ci_target_reached,-0.55520833,-0.57501457,-0.53540209
hard|8|2|+2|stand,hard,8,2,2,stand,29440,7528,21912,0,0.25570652,0.25072307,0.26068997,0.00498345,0.005,ci_target_reached,-0.48858696,-0.49855403,-0.47861989
hard|8|2|+2|hit,hard,8,2,2,hit,33024,10239,20949,1836,0.31004724,0.3050588,0.31503568,0.00498844,0.005,ci_target_reached,-0.32430959,-0.33419029,-0.3144289
hard|8|2|+2|double,hard,8,2,2,double,29952,7856,21212,884,0.26228632,0.25730466,0.26726799,0.00498167,0.005,ci_target_reached,-0.89182692,-0.91172402,-0.87192982
hard|8|2|+3|stand,hard,8,2,3,stand,27648,6480,21168,0,0.234375,0.2293817,0.2393683,0.0049933,0.005,ci_target_reached,-0.53125,-0.54123679,-0.52126321
hard|8|2|+3|double,hard,8,2,3,double,28160,6752,20666,742,0.23977273,0.23478605,0.24475941,0.00498668,0.005,ci_target_reached,-0.98821023,-1.00816254,-0.96825791
hard|8|2|+4|stand,hard,8,2,4,stand,27648,6460,21188,0,0.23365162,0.22866367,0.23863957,0.00498795,0.005,ci_target_reached,-0.53269676,-0.54267283,-0.52272069
hard|8|2|+3|hit,hard,8,2,3,hit,32256,9603,20781,1872,0.29771205,0.29272198,0.30270212,0.00499007,0.005,ci_target_reached,-0.34654018,-0.35643391,-0.33664644
hard|8|2|+4|double,hard,8,2,4,double,27648,6485,20409,754,0.23455584,0.22956121,0.23955048,0.00499464,0.005,ci_target_reached,-1.0072338,-1.0272258,-0.98724179
hard|8|2|+4|hit,hard,8,2,4,hit,32000,9428,20714,1858,0.294625,0.28963011,0.29961989,0.00499489,0.005,ci_target_reached,-0.3526875,-0.36259456,-0.34278044
hard|8|2|+5|stand,hard,8,2,5,stand,26880,6074,20806,0,0.22596726,0.22096756,0.23096696,0.0049997,0.005,ci_target_reached,-0.54806548,-0.55806506,-0.53806589
hard|8|2|+5|hit,hard,8,2,5,hit,32000,9405,20730,1865,0.29390625,0.28891492,0.29889758,0.00499133,0.005,ci_target_reached,-0.35390625,-0.36380676,-0.34400574
hard|8|2|+5|double,hard,8,2,5,double,27648,6413,20492,743,0.23195168,0.2269764,0.23692695,0.00497528,0.005,ci_target_reached,-1.01844618,-1.03836465,-0.99852771
hard|8|2|+6|stand,hard,8,2,6,stand,27136,6213,20923,0,0.22895784,0.22395865,0.23395704,0.00499919,0.005,ci_target_reached,-0.54208432,-0.55208289,-0.53208574
hard|8|2|+6|double,hard,8,2,6,double,27648,6444,20411,793,0.23307292,0.22808927,0.23805656,0.00498365,0.005,ci_target_reached,-1.01034433,-1.03029487,-0.99039379
hard|8|2|+6|hit,hard,8,2,6,hit,32000,9353,20777,1870,0.29228125,0.28729801,0.29726449,0.00498324,0.005,ci_target_reached,-0.357,-0.36688622,-0.34711378
hard|8|2|+7|stand,hard,8,2,7,stand,27136,6216,20920,0,0.2290684,0.22406835,0.23406844,0.00500004,0.005,ci_target_reached,-0.54186321,-0.55186348,-0.53186294
hard|8|2|+7|double,hard,8,2,7,double,27648,6471,20455,722,0.23404948,0.22905858,0.23904037,0.00499089,0.005,ci_target_reached,-1.01157407,-1.03155171,-0.99159644
hard|8|2|+7|hit,hard,8,2,7,hit,31744,9143,20774,1827,0.28802293,0.2830413,0.29300457,0.00498163,0.005,ci_target_reached,-0.36639995,-0.37628982,-0.35651008
hard|8|2|+8|stand,hard,8,2,8,stand,27136,6175,20961,0,0.22755749,0.22256908,0.23254589,0.00498841,0.005,ci_target_reached,-0.54488502,-0.55486202,-0.53490803
hard|8|2|+8|hit,hard,8,2,8,hit,32000,9415,20705,1880,0.29421875,0.28922587,0.29921163,0.00499288,0.005,ci_target_reached,-0.3528125,-0.36271486,-0.34291014
hard|8|2|+8|double,hard,8,2,8,double,28160,6726,20681,753,0.23884943,0.23386934,0.24382952,0.00498009,0.005,ci_target_reached,-0.99112216,-1.01104941,-0.97119491
hard|8|2|+9|stand,hard,8,2,9,stand,27136,6178,20958,0,0.22766804,0.22267878,0.2326573,0.00498926,0.005,ci_target_reached,-0.54466392,-0.55464262,-0.53468521
hard|8|2|+9|double,hard,8,2,9,double,27648,6484,20457,707,0.23451968,0.2295253,0.23951405,0.00499437,0.005,ci_target_reached,-1.01077836,-1.03076913,-0.99078758
hard|8|2|+9|hit,hard,8,2,9,hit,31744,9258,20683,1803,0.29164567,0.28664557,0.29664576,0.0050001,0.005,ci_target_reached,-0.35991053,-0.36983381,-0.34998725
hard|8|2|+10|stand,hard,8,2,10,stand,27136,6152,20984,0,0.22670991,0.22172807,0.23169174,0.00498184,0.005,ci_target_reached,-0.54658019,-0.55654405,-0.53661633
hard|8|2|+10|double,hard,8,2,10,double,27648,6415,20505,728,0.23202402,0.2270482,0.23699983,0.00497582,0.005,ci_target_reached,-1.0192419,-1.03916228,-0.99932152
hard|8|2|+10|hit,hard,8,2,10,hit,31744,9211,20735,1798,0.29016507,0.28517247,0.29515767,0.0049926,0.005,ci_target_reached,-0.36302923,-0.37293972,-0.35311875
hard|8|3|-10|hit,hard,8,3,-10,hit,38144,20999,16026,1119,0.55051909,0.54552697,0.5555112,0.00499212,0.005,ci_target_reached,0.13037437,0.1205739,0.14017484
hard|8|3|-10|double,hard,8,3,-10,double,38144,20948,16064,1132,0.54918205,0.54418859,0.55417551,0.00499346,0.005,ci_target_reached,0.25608221,0.23647858,0.27568585
hard|8|3|-10|stand,hard,8,3,-10,stand,38400,20509,17891,0,0.53408854,0.52909914,0.53907795,0.00498941,0.005,ci_target_reached,0.06817708,0.05819814,0.07815602
hard|8|3|-9|hit,hard,8,3,-9,hit,38144,21027,16015,1102,0.55125315,0.54626178,0.55624451,0.00499136,0.005,ci_target_reached,0.13139681,0.12159543,0.1411982
hard|8|3|-9|stand,hard,8,3,-9,stand,38400,20416,17984,0,0.53166667,0.52667567,0.53665767,0.004991,0.005,ci_target_reached,0.06333333,0.0533512,0.07331547
hard|8|3|-9|double,hard,8,3,-9,double,38144,21038,16048,1058,0.55154153,0.54655046,0.55653259,0.00499106,0.005,ci_target_reached,0.2616401,0.24202393,0.28125627
hard|8|3|-8|hit,hard,8,3,-8,hit,38144,20921,16174,1049,0.5484742,0.54348004,0.55346836,0.00499416,0.005,ci_target_reached,0.12444945,0.11463181,0.1342671
hard|8|3|-8|stand,hard,8,3,-8,stand,38400,20420,17980,0,0.53177083,0.5267799,0.53676177,0.00499094,0.005,ci_target_reached,0.06354167,0.05355967,0.07352367
hard|8|3|-8|double,hard,8,3,-8,double,38144,20978,16156,1010,0.54996854,0.54497587,0.55496122,0.00499268,0.005,ci_target_reached,0.25283138,0.23319066,0.27247209
hard|8|3|-7|hit,hard,8,3,-7,hit,38144,21109,16007,1028,0.55340289,0.5484138,0.55839199,0.00498909,0.005,ci_target_reached,0.13375629,0.12394816,0.14356443
hard|8|3|-7|stand,hard,8,3,-7,stand,38400,20599,17801,0,0.53643229,0.53144454,0.54142004,0.00498775,0.005,ci_target_reached,0.07286458,0.06288896,0.08284021
hard|8|3|-7|double,hard,8,3,-7,double,38144,21009,16131,1004,0.55078125,0.5457894,0.5557731,0.00499185,0.005,ci_target_reached,0.25576762,0.23612912,0.27540611
hard|8|3|-6|hit,hard,8,3,-6,hit,38144,21117,15950,1077,0.55361263,0.54862376,0.55860149,0.00498887,0.005,ci_target_reached,0.13546036,0.12566118,0.14525954
hard|8|3|-6|stand,hard,8,3,-6,stand,38400,20318,18082,0,0.52911458,0.52412203,0.53410714,0.00499256,0.005,ci_target_reached,0.05822917,0.04824392,0.06821441
hard|8|3|-6|double,hard,8,3,-6,double,38144,20997,16037,1110,0.55046665,0.54547448,0.55545882,0.00499217,0.005,ci_target_reached,0.26006711,0.24046284,0.27967139
hard|8|3|-5|hit,hard,8,3,-5,hit,38144,21040,15996,1108,0.55159396,0.54660295,0.55658497,0.00499101,0.005,ci_target_reached,0.13223574,0.1224363,0.14203518
hard|8|3|-5|stand,hard,8,3,-5,stand,38400,20389,18011,0,0.53096354,0.5259721,0.53595498,0.00499144,0.005,ci_target_reached,0.06192708,0.05194407,0.0719101
hard|8|3|-5|double,hard,8,3,-5,double,38144,20816,16256,1072,0.54572148,0.5407247,0.55071825,0.00499677,0.005,ci_target_reached,0.23909396,0.21945259,0.25873533
hard|8|3|-4|hit,hard,8,3,-4,hit,38144,21050,16006,1088,0.55185612,0.54686539,0.55684686,0.00499074,0.005,ci_target_reached,0.13223574,0.1224336,0.14203787
hard|8|3|-4|stand,hard,8,3,-4,stand,38400,20389,18011,0,0.53096354,0.5259721,0.53595498,0.00499144,0.005,ci_target_reached,0.06192708,0.05194407,0.0719101
hard|8|3|-4|double,hard,8,3,-4,double,38144,21153,15929,1062,0.55455642,0.54956858,0.55954425,0.00498784,0.005,ci_target_reached,0.2739094,0.25431118,0.29350761
hard|8|3|-3|hit,hard,8,3,-3,hit,38144,20971,16121,1052,0.54978503,0.54479217,0.55477789,0.00499286,0.005,ci_target_reached,0.12714975,0.117336,0.1369635
hard|8|3|+0|hit,hard,8,3,0,hit,38400,17908,17500,2992,0.46635417,0.46136446,0.47134387,0.00498971,0.005,ci_target_reached,0.010625,0.00102095,0.02022905
hard|8|3|+0|stand,hard,8,3,0,stand,36096,13413,22683,0,0.37159242,0.36660724,0.3765776,0.00498518,0.005,ci_target_reached,-0.25681516,-0.26678565,-0.24684467
hard|8|3|-3|stand,hard,8,3,-3,stand,38400,20252,18148,0,0.52739583,0.5224023,0.53238936,0.00499353,0.005,ci_target_reached,0.05479167,0.04480448,0.06477885
hard|8|3|-3|double,hard,8,3,-3,double,38144,21043,16052,1049,0.55167261,0.54668168,0.55666354,0.00499093,0.005,ci_target_reached,0.26169253,0.24207401,0.28131106
hard|8|3|+0|double,hard,8,3,0,double,37888,16464,19072,2352,0.43454392,0.42955253,0.43953531,0.00499139,0.005,ci_target_reached,-0.13766892,-0.15712362,-0.11821421
hard|8|3|-2|hit,hard,8,3,-2,hit,38144,21139,15954,1051,0.55418939,0.54920115,0.55917763,0.00498824,0.005,ci_target_reached,0.13593226,0.12613023,0.14573428
hard|8|3|-2|stand,hard,8,3,-2,stand,38400,20561,17839,0,0.53544271,0.53045425,0.54043117,0.00498846,0.005,ci_target_reached,0.07088542,0.06090836,0.08086247
hard|8|3|-2|double,hard,8,3,-2,double,38144,20859,16206,1079,0.54684878,0.54185306,0.5518445,0.00499572,0.005,ci_target_reached,0.24397022,0.22433677,0.26360366
hard|8|3|-1|hit,hard,8,3,-1,hit,38144,20881,16138,1125,0.54742555,0.54243037,0.55242072,0.00499517,0.005,ci_target_reached,0.12434459,0.11453704,0.13415214
hard|8|3|-1|stand,hard,8,3,-1,stand,38400,20384,18016,0,0.53083333,0.52584181,0.53582486,0.00499152,0.005,ci_target_reached,0.06166667,0.05168349,0.07164984
hard|8|3|-1|double,hard,8,3,-1,double,38144,20867,16226,1051,0.54705852,0.54206299,0.55205404,0.00499552,0.005,ci_target_reached,0.24334102,0.22369926,0.26298278
hard|8|3|+2|stand,hard,8,3,2,stand,30720,8430,22290,0,0.27441406,0.26942415,0.27940398,0.00498991,0.005,ci_target_reached,-0.45117188,-0.46115187,-0.44119188
hard|8|3|+2|double,hard,8,3,2,double,30720,8434,21506,780,0.27454427,0.26955362,0.27953492,0.00499065,0.005,ci_target_reached,-0.85104167,-0.87096524,-0.83111809
hard|8|3|+2|hit,hard,8,3,2,hit,33792,10990,21033,1769,0.32522491,0.32023008,0.33021973,0.00499483,0.005,ci_target_reached,-0.29720052,-0.30708454,-0.2873165
hard|8|3|+1|stand,hard,8,3,1,stand,37376,15454,21922,0,0.41347389,0.40848128,0.41846649,0.00499261,0.005,ci_target_reached,-0.17305223,-0.18303757,-0.16306688
hard|8|3|+1|hit,hard,8,3,1,hit,38144,17057,19603,1484,0.44717387,0.44218416,0.45216358,0.00498971,0.005,ci_target_reached,-0.06674706,-0.0765628,-0.05693133
hard|8|3|+1|double,hard,8,3,1,double,37632,15735,20885,1012,0.41812819,0.41314456,0.42311182,0.00498363,0.005,ci_target_reached,-0.27370323,-0.29344444,-0.25396202
hard|8|3|+3|stand,hard,8,3,3,stand,27392,6267,21125,0,0.22878943,0.22381494,0.23376392,0.00497449,0.005,ci_target_reached,-0.54242114,-0.55237031,-0.53247198
hard|8|3|+3|hit,hard,8,3,3,hit,31744,9188,20773,1783,0.28944052,0.28445162,0.29442943,0.0049889,0.005,ci_target_reached,-0.36495086,-0.37485568,-0.35504603
hard|8|3|+3|double,hard,8,3,3,double,27904,6564,20605,735,0.23523509,0.23025843,0.24021175,0.00497666,0.005,ci_target_reached,-1.00637901,-1.02629792,-0.9864601
hard|8|3|+4|stand,hard,8,3,4,stand,27392,6293,21099,0,0.22973861,0.22475688,0.23472034,0.00498173,0.005,ci_target_reached,-0.54052278,-0.55048642,-0.53055914
hard|8|3|+4|double,hard,8,3,4,double,27392,6277,20409,706,0.2291545,0.22417722,0.23413178,0.00497728,0.005,ci_target_reached,-1.03183411,-1.0517645,-1.01190372
hard|8|3|+4|hit,hard,8,3,4,hit,31488,8945,20745,1798,0.28407647,0.27909527,0.28905768,0.00498121,0.005,ci_target_reached,-0.37474593,-0.38464065,-0.36485122
hard|8|3|+5|stand,hard,8,3,5,stand,27136,6140,20996,0,0.22626769,0.22128929,0.23124609,0.0049784,0.005,ci_target_reached,-0.54746462,-0.55742161,-0.53750764
hard|8|3|+5|double,hard,8,3,5,double,26880,6071,20060,749,0.22585565,0.22085683,0.23085448,0.00499882,0.005,ci_target_reached,-1.04084821,-1.06087124,-1.02082519
hard|8|3|+5|hit,hard,8,3,5,hit,31488,8996,20727,1765,0.28569614,0.28070641,0.29068587,0.00498973,0.005,ci_target_reached,-0.37255462,-0.38246588,-0.36264337
hard|8|3|+6|stand,hard,8,3,6,stand,26880,5998,20882,0,0.22313988,0.21816249,0.22811727,0.00497739,0.005,ci_target_reached,-0.55372024,-0.5636752,-0.54376528
hard|8|3|+6|double,hard,8,3,6,double,27136,6188,20208,740,0.22803656,0.22304445,0.23302866,0.00499211,0.005,ci_target_reached,-1.03331368,-1.05330588,-1.01332148
hard|8|3|+6|hit,hard,8,3,6,hit,31744,9147,20872,1725,0.28814894,0.28316666,0.29313122,0.00498228,0.005,ci_target_reached,-0.36936114,-0.37925734,-0.35946494
hard|8|3|+7|stand,hard,8,3,7,stand,26624,5922,20702,0,0.22243089,0.2174353,0.22742648,0.00499559,0.005,ci_target_reached,-0.55513822,-0.56512958,-0.54514686
hard|8|3|+7|double,hard,8,3,7,double,26624,5926,20027,671,0.22258113,0.21758434,0.22757792,0.00499679,0.005,ci_target_reached,-1.05926983,-1.07928808,-1.03925158
hard|8|3|+8|stand,hard,8,3,8,stand,26624,5927,20697,0,0.22261869,0.2176216,0.22761578,0.00499709,0.005,ci_target_reached,-0.55476262,-0.56475699,-0.54476825
hard|8|3|+7|hit,hard,8,3,7,hit,31488,9019,20662,1807,0.28642658,0.28143302,0.29142013,0.00499355,0.005,ci_target_reached,-0.36975991,-0.37967573,-0.35984409
hard|8|3|+8|double,hard,8,3,8,double,27392,6355,20338,699,0.23200204,0.22700319,0.23700089,0.00499885,0.005,ci_target_reached,-1.02095502,-1.04096742,-1.00094263
hard|8|3|+8|hit,hard,8,3,8,hit,31488,9043,20658,1787,0.28718877,0.28219125,0.29218629,0.00499752,0.005,ci_target_reached,-0.36887068,-0.37879444,-0.35894692
hard|8|3|+9|stand,hard,8,3,9,stand,26624,5932,20692,0,0.22280649,0.2178079,0.22780509,0.00499859,0.005,ci_target_reached,-0.55438702,-0.5643844,-0.54438964
hard|8|3|+9|double,hard,8,3,9,double,27136,6208,20294,634,0.22877358,0.22377581,0.23377136,0.00499778,0.005,ci_target_reached,-1.03817807,-1.0581899,-1.01816623
hard|8|3|+9|hit,hard,8,3,9,hit,31232,8848,20644,1740,0.28329918,0.27830174,0.28829662,0.00499744,0.005,ci_target_reached,-0.37768955,-0.38761962,-0.36775948
hard|8|3|+10|stand,hard,8,3,10,stand,26624,5912,20712,0,0.22205529,0.21706272,0.22704786,0.00499257,0.005,ci_target_reached,-0.55588942,-0.56587475,-0.54590409
hard|8|3|+10|double,hard,8,3,10,double,27136,6146,20290,700,0.2264888,0.22150868,0.23146892,0.00498012,0.005,ci_target_reached,-1.04245283,-1.06239869,-1.02250697
hard|8|3|+10|hit,hard,8,3,10,hit,31488,9002,20752,1734,0.28588669,0.28089596,0.29087742,0.00499073,0.005,ci_target_reached,-0.37315803,-0.38307258,-0.36324348
hard|8|4|-10|hit,hard,8,4,-10,hit,31488,22507,8446,535,0.71478023,0.709793,0.71976747,0.00498723,0.005,ci_target_reached,0.44655107,0.43677334,0.4563288
hard|8|4|-10|stand,hard,8,4,-10,stand,32256,22702,9554,0,0.70380704,0.69882434,0.70878975,0.0049827,0.005,ci_target_reached,0.40761409,0.39764853,0.41757965
hard|8|4|-10|double,hard,8,4,-10,double,31744,22501,8751,492,0.70882686,0.70382916,0.71382457,0.00499771,0.005,ci_target_reached,0.86630544,0.84666468,0.88594621
hard|8|4|-9|hit,hard,8,4,-9,hit,31744,22578,8626,540,0.71125252,0.70626716,0.71623788,0.00498536,0.005,ci_target_reached,0.43951613,0.42973938,0.44929288
hard|8|4|-9|double,hard,8,4,-9,double,31488,22478,8462,548,0.71385925,0.70886719,0.71885131,0.00499206,0.005,ci_target_reached,0.8902439,0.87067769,0.90981011
hard|8|4|-9|stand,hard,8,4,-9,stand,32256,22603,9653,0,0.70073785,0.69574033,0.70573537,0.00499752,0.005,ci_target_reached,0.40147569,0.3914805,0.41147089
hard|8|4|-8|hit,hard,8,4,-8,hit,31488,22448,8511,529,0.7129065,0.70790948,0.71790353,0.00499702,0.005,ci_target_reached,0.44261306,0.43281232,0.4524138
hard|8|4|-8|double,hard,8,4,-8,double,31488,22465,8489,534,0.71344639,0.70845218,0.71844061,0.00499421,0.005,ci_target_reached,0.88770325,0.86811743,0.90728908
hard|8|4|-8|stand,hard,8,4,-8,stand,32512,22744,9768,0,0.69955709,0.69457367,0.7045405,0.00498341,0.005,ci_target_reached,0.39911417,0.3891472,0.40908115
hard|8|4|-7|hit,hard,8,4,-7,hit,31744,22586,8608,550,0.71150454,0.70652047,0.7164886,0.00498406,0.005,ci_target_reached,0.44033518,0.43056484,0.45010552
hard|8|4|-7|double,hard,8,4,-7,double,31744,22518,8667,559,0.7093624,0.7043674,0.7143574,0.004995,0.005,ci_target_reached,0.87266885,0.85308828,0.89224942
hard|8|4|-7|stand,hard,8,4,-7,stand,32512,22666,9846,0,0.69715797,0.69216329,0.70215266,0.00499468,0.005,ci_target_reached,0.39431594,0.38432643,0.40430546
hard|8|4|-6|hit,hard,8,4,-6,hit,31744,22530,8621,593,0.70974042,0.70474735,0.7147335,0.00499308,0.005,ci_target_reached,0.43816154,0.42838777,0.44793532
hard|8|4|-6|double,hard,8,4,-6,double,31488,22448,8496,544,0.7129065,0.70790948,0.71790353,0.00499702,0.005,ci_target_reached,0.88617886,0.86658857,0.90576915
hard|8|4|-6|stand,hard,8,4,-6,stand,32512,22716,9796,0,0.69869587,0.69370839,0.70368334,0.00498748,0.005,ci_target_reached,0.39739173,0.38741663,0.40736684
hard|8|4|-5|hit,hard,8,4,-5,hit,31488,22519,8404,565,0.71516133,0.7101761,0.72014656,0.00498523,0.005,ci_target_reached,0.44826601,0.43850381,0.45802821
hard|8|4|-5|double,hard,8,4,-5,double,31744,22583,8602,559,0.71141003,0.70642548,0.71639458,0.00498455,0.005,ci_target_reached,0.88085938,0.86132324,0.90039551
hard|8|4|-5|stand,hard,8,4,-5,stand,32256,22613,9643,0,0.70104787,0.69605183,0.7060439,0.00499604,0.005,ci_target_reached,0.40209573,0.39210351,0.41208796
hard|8|4|-4|hit,hard,8,4,-4,hit,31744,22601,8590,553,0.71197707,0.70699543,0.7169587,0.00498163,0.005,ci_target_reached,0.44137475,0.43161067,0.45113882
hard|8|4|-4|double,hard,8,4,-4,double,31744,22535,8651,558,0.70989793,0.70490566,0.71489021,0.00499228,0.005,ci_target_reached,0.87474798,0.85517825,0.89431772
hard|8|4|-4|stand,hard,8,4,-4,stand,32512,22729,9783,0,0.69909572,0.69411013,0.70408131,0.00498559,0.005,ci_target_reached,0.39819144,0.3882201,0.40816277
hard|8|4|-3|hit,hard,8,4,-3,hit,31744,22592,8578,574,0.71169355,0.70671046,0.71667664,0.00498309,0.005,ci_target_reached,0.44146925,0.4317098,0.45122871
hard|8|4|+0|hit,hard,8,4,0,hit,38400,18668,17020,2712,0.48614583,0.48114671,0.49114495,0.00499912,0.005,ci_target_reached,0.04291667,0.03328368,0.05254965
hard|8|4|+0|stand,hard,8,4,0,stand,36864,14712,22152,0,0.39908854,0.39408941,0.40408767,0.00499913,0.005,ci_target_reached,-0.20182292,-0.21182132,-0.19182451
hard|8|4|-3|stand,hard,8,4,-3,stand,32000,22566,9434,0,0.7051875,0.70019169,0.71018331,0.00499581,0.005,ci_target_reached,0.410375,0.40038321,0.42036679
hard|8|4|-3|double,hard,8,4,-3,double,31744,22546,8686,512,0.71024446,0.70525394,0.71523497,0.00499051,0.005,ci_target_reached,0.87323589,0.85364008,0.8928317
hard|8|4|+0|double,hard,8,4,0,double,38144,17436,18616,2092,0.4571099,0.4521106,0.4621092,0.0049993,0.005,ci_target_reached,-0.06187081,-0.0813742,-0.04236741
hard|8|4|-2|hit,hard,8,4,-2,hit,31488,22459,8485,544,0.71325584,0.70826064,0.71825105,0.00499521,0.005,ci_target_reached,0.44378811,0.43399682,0.4535794
hard|8|4|-2|stand,hard,8,4,-2,stand,32256,22598,9658,0,0.70058284,0.69558458,0.7055811,0.00499826,0.005,ci_target_reached,0.40116567,0.391169,0.41116235
hard|8|4|-2|double,hard,8,4,-2,double,31744,22565,8660,519,0.71084299,0.70585554,0.71583045,0.00498745,0.005,ci_target_reached,0.87607107,0.85649331,0.89564883
hard|8|4|-1|hit,hard,8,4,-1,hit,31744,22540,8658,546,0.71005544,0.70506397,0.71504692,0.00499147,0.005,ci_target_reached,0.43731099,0.42752344,0.44709853
hard|8|4|-1|double,hard,8,4,-1,double,31744,22547,8646,551,0.71027596,0.70528561,0.71526631,0.00499035,0.005,ci_target_reached,0.87581905,0.85625239,0.89538571
hard|8|4|-1|stand,hard,8,4,-1,stand,32512,22722,9790,0,0.69888041,0.69389381,0.70386702,0.00498661,0.005,ci_target_reached,0.39776083,0.38778746,0.40773419
hard|8|4|+1|hit,hard,8,4,1,hit,38400,20448,16879,1073,0.5325,0.52750953,0.53749047,0.00499047,0.005,ci_target_reached,0.09294271,0.08312515,0.10276027
hard|8|4|+1|stand,hard,8,4,1,stand,38400,19837,18563,0,0.51658854,0.51159025,0.52158683,0.00499829,0.005,ci_target_reached,0.03317708,0.02318038,0.04317379
hard|8|4|+1|double,hard,8,4,1,double,38400,19919,17737,744,0.51872396,0.51372642,0.52372149,0.00499753,0.005,ci_target_reached,0.11364583,0.09386879,0.13342288
hard|8|4|+2|hit,hard,8,4,2,hit,34048,11154,21566,1328,0.32759633,0.32261099,0.33258168,0.00498534,0.005,ci_target_reached,-0.30580357,-0.31569699,-0.29591015
hard|8|4|+2|double,hard,8,4,2,double,32512,9807,21942,763,0.30164247,0.2966534,0.30663154,0.00498907,0.005,ci_target_reached,-0.7464936,-0.76638615,-0.72660106
hard|8|4|+2|stand,hard,8,4,2,stand,32512,9810,22702,0,0.30173474,0.29674524,0.30672424,0.0049895,0.005,ci_target_reached,-0.39653051,-0.40650967,-0.38655136
hard|8|4|+3|hit,hard,8,4,3,hit,30464,8219,20959,1286,0.26979386,0.26480959,0.27477812,0.00498427,0.005,ci_target_reached,-0.41819853,-0.42813476,-0.40826229
hard|8|4|+3|stand,hard,8,4,3,stand,28160,6767,21393,0,0.2403054,0.23531493,0.24529586,0.00499047,0.005,ci_target_reached,-0.5193892,-0.52937031,-0.5094081
hard|8|4|+3|double,hard,8,4,3,double,28160,6787,20669,704,0.24101563,0.23602013,0.24601112,0.0049955,0.005,ci_target_reached,-0.9859375,-1.00592358,-0.96595142
hard|8|4|+4|stand,hard,8,4,4,stand,27136,6171,20965,0,0.22741008,0.22242282,0.23239735,0.00498727,0.005,ci_target_reached,-0.54517983,-0.55515455,-0.53520512
hard|8|4|+4|double,hard,8,4,4,double,27648,6460,20491,697,0.23365162,0.22866367,0.23863957,0.00498795,0.005,ci_target_reached,-1.01497396,-1.03494021,-0.99500771
hard|8|4|+4|hit,hard,8,4,4,hit,29440,7525,20567,1348,0.25560462,0.25062182,0.26058742,0.0049828,0.005,ci_target_reached,-0.44300272,-0.45294802,-0.43305742
hard|8|4|+5|stand,hard,8,4,5,stand,27136,6150,20986,0,0.2266362,0.22165494,0.23161747,0.00498127,0.005,ci_target_reached,-0.54672759,-0.55669031,-0.53676488
hard|8|4|+5|double,hard,8,4,5,double,27136,6148,20323,665,0.2265625,0.22158181,0.23154319,0.00498069,0.005,ci_target_reached,-1.04473762,-1.06468486,-1.02479038
hard|8|4|+5|hit,hard,8,4,5,hit,29696,7717,20723,1256,0.25986665,0.25487852,0.26485477,0.00498813,0.005,ci_target_reached,-0.43797144,-0.44792542,-0.42801747
hard|8|4|+6|stand,hard,8,4,6,stand,26880,6075,20805,0,0.22600446,0.22100447,0.23100445,0.00499999,0.005,ci_target_reached,-0.54799107,-0.55799124,-0.5379909
hard|8|4|+6|hit,hard,8,4,6,hit,29440,7549,20553,1338,0.25641984,0.25143183,0.26140784,0.004988,0.005,ci_target_reached,-0.44171196,-0.45166697,-0.43175694
hard|8|4|+6|double,hard,8,4,6,double,27392,6289,20384,719,0.22959258,0.22461196,0.2345732,0.00498062,0.005,ci_target_reached,-1.02913259,-1.04907589,-1.0091893
hard|8|4|+7|stand,hard,8,4,7,stand,26880,6059,20821,0,0.22540923,0.2204139,0.23040455,0.00499532,0.005,ci_target_reached,-0.54918155,-0.55917238,-0.53919072
hard|8|4|+7|double,hard,8,4,7,double,27392,6306,20369,717,0.2302132,0.22522786,0.23519854,0.00498534,0.005,ci_target_reached,-1.02679614,-1.04675735,-1.00683494
hard|8|4|+7|hit,hard,8,4,7,hit,29184,7393,20458,1333,0.25332374,0.24833389,0.25831359,0.00498985,0.005,ci_target_reached,-0.44767681,-0.45763891,-0.43771471
hard|8|4|+8|stand,hard,8,4,8,stand,26880,6041,20839,0,0.22473958,0.21974953,0.22972963,0.00499005,0.005,ci_target_reached,-0.55052083,-0.56050112,-0.54054054
hard|8|4|+8|double,hard,8,4,8,double,27904,6562,20646,696,0.23516342,0.23018728,0.24013955,0.00497613,0.005,ci_target_reached,-1.00946101,-1.02937777,-0.98954425
hard|8|4|+8|hit,hard,8,4,8,hit,29440,7560,20559,1321,0.25679348,0.25180309,0.26178386,0.00499038,0.005,ci_target_reached,-0.44154212,-0.4515019,-0.43158234
hard|8|4|+9|stand,hard,8,4,9,stand,26880,6029,20851,0,0.22429315,0.21930663,0.22927968,0.00498653,0.005,ci_target_reached,-0.55141369,-0.56138693,-0.54144045
hard|8|4|+9|double,hard,8,4,9,double,27648,6473,20443,732,0.23412182,0.22913039,0.23911325,0.00499143,0.005,ci_target_reached,-1.01056134,-1.03054107,-0.99058162
hard|8|4|+9|hit,hard,8,4,9,hit,29440,7511,20701,1228,0.25512908,0.25014932,0.26010883,0.00497975,0.005,ci_target_reached,-0.44802989,-0.45797254,-0.43808724
hard|8|5|-10|hit,hard,8,5,-10,hit,18432,15909,2309,214,0.86311849,0.85815625,0.86808073,0.00496224,0.005,ci_target_reached,0.73784722,0.72822758,0.74746687
hard|8|5|-10|double,hard,8,5,-10,double,19200,16407,2554,239,0.85453125,0.84954408,0.85951842,0.00498717,0.005,ci_target_reached,1.44302083,1.42368809,1.46235358
hard|8|5|-10|stand,hard,8,5,-10,stand,21504,17939,3565,0,0.83421689,0.82924632,0.83918746,0.00497057,0.005,ci_target_reached,0.66843378,0.65849241,0.67837515
hard|8|5|-9|hit,hard,8,5,-9,hit,18688,16049,2466,173,0.85878639,0.85379346,0.86377932,0.00499293,0.005,ci_target_reached,0.72683005,0.71707962,0.73658048
hard|8|4|+10|stand,hard,8,4,10,stand,27648,6413,21235,0,0.23195168,0.2269764,0.23692695,0.00497528,0.005,ci_target_reached,-0.53609664,-0.54604738,-0.52614591
hard|8|4|+10|double,hard,8,4,10,double,27648,6436,20516,696,0.23278356,0.22780207,0.23776506,0.00498149,0.005,ci_target_reached,-1.01851852,-1.03846018,-0.99857686
hard|8|5|-9|double,hard,8,5,-9,double,19200,16408,2612,180,0.85458333,0.8495969,0.85956976,0.00498643,0.005,ci_target_reached,1.43708333,1.41759908,1.45656759
hard|8|4|+10|hit,hard,8,4,10,hit,29440,7532,20619,1289,0.25584239,0.25085807,0.26082671,0.00498432,0.005,ci_target_reached,-0.44453125,-0.4544808,-0.4345817
hard|8|5|-9|stand,hard,8,5,-9,stand,20992,17573,3419,0,0.83712843,0.83213329,0.84212357,0.00499514,0.005,ci_target_reached,0.67425686,0.66426634,0.68424738
hard|8|5|-8|hit,hard,8,5,-8,hit,18688,16057,2415,216,0.85921447,0.85422787,0.86420107,0.0049866,0.005,ci_target_reached,0.72998716,0.72030974,0.73966457
hard|8|5|-8|double,hard,8,5,-8,double,18688,16048,2427,213,0.85873288,0.85373916,0.8637266,0.00499372,0.005,ci_target_reached,1.45772688,1.43833386,1.47711991
hard|8|5|-8|stand,hard,8,5,-8,stand,21248,17762,3486,0,0.8359375,0.83095797,0.84091703,0.00497953,0.005,ci_target_reached,0.671875,0.6619157,0.6818343
hard|8|5|-7|hit,hard,8,5,-7,hit,18432,15883,2366,183,0.8617079,0.85672424,0.86669156,0.00498366,0.005,ci_target_reached,0.73334418,0.72363496,0.7430534
hard|8|5|-7|double,hard,8,5,-7,double,18944,16256,2488,200,0.85810811,0.8531391,0.86307712,0.00496901,0.005,ci_target_reached,1.4535473,1.43420418,1.47289041
hard|8|5|-6|hit,hard,8,5,-6,hit,19200,16425,2560,215,0.85546875,0.85049495,0.86044255,0.0049738,0.005,ci_target_reached,0.72213542,0.71246545,0.73180539
hard|8|5|-6|double,hard,8,5,-6,double,18688,16069,2406,213,0.85985659,0.85487952,0.86483367,0.00497707,0.005,ci_target_reached,1.46222175,1.44289841,1.48154508
hard|8|5|-7|stand,hard,8,5,-7,stand,20992,17585,3407,0,0.83770008,0.83271201,0.84268815,0.00498807,0.005,ci_target_reached,0.67540015,0.66542377,0.68537653
hard|8|5|-6|stand,hard,8,5,-6,stand,20992,17573,3419,0,0.83712843,0.83213329,0.84212357,0.00499514,0.005,ci_target_reached,0.67425686,0.66426634,0.68424738
hard|8|5|-5|hit,hard,8,5,-5,hit,18688,16047,2445,196,0.85867937,0.85368486,0.86367388,0.00499451,0.005,ci_target_reached,0.72784675,0.71812492,0.73756857
hard|8|5|-5|double,hard,8,5,-5,double,18432,15870,2392,170,0.8610026,0.8560083,0.86599691,0.00499431,0.005,ci_target_reached,1.4624566,1.44295666,1.48195653
hard|8|5|-4|hit,hard,8,5,-4,hit,18432,15895,2314,223,0.86235894,0.85738515,0.86733274,0.00497379,0.005,ci_target_reached,0.73681641,0.72718559,0.74644722
hard|8|5|-5|stand,hard,8,5,-5,stand,21248,17760,3488,0,0.83584337,0.83086269,0.84082405,0.00498068,0.005,ci_target_reached,0.67168675,0.66172515,0.68164834
hard|8|5|-3|hit,hard,8,5,-3,hit,18688,16062,2425,201,0.85948202,0.85449939,0.86446465,0.00498263,0.005,ci_target_reached,0.72971961,0.72002953,0.73940969
hard|8|5|-4|double,hard,8,5,-4,double,18944,16239,2469,236,0.85721073,0.85222863,0.86219282,0.00498209,0.005,ci_target_reached,1.45375845,1.43445844,1.47305845
hard|8|5|-4|stand,hard,8,5,-4,stand,20736,17417,3319,0,0.8399402,0.83494953,0.84493087,0.00499067,0.005,ci_target_reached,0.6798804,0.66989882,0.68986198
hard|8|5|+0|hit,hard,8,5,0,hit,38416,19407,16423,2586,0.50518013,0.5001804,0.51017986,0.00499973,0.005,ci_target_reached,0.07767597,0.06804957,0.08730236
hard|8|5|-3|double,hard,8,5,-3,double,18176,15696,2301,179,0.86355634,0.85856601,0.86854666,0.00499033,0.005,ci_target_reached,1.47392165,1.45448049,1.49336282
hard|8|5|+0|stand,hard,8,5,0,stand,37632,15836,21796,0,0.42081207,0.41582402,0.42580013,0.00498806,0.005,ci_target_reached,-0.15837585,-0.16835209,-0.14839961
hard|8|5|+0|double,hard,8,5,0,double,38400,18450,17754,2196,0.48046875,0.47547153,0.48546597,0.00499722,0.005,ci_target_reached,0.03625,0.01682938,0.05567062
hard|8|5|-3|stand,hard,8,5,-3,stand,21248,17743,3505,0,0.8350433,0.83005288,0.84003371,0.00499041,0.005,ci_target_reached,0.6700866,0.66010553,0.68006766
hard|8|5|-2|hit,hard,8,5,-2,hit,18432,15892,2334,206,0.86219618,0.85721992,0.86717245,0.00497627,0.005,ci_target_reached,0.73556858,0.72590794,0.74522921
hard|8|5|-2|double,hard,8,5,-2,double,18688,16081,2417,190,0.86049872,0.8555312,0.86546623,0.00496751,0.005,ci_target_reached,1.46232877,1.44298093,1.48167661
hard|8|5|-1|hit,hard,8,5,-1,hit,18688,16047,2399,242,0.85867937,0.85368486,0.86367388,0.00499451,0.005,ci_target_reached,0.73030822,0.72065058,0.73996586
hard|8|5|-2|stand,hard,8,5,-2,stand,20992,17580,3412,0,0.83746189,0.83247087,0.84245291,0.00499102,0.005,ci_target_reached,0.67492378,0.6649415,0.68490606
hard|8|5|-1|double,hard,8,5,-1,double,18688,16075,2433,180,0.86017765,0.85520536,0.86514995,0.0049723,0.005,ci_target_reached,1.45997432,1.44057861,1.47937002
hard|8|5|-1|stand,hard,8,5,-1,stand,21248,17764,3484,0,0.83603163,0.83105324,0.84101001,0.00497838,0.005,ci_target_reached,0.67206325,0.66210625,0.68202026
hard|8|5|+1|hit,hard,8,5,1,hit,36096,22531,12680,885,0.62419659,0.61920007,0.62919311,0.00499652,0.005,ci_target_reached,0.27291113,0.26311859,0.28270367
hard|8|5|+1|double,hard,8,5,1,double,36352,22472,13323,557,0.61817782,0.61318346,0.62317217,0.00499435,0.005,ci_target_reached,0.50335607,0.48362109,0.52309106
hard|8|5|+1|stand,hard,8,5,1,stand,36864,22155,14709,0,0.60099284,0.59599388,0.6059918,0.00499896,0.005,ci_target_reached,0.20198568,0.19198762,0.21198374
hard|8|5|+2|hit,hard,8,5,2,hit,35328,12627,21332,1369,0.35742188,0.35242441,0.36241934,0.00499747,0.005,ci_target_reached,-0.24640512,-0.25630096,-0.23650928
hard|8|5|+3|hit,hard,8,5,3,hit,31232,8838,21137,1257,0.282979,0.27798326,0.28797473,0.00499573,0.005,ci_target_reached,-0.39379483,-0.40374371,-0.38384594
hard|8|5|+3|stand,hard,8,5,3,stand,29440,7564,21876,0,0.25692935,0.2519381,0.2619206,0.00499125,0.005,ci_target_reached,-0.4861413,-0.49612397,-0.47615864
hard|8|5|+2|stand,hard,8,5,2,stand,33792,10991,22801,0,0.3252545,0.32025955,0.33024944,0.00499495,0.005,ci_target_reached,-0.349491,-0.35948104,-0.33950096
hard|8|5|+3|double,hard,8,5,3,double,29440,7572,21147,721,0.25720109,0.25220811,0.26219406,0.00499297,0.005,ci_target_reached,-0.92221467,-0.94216984,-0.90225951
hard|8|5|+2|double,hard,8,5,2,double,34560,11774,21996,790,0.34068287,0.33568608,0.34567967,0.0049968,0.005,ci_target_reached,-0.59155093,-0.61144011,-0.57166174
hard|8|5|+4|stand,hard,8,5,4,stand,28160,6780,21380,0,0.24076705,0.23577331,0.24576078,0.00499374,0.005,ci_target_reached,-0.51846591,-0.52845356,-0.50847825
hard|8|5|+4|double,hard,8,5,4,double,28416,6951,20793,672,0.24461571,0.23961766,0.24961376,0.00499805,0.005,ci_target_reached,-0.97423986,-0.99423175,-0.95424798
hard|8|5|+4|hit,hard,8,5,4,hit,30208,8097,20798,1313,0.26804158,0.26304653,0.27303662,0.00499504,0.005,ci_target_reached,-0.42045154,-0.43040975,-0.41049332
hard|8|5|+5|hit,hard,8,5,5,hit,30464,8196,21016,1252,0.26903887,0.264059,0.27401873,0.00497986,0.005,ci_target_reached,-0.42082458,-0.43075391,-0.41089525
hard|8|5|+5|stand,hard,8,5,5,stand,27904,6597,21307,0,0.23641772,0.23143242,0.24140301,0.00498529,0.005,ci_target_reached,-0.52716456,-0.53713533,-0.5171938
hard|8|5|+5|double,hard,8,5,5,double,28672,7047,20888,737,0.24577985,0.24079618,0.25076352,0.00498367,0.005,ci_target_reached,-0.96547154,-0.98540352,-0.94553956
hard|8|5|+6|stand,hard,8,5,6,stand,28160,6790,21370,0,0.24112216,0.23612591,0.24611841,0.00499625,0.005,ci_target_reached,-0.51775568,-0.52774836,-0.507763
hard|8|5|+6|hit,hard,8,5,6,hit,30720,8414,20938,1368,0.27389323,0.26890626,0.27888019,0.00498697,0.005,ci_target_reached,-0.40768229,-0.4176172,-0.39774739
hard|8|5|+6|double,hard,8,5,6,double,28416,6901,20814,701,0.24285614,0.2378703,0.24784198,0.00498584,0.005,ci_target_reached,-0.97923705,-0.99918207,-0.95929203
hard|8|5|+7|stand,hard,8,5,7,stand,28160,6780,21380,0,0.24076705,0.23577331,0.24576078,0.00499374,0.005,ci_target_reached,-0.51846591,-0.52845356,-0.50847825
hard|8|5|+7|double,hard,8,5,7,double,28672,7050,20914,708,0.24588449,0.2409001,0.25086887,0.00498438,0.005,ci_target_reached,-0.96707589,-0.98701105,-0.94714074
hard|8|5|+7|hit,hard,8,5,7,hit,30208,8075,20826,1307,0.26731329,0.26232256,0.27230403,0.00499074,0.005,ci_target_reached,-0.42210673,-0.4320573,-0.41215615
hard|8|5|+8|stand,hard,8,5,8,stand,27904,6648,21256,0,0.23824541,0.23324688,0.24324395,0.00499853,0.005,ci_target_reached,-0.52350917,-0.53350642,-0.51351193
hard|8|5|+8|hit,hard,8,5,8,hit,30208,8034,20826,1348,0.26595604,0.26097338,0.2709387,0.00498266,0.005,ci_target_reached,-0.42346398,-0.43339854,-0.41352943
hard|8|5|+8|double,hard,8,5,8,double,28416,6890,20813,713,0.24246903,0.23748589,0.24745217,0.00498314,0.005,ci_target_reached,-0.97994088,-0.99987549,-0.96000626
hard|8|5|+9|double,hard,8,5,9,double,28160,6752,20757,651,0.23977273,0.23478605,0.24475941,0.00498668,0.005,ci_target_reached,-0.9946733,-1.01462599,-0.9747206
hard|8|5|+9|stand,hard,8,5,9,stand,28160,6781,21379,0,0.24080256,0.23580857,0.24579655,0.00499399,0.005,ci_target_reached,-0.51839489,-0.52838304,-0.50840673
hard|8|5|+9|hit,hard,8,5,9,hit,30208,8099,20837,1272,0.26810779,0.26311235,0.27310322,0.00499544,0.005,ci_target_reached,-0.42167638,-0.43163667,-0.41171608
hard|8|6|-10|hit,hard,8,6,-10,hit,19200,16420,2267,513,0.85520833,0.85023081,0.86018586,0.00497752,0.005,ci_target_reached,0.73713542,0.72786057,0.74641027
hard|8|6|-10|double,hard,8,6,-10,double,18944,16229,2208,507,0.85668285,0.8516931,0.86167261,0.00498976,0.005,ci_target_reached,1.4802576,1.46168024,1.49883496
hard|8|5|+10|stand,hard,8,5,10,stand,27648,6494,21154,0,0.23488137,0.22988433,0.23987841,0.00499704,0.005,ci_target_reached,-0.53023727,-0.54023153,-0.52024301
hard|8|5|+10|double,hard,8,5,10,double,27904,6631,20581,692,0.23763618,0.23264205,0.24263032,0.00499413,0.005,ci_target_reached,-0.99985665,-1.01984197,-0.97987133
hard|8|6|-9|hit,hard,8,6,-9,hit,18432,15876,2058,498,0.86132812,0.85633872,0.86631753,0.0049894,0.005,ci_target_reached,0.74967448,0.74041926,0.7589297
hard|8|5|+10|hit,hard,8,5,10,hit,30208,8085,20832,1291,0.26764433,0.26265164,0.27263703,0.0049927,0.005,ci_target_reached,-0.42197431,-0.43192898,-0.41201964
hard|8|6|-9|double,hard,8,6,-9,double,18432,15873,2085,474,0.86116536,0.85617351,0.86615722,0.00499186,0.005,ci_target_reached,1.49609375,1.47749928,1.51468822
hard|8|6|-10|stand,hard,8,6,-10,stand,29696,21967,7729,0,0.73972926,0.73473862,0.7447199,0.00499064,0.005,ci_target_reached,0.47945851,0.46947707,0.48943996
hard|8|6|-9|stand,hard,8,6,-9,stand,29440,21852,7588,0,0.74225543,0.73725902,0.74725185,0.00499642,0.005,ci_target_reached,0.48451087,0.47451787,0.49450387
hard|8|6|-8|hit,hard,8,6,-8,hit,18944,16232,2195,517,0.85684122,0.85185376,0.86182868,0.00498746,0.005,ci_target_reached,0.7409734,0.73170415,0.75024264
hard|8|6|-8|double,hard,8,6,-8,double,19200,16427,2265,508,0.85557292,0.85060061,0.86054523,0.00497231,0.005,ci_target_reached,1.47520833,1.45666793,1.49374873
hard|8|6|-7|hit,hard,8,6,-7,hit,18944,16238,2160,546,0.85715794,0.85217508,0.8621408,0.00498286,0.005,ci_target_reached,0.74313767,0.73392046,0.75235488
hard|8|6|-7|double,hard,8,6,-7,double,18944,16226,2219,499,0.85652449,0.85153244,0.86151654,0.00499205,0.005,ci_target_reached,1.47877956,1.46016914,1.49738999
hard|8|6|-6|hit,hard,8,6,-6,hit,19456,16589,2342,525,0.85264186,0.84766105,0.85762267,0.00498081,0.005,ci_target_reached,0.73226768,0.72298054,0.74155482
hard|8|6|-8|stand,hard,8,6,-8,stand,29696,21974,7722,0,0.73996498,0.73497581,0.74495415,0.00498917,0.005,ci_target_reached,0.47992996,0.46995144,0.48990847
hard|8|6|-7|stand,hard,8,6,-7,stand,29440,21838,7602,0,0.74177989,0.73678047,0.74677931,0.00499942,0.005,ci_target_reached,0.48355978,0.47356077,0.49355879
hard|8|6|-6|double,hard,8,6,-6,double,19200,16397,2309,494,0.85401042,0.84901585,0.85900499,0.00499457,0.005,ci_target_reached,1.4675,1.44882197,1.48617803
hard|8|6|-5|hit,hard,8,6,-5,hit,18944,16254,2185,505,0.85800253,0.85303198,0.86297309,0.00497055,0.005,ci_target_reached,0.74266258,0.73341385,0.75191132
hard|8|6|-5|double,hard,8,6,-5,double,18944,16231,2189,524,0.85678843,0.8518002,0.86177665,0.00498823,0.005,ci_target_reached,1.48247466,1.46395283,1.5009965
hard|8|6|-6|stand,hard,8,6,-6,stand,29440,21868,7572,0,0.74279891,0.73780594,0.74779189,0.00499297,0.005,ci_target_reached,0.48559783,0.47561171,0.49558394
hard|8|6|-4|hit,hard,8,6,-4,hit,19200,16426,2236,538,0.85552083,0.85054778,0.86049389,0.00497306,0.005,ci_target_reached,0.7390625,0.72983249,0.74829251
hard|8|6|-4|double,hard,8,6,-4,double,18944,16219,2229,496,0.85615498,0.85115759,0.86115238,0.0049974,0.005,ci_target_reached,1.4769848,1.45834205,1.49562755
hard|8|6|-5|stand,hard,8,6,-5,stand,29696,21956,7740,0,0.73935884,0.7343659,0.74435177,0.00499294,0.005,ci_target_reached,0.47871767,0.46873163,0.48870372
hard|8|6|-3|hit,hard,8,6,-3,hit,18944,16251,2240,453,0.85784417,0.85287131,0.86281704,0.00497287,0.005,ci_target_reached,0.73960093,0.73027269,0.74892917
hard|8|6|-4|stand,hard,8,6,-4,stand,29696,22008,7688,0,0.74110991,0.73612789,0.74609194,0.00498203,0.005,ci_target_reached,0.48221983,0.4722556,0.49218405
hard|8|6|+0|hit,hard,8,6,0,hit,38400,20284,15674,2442,0.52822917,0.5232361,0.53322223,0.00499306,0.005,ci_target_reached,0.12005208,0.11044791,0.12965626
hard|8|6|+0|stand,hard,8,6,0,stand,37632,16035,21597,0,0.42610013,0.4211038,0.43109646,0.00499633,0.005,ci_target_reached,-0.14779974,-0.15779254,-0.13780695
hard|8|6|+0|double,hard,8,6,0,double,38416,18998,17318,2100,0.49453353,0.48953383,0.49953323,0.0049997,0.005,ci_target_reached,0.08746356,0.06803731,0.1068898
hard|8|6|-3|double,hard,8,6,-3,double,18944,16250,2207,487,0.85779139,0.85281775,0.86276502,0.00497364,0.005,ci_target_reached,1.48258024,1.46401739,1.50114308
hard|8|6|-2|hit,hard,8,6,-2,hit,18944,16249,2195,500,0.8577386,0.85276419,0.862713,0.00497441,0.005,ci_target_reached,0.74187078,0.73260628,0.75113528
hard|8|6|-2|double,hard,8,6,-2,double,19200,16428,2239,533,0.855625,0.85065343,0.86059657,0.00497157,0.005,ci_target_reached,1.47802083,1.4595535,1.49648817
hard|8|6|-3|stand,hard,8,6,-3,stand,29952,22028,7924,0,0.73544338,0.7304479,0.74043885,0.00499548,0.005,ci_target_reached,0.47088675,0.46089563,0.48087788
hard|8|6|-1|hit,hard,8,6,-1,hit,18944,16256,2186,502,0.85810811,0.8531391,0.86307712,0.00496901,0.005,ci_target_reached,0.74271537,0.73346576,0.75196498
hard|8|6|-1|double,hard,8,6,-1,double,18944,16225,2219,500,0.85647171,0.85147889,0.86146452,0.00499282,0.005,ci_target_reached,1.47867399,1.46006301,1.49728496
hard|8|6|-2|stand,hard,8,6,-2,stand,29440,21854,7586,0,0.74232337,0.73732738,0.74731936,0.00499599,0.005,ci_target_reached,0.48464674,0.4746546,0.49463888
hard|8|6|-1|stand,hard,8,6,-1,stand,29952,22078,7874,0,0.73711271,0.73212737,0.74209806,0.00498534,0.005,ci_target_reached,0.47422543,0.46425458,0.48419628
hard|8|6|+1|hit,hard,8,6,1,hit,35840,22707,11956,1177,0.63356585,0.62857739,0.6385543,0.00498845,0.005,ci_target_reached,0.2999721,0.29027545,0.30966875
hard|8|6|+1|double,hard,8,6,1,double,36352,22441,12929,982,0.61732504,0.61232857,0.62232152,0.00499648,0.005,ci_target_reached,0.52332746,0.50377342,0.54288151
hard|8|6|+1|stand,hard,8,6,1,stand,38144,21077,17067,0,0.55256397,0.54757398,0.55755396,0.00498999,0.005,ci_target_reached,0.10512794,0.09514782,0.11510805
hard|8|6|+2|stand,hard,8,6,2,stand,34048,11132,22916,0,0.32695019,0.32196737,0.331933,0.00498281,0.005,ci_target_reached,-0.34609962,-0.3560654,-0.33613385
hard|8|6|+2|hit,hard,8,6,2,hit,36096,13535,21103,1458,0.3749723,0.36997798,0.37996661,0.00499431,0.005,ci_target_reached,-0.20966312,-0.21953494,-0.1997913
hard|8|6|+3|stand,hard,8,6,3,stand,29952,7902,22050,0,0.26382212,0.25883109,0.26881314,0.00499103,0.005,ci_target_reached,-0.47235577,-0.48233799,-0.46237354
hard|8|6|+3|hit,hard,8,6,3,hit,32000,9370,21297,1333,0.2928125,0.2878266,0.2977984,0.0049859,0.005,ci_target_reached,-0.37271875,-0.38263717,-0.36280033
hard|8|6|+2|double,hard,8,6,2,double,35328,12558,21916,854,0.35546875,0.35047739,0.36046011,0.00499136,0.005,ci_target_reached,-0.52977808,-0.54962602,-0.50993014
hard|8|6|+3|double,hard,8,6,3,double,30976,8653,21569,754,0.2793453,0.27434866,0.28434194,0.00499664,0.005,ci_target_reached,-0.83393595,-0.85387996,-0.81399194
hard|8|6|+4|hit,hard,8,6,4,hit,31232,8844,21146,1242,0.28317111,0.27817435,0.28816787,0.00499676,0.005,ci_target_reached,-0.39389088,-0.40384226,-0.3839395
hard|8|6|+4|stand,hard,8,6,4,stand,29184,7342,21842,0,0.25157621,0.24659778,0.25655463,0.00497843,0.005,ci_target_reached,-0.49684759,-0.50680461,-0.48689056
hard|8|6|+4|double,hard,8,6,4,double,29440,7519,21226,695,0.25540082,0.25041932,0.26038231,0.00498149,0.005,ci_target_reached,-0.93118207,-0.95109439,-0.91126974
hard|8|6|+5|stand,hard,8,6,5,stand,29184,7418,21766,0,0.25418037,0.24918496,0.25917579,0.00499541,0.005,ci_target_reached,-0.49163925,-0.50163026,-0.48164825
hard|8|6|+5|hit,hard,8,6,5,hit,31488,8952,21190,1346,0.28429878,0.2793164,0.28928116,0.00498238,0.005,ci_target_reached,-0.388656,-0.39857372,-0.37873828
hard|8|6|+5|double,hard,8,6,5,double,29184,7410,21059,715,0.25390625,0.24891261,0.25889989,0.00499364,0.005,ci_target_reached,-0.93537555,-0.95533748,-0.91541361
hard|8|6|+6|hit,hard,8,6,6,hit,31232,8817,21091,1324,0.28230661,0.27731448,0.28729874,0.00499213,0.005,ci_target_reached,-0.39299436,-0.40293387,-0.38305485
hard|8|6|+6|stand,hard,8,6,6,stand,28928,7273,21655,0,0.25141731,0.24641795,0.25641667,0.00499936,0.005,ci_target_reached,-0.49716538,-0.50716427,-0.48716648
hard|8|6|+6|double,hard,8,6,6,double,29696,7769,21235,692,0.26161773,0.25661875,0.26661671,0.00499898,0.005,ci_target_reached,-0.90692349,-0.92689869,-0.88694829
hard|8|6|+7|stand,hard,8,6,7,stand,28928,7222,21706,0,0.24965431,0.24466665,0.25464198,0.00498766,0.005,ci_target_reached,-0.50069137,-0.51066687,-0.49071587
hard|8|6|+7|double,hard,8,6,7,double,29440,7590,21090,760,0.2578125,0.25281565,0.26280935,0.00499685,0.005,ci_target_reached,-0.91711957,-0.93708804,-0.89715109
hard|8|6|+7|hit,hard,8,6,7,hit,31488,8925,21301,1262,0.28344131,0.27846347,0.28841915,0.00497784,0.005,ci_target_reached,-0.39303862,-0.40295167,-0.38312556
hard|8|6|+8|stand,hard,8,6,8,stand,29184,7405,21779,0,0.25373492,0.2487424,0.25872745,0.00499253,0.005,ci_target_reached,-0.49253015,-0.50251538,-0.48254493
hard|8|6|+8|hit,hard,8,6,8,hit,31232,8800,21128,1304,0.2817623,0.27677309,0.2867515,0.00498921,0.005,ci_target_reached,-0.39472336,-0.4046584,-0.38478832
hard|8|6|+8|double,hard,8,6,8,double,29696,7699,21292,705,0.25926051,0.25427616,0.26424485,0.00498434,0.005,ci_target_reached,-0.91547683,-0.93539581,-0.89555785
hard|8|6|+9|stand,hard,8,6,9,stand,28928,7275,21653,0,0.25148645,0.24648663,0.25648626,0.00499982,0.005,ci_target_reached,-0.4970271,-0.50702691,-0.4870273
hard|8|6|+9|hit,hard,8,6,9,hit,31488,8950,21231,1307,0.28423526,0.27925322,0.28921731,0.00498205,0.005,ci_target_reached,-0.3900216,-0.39994039,-0.3801028
hard|8|6|+9|double,hard,8,6,9,double,29696,7717,21216,763,0.25986665,0.25487852,0.26485477,0.00498813,0.005,ci_target_reached,-0.90914601,-0.92907713,-0.8892149
hard|8|6|+10|stand,hard,8,6,10,stand,28928,7235,21693,0,0.25010371,0.24511305,0.25509436,0.00499065,0.005,ci_target_reached,-0.49979259,-0.50977407,-0.48981111
hard|8|6|+10|double,hard,8,6,10,double,29184,7393,21090,701,0.25332374,0.24833389,0.25831359,0.00498985,0.005,ci_target_reached,-0.93866502,-0.95861295,-0.91871709
hard|8|6|+10|hit,hard,8,6,10,hit,31232,8809,21140,1283,0.28205046,0.2770597,0.28704122,0.00499076,0.005,ci_target_reached,-0.39481942,-0.40475815,-0.38488068
hard|8|7|-10|stand,hard,8,7,-10,stand,34048,11190,22858,0,0.32865367,0.32366421,0.33364312,0.00498945,0.005,ci_target_reached,-0.34269267,-0.35267172,-0.33271362
hard|8|7|-10|double,hard,8,7,-10,double,34560,22905,7229,4426,0.66276042,0.65777597,0.66774486,0.00498444,0.005,ci_target_reached,0.90717593,0.88996498,0.92438687
hard|8|7|-10|hit,hard,8,7,-10,hit,37120,22039,9944,5137,0.59372306,0.58872668,0.59871944,0.00499638,0.005,ci_target_reached,0.32583513,0.31699296,0.33467729
hard|8|7|-9|stand,hard,8,7,-9,stand,34560,11650,22910,0,0.33709491,0.33211099,0.34207883,0.00498392,0.005,ci_target_reached,-0.32581019,-0.33577817,-0.3158422
hard|8|7|-9|hit,hard,8,7,-9,hit,37120,21994,9972,5154,0.59251078,0.58751206,0.59750949,0.00499871,0.005,ci_target_reached,0.32386853,0.31502157,0.3327155
hard|8|7|-9|double,hard,8,7,-9,double,34560,22833,7316,4411,0.66067708,0.65568513,0.66566904,0.00499195,0.005,ci_target_reached,0.89797454,0.88070444,0.91524463
hard|8|7|-8|stand,hard,8,7,-8,stand,34304,11409,22895,0,0.33258512,0.32759934,0.3375709,0.00498578,0.005,ci_target_reached,-0.33482976,-0.34480146,-0.32485805
hard|8|7|-8|double,hard,8,7,-8,double,34560,22896,7291,4373,0.6625,0.65751461,0.66748539,0.00498539,0.005,ci_target_reached,0.90306713,0.88581241,0.92032185
hard|8|7|-8|hit,hard,8,7,-8,hit,36864,22168,9689,5007,0.60134549,0.59634727,0.6063437,0.00499822,0.005,ci_target_reached,0.33851454,0.32967619,0.34735289
hard|8|7|-7|stand,hard,8,7,-7,stand,34304,11406,22898,0,0.33249767,0.32751222,0.33748312,0.00498545,0.005,ci_target_reached,-0.33500466,-0.34497571,-0.32503362
hard|8|7|-7|double,hard,8,7,-7,double,34560,22891,7267,4402,0.66235532,0.65736941,0.66734124,0.00498591,0.005,ci_target_reached,0.90416667,0.88692917,0.92140417
hard|8|7|-7|hit,hard,8,7,-7,hit,37120,21986,10041,5093,0.59229526,0.58729613,0.59729438,0.00499913,0.005,ci_target_reached,0.32179418,0.31292979,0.33065857
hard|8|7|-6|stand,hard,8,7,-6,stand,34560,11769,22791,0,0.34053819,0.33554191,0.34553448,0.00499628,0.005,ci_target_reached,-0.31892361,-0.32891632,-0.3089309
hard|8|7|-6|hit,hard,8,7,-6,hit,37120,22049,9985,5086,0.59399246,0.5889966,0.59898831,0.00499585,0.005,ci_target_reached,0.325,0.31614662,0.33385338
hard|8|7|-6|double,hard,8,7,-6,double,34560,22852,7286,4422,0.66122685,0.65623687,0.66621683,0.00498998,0.005,ci_target_reached,0.90081019,0.88356062,0.91805975
hard|8|7|-5|stand,hard,8,7,-5,stand,34560,11637,22923,0,0.33671875,0.3317362,0.3417013,0.00498255,0.005,ci_target_reached,-0.3265625,-0.33652775,-0.31659725
hard|8|7|-5|double,hard,8,7,-5,double,34560,22771,7297,4492,0.6588831,0.65388477,0.66388143,0.00499833,0.005,ci_target_reached,0.89548611,0.87823183,0.91274039
hard|8|7|-5|hit,hard,8,7,-5,hit,37120,22106,9823,5191,0.59552802,0.59053518,0.60052085,0.00499284,0.005,ci_target_reached,0.33089978,0.32208564,0.33971393
hard|8|7|-4|stand,hard,8,7,-4,stand,34304,11509,22795,0,0.33550023,0.3305036,0.34049687,0.00499663,0.005,ci_target_reached,-0.32899953,-0.33899295,-0.31900612
hard|8|7|-4|double,hard,8,7,-4,double,34560,22849,7302,4409,0.66114005,0.65614975,0.66613034,0.00499029,0.005,ci_target_reached,0.89971065,0.88244986,0.91697144
hard|8|7|-4|hit,hard,8,7,-4,hit,36864,22183,9617,5064,0.60175239,0.59675503,0.60674974,0.00499736,0.005,ci_target_reached,0.34087457,0.33205481,0.34969432
hard|8|7|-3|stand,hard,8,7,-3,stand,34304,11488,22816,0,0.33488806,0.32989369,0.33988243,0.00499437,0.005,ci_target_reached,-0.33022388,-0.34021277,-0.32023499
hard|8|7|+0|hit,hard,8,7,0,hit,38400,18609,15269,4522,0.48460938,0.4796107,0.48960805,0.00499867,0.005,ci_target_reached,0.08697917,0.07762469,0.09633364
hard|8|7|-3|hit,hard,8,7,-3,hit,37120,22265,9832,5023,0.59981142,0.59482726,0.60479558,0.00498416,0.005,ci_target_reached,0.33494073,0.32611582,0.34376564
hard|8|7|+0|stand,hard,8,7,0,stand,30208,8016,22192,0,0.26536017,0.26038108,0.27033926,0.00497909,0.005,ci_target_reached,-0.46927966,-0.47923801,-0.45932131
hard|8|7|+0|double,hard,8,7,0,double,37632,15768,18971,2893,0.4190051,0.41402001,0.42399019,0.00498509,0.005,ci_target_reached,-0.17022747,-0.18956639,-0.15088854
hard|8|7|-3|double,hard,8,7,-3,double,34560,22909,7287,4364,0.66287616,0.65789213,0.66786018,0.00498402,0.005,ci_target_reached,0.90405093,0.88679858,0.92130328
hard|8|7|-2|stand,hard,8,7,-2,stand,34048,11251,22797,0,0.33044525,0.3254489,0.33544161,0.00499635,0.005,ci_target_reached,-0.33910949,-0.34910234,-0.32911664
hard|8|7|-2|double,hard,8,7,-2,double,34304,22851,7206,4247,0.66613223,0.66114165,0.67112281,0.00499058,0.005,ci_target_reached,0.91213853,0.8948375,0.92943956
hard|8|7|-2|hit,hard,8,7,-2,hit,37120,22081,9866,5173,0.59485453,0.58986036,0.59984869,0.00499417,0.005,ci_target_reached,0.32906789,0.32024381,0.33789197
hard|8|7|-1|stand,hard,8,7,-1,stand,34048,11230,22818,0,0.32982848,0.32483449,0.33482246,0.00499399,0.005,ci_target_reached,-0.34034305,-0.35033116,-0.33035493
hard|8|7|-1|double,hard,8,7,-1,double,34560,22915,7248,4397,0.66304977,0.65806638,0.66803316,0.00498339,0.005,ci_target_reached,0.90665509,0.88943026,0.92387993
hard|8|7|-1|hit,hard,8,7,-1,hit,37120,22138,9959,5023,0.59639009,0.59139896,0.60138121,0.00499112,0.005,ci_target_reached,0.32809806,0.31924659,0.33694953
hard|8|7|+1|stand,hard,8,7,1,stand,32000,9369,22631,0,0.29278125,0.28779551,0.29776699,0.00498574,0.005,ci_target_reached,-0.4144375,-0.42440914,-0.40446586
hard|8|7|+1|hit,hard,8,7,1,hit,38144,17344,16238,4562,0.45469799,0.44970083,0.45969514,0.00499716,0.005,ci_target_reached,0.02899539,0.0195834,0.03840737
hard|8|7|+1|double,hard,8,7,1,double,36864,14607,20141,2116,0.39624023,0.39124718,0.40123329,0.00499305,0.005,ci_target_reached,-0.30023872,-0.31982264,-0.28065479
hard|8|7|+2|stand,hard,8,7,2,stand,30976,8565,22411,0,0.27650439,0.27152344,0.28148534,0.00498095,0.005,ci_target_reached,-0.44699122,-0.45695328,-0.43702915
hard|8|7|+2|double,hard,8,7,2,double,32000,9336,21840,824,0.29175,0.28676942,0.29673058,0.00498058,0.005,ci_target_reached,-0.7815,-0.80136272,-0.76163728
hard|8|7|+2|hit,hard,8,7,2,hit,37120,14941,18040,4139,0.40250539,0.39751649,0.40749429,0.0049889,0.005,ci_target_reached,-0.08348599,-0.09303758,-0.0739344
hard|8|7|+3|stand,hard,8,7,3,stand,30464,8281,22183,0,0.27182904,0.26683299,0.2768251,0.00499606,0.005,ci_target_reached,-0.45634191,-0.46633419,-0.44634964
hard|8|7|+3|double,hard,8,7,3,double,30976,8586,21738,652,0.27718233,0.27219762,0.28216705,0.00498472,0.005,ci_target_reached,-0.84917355,-0.86907874,-0.82926837
hard|8|7|+3|hit,hard,8,7,3,hit,36864,14643,18120,4101,0.3972168,0.39222164,0.40221195,0.00499516,0.005,ci_target_reached,-0.09431966,-0.10389528,-0.08474404
hard|8|7|+4|stand,hard,8,7,4,stand,30720,8451,22269,0,0.27509766,0.27010388,0.28009143,0.00499377,0.005,ci_target_reached,-0.44980469,-0.45979239,-0.43981698
hard|8|7|+4|hit,hard,8,7,4,hit,36864,14666,18042,4156,0.39784071,0.39284422,0.4028372,0.00499649,0.005,ci_target_reached,-0.09157986,-0.10115013,-0.08200959
hard|8|7|+4|double,hard,8,7,4,double,30976,8631,21658,687,0.27863507,0.27364233,0.28362781,0.00499274,0.005,ci_target_reached,-0.84110279,-0.86103637,-0.82116921
hard|8|7|+5|stand,hard,8,7,5,stand,30720,8375,22345,0,0.2726237,0.26764396,0.27760344,0.00497974,0.005,ci_target_reached,-0.4547526,-0.46471225,-0.44479296
hard|8|7|+5|double,hard,8,7,5,double,30976,8596,21692,688,0.27750517,0.27251866,0.28249167,0.00498651,0.005,ci_target_reached,-0.84555785,-0.86546764,-0.82564806
hard|8|7|+5|hit,hard,8,7,5,hit,37120,14855,18116,4149,0.40018858,0.39520442,0.40517274,0.00498416,0.005,ci_target_reached,-0.08785022,-0.09739629,-0.07830414
hard|8|7|+6|stand,hard,8,7,6,stand,30208,8121,22087,0,0.26883607,0.26383634,0.2738358,0.00499973,0.005,ci_target_reached,-0.46232786,-0.47232748,-0.45232824
hard|8|7|+6|hit,hard,8,7,6,hit,36864,14665,18198,4001,0.39781359,0.39281715,0.40281002,0.00499643,0.005,ci_target_reached,-0.09583876,-0.10542756,-0.08624996
hard|8|7|+6|double,hard,8,7,6,double,31232,8784,21739,709,0.28125,0.27626355,0.28623645,0.00498645,0.005,ci_target_reached,-0.82959785,-0.84950257,-0.80969313
hard|8|7|+7|stand,hard,8,7,7,stand,30976,8610,22366,0,0.27795713,0.27296812,0.28294613,0.004989,0.005,ci_target_reached,-0.44408574,-0.45406391,-0.43410758
hard|8|7|+7|double,hard,8,7,7,double,30976,8673,21607,696,0.27999096,0.2749908,0.28499113,0.00500017,0.005,ci_target_reached,-0.83509814,-0.8550594,-0.81513688
hard|8|7|+7|hit,hard,8,7,7,hit,36864,14547,18170,4147,0.39461263,0.38962313,0.39960213,0.0049895,0.005,ci_target_reached,-0.09828016,-0.10784484,-0.08871549
hard|8|7|+8|stand,hard,8,7,8,stand,31232,8817,22415,0,0.28230661,0.27731448,0.28729874,0.00499213,0.005,ci_target_reached,-0.43538678,-0.44537121,-0.42540236
hard|8|7|+8|double,hard,8,7,8,double,31232,8837,21735,660,0.28294698,0.27795142,0.28794254,0.00499556,0.005,ci_target_reached,-0.82594775,-0.84589049,-0.806005
hard|8|7|+8|hit,hard,8,7,8,hit,36864,14590,18078,4196,0.39577908,0.39078703,0.40077113,0.00499205,0.005,ci_target_reached,-0.09461806,-0.10417933,-0.08505678
hard|8|7|+9|stand,hard,8,7,9,stand,30464,8300,22164,0,0.27245273,0.26745309,0.27745237,0.00499964,0.005,ci_target_reached,-0.45509454,-0.46509398,-0.44509509
hard|8|7|+9|hit,hard,8,7,9,hit,36864,14572,18214,4078,0.3952908,0.39029981,0.40028179,0.00499099,0.005,ci_target_reached,-0.09879557,-0.10836988,-0.08922126
hard|8|7|+9|double,hard,8,7,9,double,31232,8776,21783,673,0.28099385,0.27600879,0.28597892,0.00498507,0.005,ci_target_reached,-0.83292777,-0.85282962,-0.81302591
hard|8|7|+10|stand,hard,8,7,10,stand,30976,8574,22402,0,0.27679494,0.27181237,0.28177751,0.00498257,0.005,ci_target_reached,-0.44641012,-0.45637542,-0.43644483
hard|8|7|+10|double,hard,8,7,10,double,30976,8638,21643,695,0.27886105,0.27386707,0.28385503,0.00499398,0.005,ci_target_reached,-0.83968233,-0.85962013,-0.81974454
hard|8|7|+10|hit,hard,8,7,10,hit,37120,14890,18118,4112,0.40113147,0.39614536,0.40611757,0.0049861,0.005,ci_target_reached,-0.08696121,-0.09651353,-0.07740888
hard|8|8|-10|stand,hard,8,8,-10,stand,27136,6154,20982,0,0.22678361,0.2218012,0.23176602,0.00498241,0.005,ci_target_reached,-0.54643278,-0.55639779,-0.53646778
hard|8|8|-10|hit,hard,8,8,-10,hit,34304,11389,13382,9533,0.3320021,0.32701852,0.33698568,0.00498358,0.005,ci_target_reached,-0.05809818,-0.06706982,-0.04912654
hard|8|8|-10|double,hard,8,8,-10,double,36352,13715,12611,10026,0.37728323,0.37230046,0.382266,0.00498277,0.005,ci_target_reached,0.06073944,0.04325388,0.07822499
hard|8|8|-9|stand,hard,8,8,-9,stand,27392,6282,21110,0,0.22933703,0.22435836,0.2343157,0.00497867,0.005,ci_target_reached,-0.54132593,-0.55128346,-0.53136841
hard|8|8|-9|hit,hard,8,8,-9,hit,34304,11541,13158,9605,0.33643307,0.33143301,0.34143313,0.00500006,0.005,ci_target_reached,-0.04713736,-0.0561031,-0.03817162
hard|8|8|-8|stand,hard,8,8,-8,stand,26880,6048,20832,0,0.225,0.2200079,0.2299921,0.0049921,0.005,ci_target_reached,-0.55,-0.55998439,-0.54001561
hard|8|8|-9|double,hard,8,8,-9,double,36352,13776,12605,9971,0.37896127,0.37397416,0.38394837,0.00498711,0.005,ci_target_reached,0.06442562,0.04692317,0.08192806
hard|8|8|-8|hit,hard,8,8,-8,hit,34304,11402,13252,9650,0.33238106,0.32739605,0.33736607,0.00498501,0.005,ci_target_reached,-0.05392957,-0.06288282,-0.04497632
hard|8|8|-8|double,hard,8,8,-8,double,36352,13711,12798,9843,0.3771732,0.37219071,0.38215568,0.00498248,0.005,ci_target_reached,0.05023107,0.03268126,0.06778089
hard|8|8|-7|stand,hard,8,8,-7,stand,27392,6303,21089,0,0.23010368,0.22511917,0.23508819,0.00498451,0.005,ci_target_reached,-0.53979264,-0.54976183,-0.52982345
hard|8|8|-7|hit,hard,8,8,-7,hit,34560,11659,13253,9648,0.33735532,0.33237046,0.34234019,0.00498486,0.005,ci_target_reached,-0.04612269,-0.05506091,-0.03718446
hard|8|8|-6|stand,hard,8,8,-6,stand,27392,6322,21070,0,0.23079731,0.22580755,0.23578708,0.00498976,0.005,ci_target_reached,-0.53840537,-0.54838508,-0.52842566
hard|8|8|-6|hit,hard,8,8,-6,hit,34304,11457,13214,9633,0.33398438,0.32899336,0.33897539,0.00499102,0.005,ci_target_reached,-0.05121852,-0.06017665,-0.04226038
hard|8|8|-7|double,hard,8,8,-7,double,36096,13455,12593,10048,0.37275598,0.36776763,0.37774434,0.00498835,0.005,ci_target_reached,0.04776152,0.03024094,0.06528211
hard|8|8|-5|stand,hard,8,8,-5,stand,26880,6052,20828,0,0.22514881,0.22015554,0.23014208,0.00499327,0.005,ci_target_reached,-0.54970238,-0.55968912,-0.53971565
hard|8|8|-5|hit,hard,8,8,-5,hit,34304,11484,13221,9599,0.33477146,0.32977752,0.3397654,0.00499394,0.005,ci_target_reached,-0.05063549,-0.05960019,-0.0416708
hard|8|8|-6|double,hard,8,8,-6,double,36352,13767,12731,9854,0.37871369,0.37372722,0.38370016,0.00498647,0.005,ci_target_reached,0.05699824,0.03945426,0.07454222
hard|8|8|-4|stand,hard,8,8,-4,stand,27136,6209,20927,0,0.22881044,0.22381237,0.2338085,0.00499806,0.005,ci_target_reached,-0.54237913,-0.55237544,-0.53238282
hard|8|8|-5|double,hard,8,8,-5,double,36096,13471,12579,10046,0.37319925,0.36820969,0.3781888,0.00498955,0.005,ci_target_reached,0.04942376,0.03190299,0.06694452
hard|8|8|-4|hit,hard,8,8,-4,hit,34304,11429,13233,9642,0.33316814,0.32818018,0.33815611,0.00498797,0.005,ci_target_reached,-0.05258862,-0.06154422,-0.04363302
hard|8|8|-3|stand,hard,8,8,-3,stand,27648,6448,21200,0,0.23321759,0.22823287,0.23820231,0.00498472,0.005,ci_target_reached,-0.53356481,-0.54353444,-0.52359519
hard|8|8|-3|hit,hard,8,8,-3,hit,34560,11638,13259,9663,0.33674769,0.33176503,0.34173034,0.00498266,0.005,ci_target_reached,-0.04690394,-0.05583901,-0.03796886
hard|8|8|+0|hit,hard,8,8,0,hit,36608,14145,16102,6361,0.38639095,0.38140294,0.39137896,0.00498801,0.005,ci_target_reached,-0.05345826,-0.0627538,-0.04416272
hard|8|8|-4|double,hard,8,8,-4,double,36352,13773,12484,10095,0.37887874,0.37389185,0.38386564,0.0049869,0.005,ci_target_reached,0.07091769,0.05345915,0.08837624
hard|8|8|+0|stand,hard,8,8,0,stand,28160,6750,21410,0,0.2397017,0.23471553,0.24468788,0.00498617,0.005,ci_target_reached,-0.52059659,-0.53056911,-0.51062407
hard|8|8|+0|double,hard,8,8,0,double,34048,11125,18573,4350,0.3267446,0.32176259,0.3317266,0.00498201,0.005,ci_target_reached,-0.4375,-0.45678912,-0.41821088
hard|8|8|-2|stand,hard,8,8,-2,stand,27392,6341,21051,0,0.23149095,0.22649594,0.23648595,0.004995,0.005,ci_target_reached,-0.53701811,-0.54700829,-0.52702792
hard|8|8|-3|double,hard,8,8,-3,double,36352,13718,12519,10115,0.37736576,0.37238277,0.38234874,0.00498299,0.005,ci_target_reached,0.06596611,0.04851218,0.08342004
hard|8|8|-2|hit,hard,8,8,-2,hit,34304,11415,13274,9615,0.33276003,0.32777359,0.33774646,0.00498644,0.005,ci_target_reached,-0.05419193,-0.06315138,-0.04523248
hard|8|8|-1|stand,hard,8,8,-1,stand,27392,6329,21063,0,0.23105286,0.22606117,0.23604456,0.0049917,0.005,ci_target_reached,-0.53789428,-0.54787785,-0.5279107
hard|8|8|-2|double,hard,8,8,-2,double,36096,13511,12598,9987,0.3743074,0.36931487,0.37929994,0.00499254,0.005,ci_target_reached,0.05058732,0.03304706,0.06812758
hard|8|8|-1|hit,hard,8,8,-1,hit,34048,11263,13316,9469,0.3307977,0.3258,0.3357954,0.0049977,0.005,ci_target_reached,-0.06029723,-0.06929959,-0.05129486
hard|8|8|+1|stand,hard,8,8,1,stand,28160,6776,21384,0,0.240625,0.23563227,0.24561773,0.00499273,0.005,ci_target_reached,-0.51875,-0.52873564,-0.50876436
hard|8|8|-1|double,hard,8,8,-1,double,36352,13776,12475,10101,0.37896127,0.37397416,0.38394837,0.00498711,0.005,ci_target_reached,0.0715779,0.05412165,0.08903416
hard|8|8|+1|double,hard,8,8,1,double,32000,9356,19269,3375,0.292375,0.28739129,0.29735871,0.00498371,0.005,ci_target_reached,-0.6195625,-0.63914524,-0.59997976
hard|8|8|+1|hit,hard,8,8,1,hit,36608,14193,16266,6149,0.38770214,0.38271102,0.39269327,0.00499113,0.005,ci_target_reached,-0.05662697,-0.06595318,-0.04730075
hard|8|8|+2|stand,hard,8,8,2,stand,28416,6956,21460,0,0.24479167,0.2397924,0.24979093,0.00499927,0.005,ci_target_reached,-0.51041667,-0.52041538,-0.50041796
hard|8|8|+2|hit,hard,8,8,2,hit,37120,14851,17440,4829,0.40008082,0.39509688,0.40506475,0.00498393,0.005,ci_target_reached,-0.06974677,-0.07920864,-0.0602849
hard|8|8|+2|double,hard,8,8,2,double,29440,7562,20601,1277,0.25686141,0.2518706,0.26185223,0.00499082,0.005,ci_target_reached,-0.88580163,-0.90572503,-0.86587823
hard|8|8|+3|stand,hard,8,8,3,stand,28416,6943,21473,0,0.24433418,0.23933807,0.24933028,0.00499611,0.005,ci_target_reached,-0.51133164,-0.52132403,-0.50133926
hard|8|8|+3|hit,hard,8,8,3,hit,37120,15106,17408,4606,0.40695043,0.40195275,0.41194811,0.00499768,0.005,ci_target_reached,-0.06201509,-0.07151531,-0.05251487
hard|8|8|+3|double,hard,8,8,3,double,29184,7411,20818,955,0.25394052,0.24894666,0.25893438,0.00499386,0.005,ci_target_reached,-0.91879112,-0.93874598,-0.89883626
hard|8|8|+4|stand,hard,8,8,4,stand,28416,6921,21495,0,0.24355997,0.23856923,0.2485507,0.00499074,0.005,ci_target_reached,-0.51288007,-0.52286172,-0.50289842
hard|8|8|+4|double,hard,8,8,4,double,29184,7392,20798,994,0.25328947,0.24829984,0.2582791,0.00498963,0.005,ci_target_reached,-0.91872259,-0.93866023,-0.89878495
hard|8|8|+4|hit,hard,8,8,4,hit,37376,15502,17284,4590,0.41475813,0.40976326,0.41975301,0.00499488,0.005,ci_target_reached,-0.04767765,-0.05716074,-0.03819456
hard|8|8|+5|stand,hard,8,8,5,stand,28416,6948,21468,0,0.24451014,0.23951281,0.24950746,0.00499732,0.005,ci_target_reached,-0.51097973,-0.52097455,-0.50098491
hard|8|8|+5|double,hard,8,8,5,double,28928,7260,20716,952,0.25096792,0.24597153,0.25596431,0.00499639,0.005,ci_target_reached,-0.93030973,-0.95027954,-0.91033993
hard|8|8|+5|hit,hard,8,8,5,hit,37376,15297,17425,4654,0.40927333,0.40428839,0.41425827,0.00498494,0.005,ci_target_reached,-0.05693493,-0.06640348,-0.04746638
hard|8|8|+6|stand,hard,8,8,6,stand,28416,6911,21505,0,0.24320805,0.23821976,0.24819634,0.00498829,0.005,ci_target_reached,-0.5135839,-0.52356065,-0.50360714
hard|8|8|+6|hit,hard,8,8,6,hit,37376,15268,17427,4681,0.40849743,0.40351395,0.41348091,0.00498348,0.005,ci_target_reached,-0.05776434,-0.06722845,-0.04830023
hard|8|8|+6|double,hard,8,8,6,double,28672,7093,20657,922,0.24738421,0.24238962,0.2523788,0.00499459,0.005,ci_target_reached,-0.94614955,-0.9661189,-0.92618021
hard|8|8|+7|stand,hard,8,8,7,stand,28416,6912,21504,0,0.24324324,0.23825471,0.24823178,0.00498854,0.005,ci_target_reached,-0.51351351,-0.52349076,-0.50353627
hard|8|8|+7|double,hard,8,8,7,double,28672,7063,20693,916,0.24633789,0.24135041,0.25132537,0.00498748,0.005,ci_target_reached,-0.95075335,-0.97069618,-0.93081051
hard|8|8|+7|hit,hard,8,8,7,hit,37376,15316,17417,4643,0.40978168,0.40479579,0.41476756,0.00498589,0.005,ci_target_reached,-0.05621254,-0.06568313,-0.04674195
hard|8|8|+8|stand,hard,8,8,8,stand,28416,6950,21466,0,0.24458052,0.23958271,0.24957833,0.00499781,0.005,ci_target_reached,-0.51083896,-0.52083476,-0.50084317
hard|8|8|+8|double,hard,8,8,8,double,28672,7095,20581,996,0.24745396,0.2424589,0.25244902,0.00499506,0.005,ci_target_reached,-0.94070871,-0.96067786,-0.92073955
hard|8|8|+8|hit,hard,8,8,8,hit,37376,15432,17324,4620,0.41288527,0.40789372,0.41787683,0.00499155,0.005,ci_target_reached,-0.05062072,-0.06009789,-0.04114355
hard|8|8|+9|stand,hard,8,8,9,stand,28672,7030,21642,0,0.24518694,0.24020733,0.25016655,0.00497961,0.005,ci_target_reached,-0.50962612,-0.51958551,-0.49966672
hard|8|8|+9|double,hard,8,8,9,double,28672,7102,20620,950,0.2476981,0.24270139,0.25269482,0.00499671,0.005,ci_target_reached,-0.94294085,-0.96291742,-0.92296427
hard|8|8|+9|hit,hard,8,8,9,hit,37120,15085,17466,4569,0.4063847,0.40138811,0.41138128,0.00499659,0.005,ci_target_reached,-0.06414332,-0.0736475,-0.05463913
hard|8|9|-10|stand,hard,8,9,-10,stand,16896,2088,14808,0,0.12357955,0.11861712,0.12854197,0.00496242,0.005,ci_target_reached,-0.75284091,-0.76276605,-0.74291577
hard|8|8|+10|stand,hard,8,8,10,stand,28416,6949,21467,0,0.24454533,0.23954776,0.24954289,0.00499757,0.005,ci_target_reached,-0.51090935,-0.52090465,-0.50091404
hard|8|9|-10|hit,hard,8,9,-10,hit,24832,5012,16339,3481,0.20183634,0.1968441,0.20682859,0.00499224,0.005,ci_target_reached,-0.4561453,-0.46618681,-0.44610378
hard|8|8|+10|double,hard,8,8,10,double,29184,7395,20841,948,0.25339227,0.24840197,0.25838257,0.0049903,0.005,ci_target_reached,-0.92146382,-0.94140561,-0.90152202
hard|8|8|+10|hit,hard,8,8,10,hit,37120,15134,17438,4548,0.40770474,0.40270562,0.41270387,0.00499913,0.005,ci_target_reached,-0.06206897,-0.07157766,-0.05256028
hard|8|9|-9|stand,hard,8,9,-9,stand,16128,1913,14215,0,0.11861359,0.11362341,0.12360377,0.00499018,0.005,ci_target_reached,-0.76277282,-0.77275349,-0.75279215
hard|8|9|-10|double,hard,8,9,-10,double,26112,5656,16938,3518,0.21660539,0.21160895,0.22160183,0.00499644,0.005,ci_target_reached,-0.86412377,-0.88410765,-0.8441399
hard|8|9|-9|hit,hard,8,9,-9,hit,24832,4992,16334,3506,0.20103093,0.19604614,0.20601572,0.00498479,0.005,ci_target_reached,-0.45674936,-0.46677886,-0.44671985
hard|8|9|-8|stand,hard,8,9,-8,stand,16128,1906,14222,0,0.11817956,0.1131973,0.12316183,0.00498227,0.005,ci_target_reached,-0.76364087,-0.77360572,-0.75367603
hard|8|9|-9|double,hard,8,9,-9,double,26368,5743,16971,3654,0.21780188,0.21281985,0.22278391,0.00498203,0.005,ci_target_reached,-0.85163835,-0.87154703,-0.83172967
hard|8|9|-8|hit,hard,8,9,-8,hit,24832,5002,16369,3461,0.20143363,0.19644511,0.20642215,0.00498852,0.005,ci_target_reached,-0.45775612,-0.4677925,-0.44771974
hard|8|9|-7|stand,hard,8,9,-7,stand,16128,1904,14224,0,0.11805556,0.11307555,0.12303556,0.00498,0.005,ci_target_reached,-0.76388889,-0.7738492,-0.75392857
hard|8|9|-7|hit,hard,8,9,-7,hit,24064,4639,16039,3386,0.19277759,0.18779337,0.19776181,0.00498422,0.005,ci_target_reached,-0.4737367,-0.48380421,-0.46366919
hard|8|9|-8|double,hard,8,9,-8,double,26624,5926,17008,3690,0.22258113,0.21758434,0.22757792,0.00499679,0.005,ci_target_reached,-0.83248197,-0.85241155,-0.81255239
hard|8|9|-6|stand,hard,8,9,-6,stand,15872,1828,14044,0,0.11517137,0.11020497,0.12013778,0.0049664,0.005,ci_target_reached,-0.76965726,-0.77959038,-0.75972414
hard|8|9|-7|double,hard,8,9,-7,double,26368,5760,16915,3693,0.2184466,0.21345926,0.22343395,0.00498735,0.005,ci_target_reached,-0.84610133,-0.86602276,-0.82617991
hard|8|9|-6|hit,hard,8,9,-6,hit,24320,4744,16090,3486,0.19506579,0.19008561,0.20004597,0.00498018,0.005,ci_target_reached,-0.46652961,-0.47657663,-0.45648258
hard|8|9|-5|stand,hard,8,9,-5,stand,16384,1967,14417,0,0.12005615,0.11507917,0.12503313,0.00497698,0.005,ci_target_reached,-0.7598877,-0.76984196,-0.74993343
hard|8|9|-6|double,hard,8,9,-6,double,26112,5641,16804,3667,0.21603094,0.2110393,0.22102259,0.00499164,0.005,ci_target_reached,-0.85500919,-0.87496671,-0.83505167
hard|8|9|-4|stand,hard,8,9,-4,stand,16640,2024,14616,0,0.12163462,0.11666817,0.12660106,0.00496644,0.005,ci_target_reached,-0.75673077,-0.76666396,-0.74679758
hard|8|9|-5|hit,hard,8,9,-5,hit,24576,4884,16180,3512,0.19873047,0.19374137,0.20371957,0.0049891,0.005,ci_target_reached,-0.45963542,-0.46968317,-0.44958766
hard|8|9|-5|double,hard,8,9,-5,double,26112,5622,16871,3619,0.21530331,0.21031777,0.22028885,0.00498554,0.005,ci_target_reached,-0.8615962,-0.88153914,-0.84165326
hard|8|9|-3|stand,hard,8,9,-3,stand,16128,1894,14234,0,0.11743552,0.11246686,0.12240417,0.00496865,0.005,ci_target_reached,-0.76512897,-0.77506658,-0.75519135
hard|8|9|-4|hit,hard,8,9,-4,hit,24832,5024,16347,3461,0.20231959,0.19732288,0.20731629,0.0049967,0.005,ci_target_reached,-0.45598421,-0.46603306,-0.44593536
hard|8|9|-4|double,hard,8,9,-4,double,26112,5656,16965,3491,0.21660539,0.21160895,0.22160183,0.00499644,0.005,ci_target_reached,-0.86619179,-0.88617772,-0.84620586
hard|8|9|+0|hit,hard,8,9,0,hit,34304,11535,18824,3945,0.33625816,0.33125874,0.34125758,0.00499942,0.005,ci_target_reached,-0.21248251,-0.2221807,-0.20278431
hard|8|9|+0|stand,hard,8,9,0,stand,27136,6211,20925,0,0.22888414,0.22388551,0.23388277,0.00499863,0.005,ci_target_reached,-0.54223172,-0.55222916,-0.53223428
hard|8|9|+0|double,hard,8,9,0,double,31232,8841,20130,2261,0.28307505,0.27807881,0.2880713,0.00499625,0.005,ci_target_reached,-0.7229124,-0.74271445,-0.70311034
hard|8|9|-3|hit,hard,8,9,-3,hit,25088,5087,16327,3674,0.20276626,0.19779103,0.2077415,0.00497524,0.005,ci_target_reached,-0.44802296,-0.45802139,-0.43802452
hard|8|9|-2|stand,hard,8,9,-2,stand,16640,2027,14613,0,0.1218149,0.11684529,0.12678452,0.00496961,0.005,ci_target_reached,-0.75637019,-0.76630972,-0.74643067
hard|8|9|-3|double,hard,8,9,-3,double,26624,5905,17063,3656,0.22179237,0.21680191,0.22678283,0.00499046,0.005,ci_target_reached,-0.83819111,-0.85810464,-0.81827757
hard|8|9|-1|stand,hard,8,9,-1,stand,15872,1827,14045,0,0.11510837,0.11014314,0.12007359,0.00496522,0.005,ci_target_reached,-0.76978327,-0.77971402,-0.75985251
hard|8|9|-2|hit,hard,8,9,-2,hit,24576,4840,16150,3586,0.1969401,0.19196799,0.20191222,0.00497212,0.005,ci_target_reached,-0.46020508,-0.47022529,-0.45018486
hard|8|9|-2|double,hard,8,9,-2,double,26624,5921,17038,3665,0.22239333,0.21739804,0.22738861,0.00499529,0.005,ci_target_reached,-0.83511118,-0.85503848,-0.81518388
hard|8|9|-1|hit,hard,8,9,-1,hit,24576,4908,16101,3567,0.19970703,0.19470874,0.20470532,0.00499829,0.005,ci_target_reached,-0.45544434,-0.46550451,-0.44538417
hard|8|9|-1|double,hard,8,9,-1,double,26368,5727,17006,3635,0.21719508,0.21221807,0.2221721,0.00497702,0.005,ci_target_reached,-0.85550667,-0.87540173,-0.83561162
hard|8|9|+1|stand,hard,8,9,1,stand,23808,4510,19298,0,0.18943212,0.18445457,0.19440968,0.00497756,0.005,ci_target_reached,-0.62113575,-0.63109107,-0.61118043
hard|8|9|+1|double,hard,8,9,1,double,26880,6027,19162,1691,0.22421875,0.21923281,0.22920469,0.00498594,0.005,ci_target_reached,-0.97730655,-0.99728691,-0.95732619
hard|8|9|+2|stand,hard,8,9,2,stand,26368,5751,20617,0,0.21810528,0.21312074,0.22308981,0.00498454,0.005,ci_target_reached,-0.56378944,-0.5737587,-0.55382018
hard|8|9|+1|hit,hard,8,9,1,hit,34816,11979,18432,4405,0.34406595,0.33907575,0.34905614,0.0049902,0.005,ci_target_reached,-0.18534582,-0.19496828,-0.17572336
hard|8|9|+2|double,hard,8,9,2,double,27136,6201,20004,931,0.22851562,0.22351983,0.23351142,0.0049958,0.005,ci_target_reached,-1.01732017,-1.0373288,-0.99731153
hard|8|9|+3|stand,hard,8,9,3,stand,26880,6001,20879,0,0.22325149,0.21827321,0.22822976,0.00497827,0.005,ci_target_reached,-0.55349702,-0.56345376,-0.54354029
hard|8|9|+2|hit,hard,8,9,2,hit,36864,14709,17393,4762,0.39900716,0.3940082,0.40400612,0.00499896,0.005,ci_target_reached,-0.07280816,-0.08230545,-0.06331087
hard|8|9|+3|double,hard,8,9,3,double,27392,6270,20318,804,0.22889895,0.22392362,0.23387428,0.00497533,0.005,ci_target_reached,-1.02570093,-1.04562537,-1.0057765
hard|8|9|+3|hit,hard,8,9,3,hit,37376,15329,17376,4671,0.41012949,0.40514296,0.41511603,0.00498653,0.005,ci_target_reached,-0.05476777,-0.06423516,-0.04530037
hard|8|9|+4|stand,hard,8,9,4,stand,26368,5773,20595,0,0.21893962,0.21394823,0.22393102,0.0049914,0.005,ci_target_reached,-0.56212075,-0.57210373,-0.55213777
hard|8|9|+4|hit,hard,8,9,4,hit,37376,15290,17445,4641,0.40908604,0.40410146,0.41407063,0.00498459,0.005,ci_target_reached,-0.05765732,-0.06712731,-0.04818733
hard|8|9|+5|stand,hard,8,9,5,stand,26368,5747,20621,0,0.21795358,0.21297029,0.22293687,0.00498329,0.005,ci_target_reached,-0.56409284,-0.5740596,-0.55412608
hard|8|9|+4|double,hard,8,9,4,double,27392,6284,20311,797,0.22941005,0.22443082,0.23438928,0.00497923,0.005,ci_target_reached,-1.02416764,-1.04410673,-1.00422855
hard|8|9|+5|double,hard,8,9,5,double,27392,6350,20242,800,0.23181951,0.22682203,0.23681699,0.00499748,0.005,ci_target_reached,-1.01431075,-1.03431885,-0.99430265
hard|8|9|+5|hit,hard,8,9,5,hit,37120,14953,17458,4709,0.40282866,0.39783911,0.40781822,0.00498955,0.005,ci_target_reached,-0.06748384,-0.07696506,-0.05800261
hard|8|9|+6|stand,hard,8,9,6,stand,26880,6024,20856,0,0.22410714,0.21912209,0.2290922,0.00498506,0.005,ci_target_reached,-0.55178571,-0.56175601,-0.54181541
hard|8|9|+6|double,hard,8,9,6,double,27136,6200,20096,840,0.22847877,0.22348326,0.23347429,0.00499551,0.005,ci_target_reached,-1.02417453,-1.04418111,-1.00416794
hard|8|9|+6|hit,hard,8,9,6,hit,37120,14898,17491,4731,0.40134698,0.39636044,0.40633353,0.00498654,0.005,ci_target_reached,-0.06985453,-0.07933074,-0.06037831
hard|8|9|+7|stand,hard,8,9,7,stand,26624,5889,20735,0,0.22119141,0.21620579,0.22617702,0.00498562,0.005,ci_target_reached,-0.55761719,-0.56758861,-0.54764577
hard|8|9|+7|double,hard,8,9,7,double,27392,6340,20275,777,0.23145444,0.22645971,0.23644917,0.00499473,0.005,ci_target_reached,-1.01745035,-1.03744786,-0.99745284
hard|8|9|+7|hit,hard,8,9,7,hit,37120,14838,17510,4772,0.3997306,0.3947474,0.40471381,0.00498321,0.005,ci_target_reached,-0.07198276,-0.08145129,-0.06251423
hard|8|9|+8|stand,hard,8,9,8,stand,26368,5759,20609,0,0.21840868,0.21342164,0.22339571,0.00498703,0.005,ci_target_reached,-0.56318265,-0.5731569,-0.55320839
hard|8|9|+8|hit,hard,8,9,8,hit,37120,15139,17331,4650,0.40783944,0.40284006,0.41283882,0.00499938,0.005,ci_target_reached,-0.05905172,-0.06854744,-0.04955601
hard|8|9|+8|double,hard,8,9,8,double,27136,6194,20113,829,0.22825767,0.22326386,0.23325147,0.00499381,0.005,ci_target_reached,-1.02586969,-1.04586972,-1.00586967
hard|8|10|-10|stand,hard,8,10,-10,stand,2560,42,2518,0,0.01640625,0.0114853,0.0213272,0.00492095,0.005,ci_target_reached,-0.9671875,-0.97703132,-0.95734368
hard|8|9|+9|stand,hard,8,9,9,stand,26624,5931,20693,0,0.22276893,0.21777064,0.22776722,0.00499829,0.005,ci_target_reached,-0.55446214,-0.56445892,-0.54446536
hard|8|10|-9|stand,hard,8,10,-9,stand,2048,26,2022,0,0.01269531,0.00784647,0.01754416,0.00484885,0.005,ci_target_reached,-0.97460938,-0.98430944,-0.96490931
hard|8|9|+9|double,hard,8,9,9,double,27136,6153,20195,788,0.22674676,0.22176463,0.23172888,0.00498212,0.005,ci_target_reached,-1.03493514,-1.05489038,-1.0149799
hard|8|10|-10|hit,hard,8,10,-10,hit,15104,1662,11960,1482,0.11003708,0.10504633,0.11502782,0.00499075,0.005,ci_target_reached,-0.68180614,-0.69234942,-0.67126287
hard|8|9|+9|hit,hard,8,9,9,hit,37120,15064,17317,4739,0.40581897,0.40082348,0.41081445,0.00499548,0.005,ci_target_reached,-0.06069504,-0.07017661,-0.05121348
hard|8|10|-8|stand,hard,8,10,-8,stand,2560,36,2524,0,0.0140625,0.00950116,0.01862384,0.00456134,0.005,ci_target_reached,-0.971875,-0.98099945,-0.96275055
hard|8|10|-10|double,hard,8,10,-10,double,14336,1464,11557,1315,0.10212054,0.09716366,0.10707741,0.00495687,0.005,ci_target_reached,-1.40806362,-1.42909453,-1.3870327
hard|8|9|+10|stand,hard,8,9,10,stand,26880,6003,20877,0,0.22332589,0.21834703,0.22830476,0.00497887,0.005,ci_target_reached,-0.55334821,-0.56330613,-0.5433903
hard|8|10|-7|stand,hard,8,10,-7,stand,2816,46,2770,0,0.01633523,0.01165329,0.02101717,0.00468194,0.005,ci_target_reached,-0.96732955,-0.97669509,-0.957964
hard|8|10|-9|hit,hard,8,10,-9,hit,15360,1706,12194,1460,0.11106771,0.10609848,0.11603693,0.00496923,0.005,ci_target_reached,-0.6828125,-0.69328778,-0.67233722
hard|8|10|-6|stand,hard,8,10,-6,stand,2304,30,2274,0,0.01302083,0.00839182,0.01764984,0.00462901,0.005,ci_target_reached,-0.97395833,-0.98321837,-0.9646983
hard|8|9|+10|double,hard,8,9,10,double,27392,6327,20248,817,0.23097985,0.2259887,0.23597099,0.00499114,0.005,ci_target_reached,-1.01642815,-1.03641247,-0.99644384
hard|8|10|-9|double,hard,8,10,-9,double,14848,1607,11839,1402,0.10823006,0.10323291,0.11322722,0.00499715,0.005,ci_target_reached,-1.37823276,-1.39934584,-1.35711967
hard|8|10|-8|hit,hard,8,10,-8,hit,15360,1715,12202,1443,0.11165365,0.10667297,0.11663432,0.00498067,0.005,ci_target_reached,-0.6827474,-0.69323695,-0.67225785
hard|8|9|+10|hit,hard,8,9,10,hit,37120,15054,17473,4593,0.40554957,0.40055461,0.41054453,0.00499496,0.005,ci_target_reached,-0.06516703,-0.07466697,-0.05566708
hard|8|10|-5|stand,hard,8,10,-5,stand,2304,33,2271,0,0.01432292,0.00947117,0.01917466,0.00485174,0.005,ci_target_reached,-0.97135417,-0.98105976,-0.96164857
hard|8|10|-8|double,hard,8,10,-8,double,14848,1580,11939,1329,0.10641164,0.1014516,0.11137168,0.00496004,0.005,ci_target_reached,-1.39533944,-1.4162816,-1.37439728
hard|8|10|-7|hit,hard,8,10,-7,hit,14592,1524,11649,1419,0.10444079,0.09947851,0.10940307,0.00496228,0.005,ci_target_reached,-0.69387336,-0.70440525,-0.68334146
hard|8|10|-4|stand,hard,8,10,-4,stand,3072,54,3018,0,0.01757812,0.01293104,0.02222521,0.00464709,0.005,ci_target_reached,-0.96484375,-0.97413944,-0.95554806
hard|8|10|-3|stand,hard,8,10,-3,stand,1792,18,1774,0,0.01004464,0.00542762,0.01466167,0.00461702,0.005,ci_target_reached,-0.97991071,-0.98914734,-0.97067409
hard|8|10|-7|double,hard,8,10,-7,double,14848,1597,11924,1327,0.10755657,0.10257311,0.11254003,0.00498346,0.005,ci_target_reached,-1.39102909,-1.41204864,-1.37000955
hard|8|10|-6|hit,hard,8,10,-6,hit,15360,1726,12128,1506,0.11236979,0.10737519,0.1173644,0.00499461,0.005,ci_target_reached,-0.67721354,-0.68774384,-0.66668325
hard|8|10|-6|double,hard,8,10,-6,double,14592,1535,11680,1377,0.10519463,0.10021657,0.11017268,0.00497806,0.005,ci_target_reached,-1.39048794,-1.41157607,-1.3693998
hard|8|10|-2|stand,hard,8,10,-2,stand,2560,41,2519,0,0.01601562,0.01115265,0.0208786,0.00486298,0.005,ci_target_reached,-0.96796875,-0.9776966,-0.9582409
hard|8|10|-5|hit,hard,8,10,-5,hit,15360,1708,12187,1465,0.11119792,0.10622614,0.11616969,0.00497177,0.005,ci_target_reached,-0.68222656,-0.69270751,-0.67174562
hard|8|10|-5|double,hard,8,10,-5,double,15104,1635,12058,1411,0.10824947,0.10329446,0.11320448,0.00495501,0.005,ci_target_reached,-1.38016419,-1.40108962,-1.35923877
hard|8|10|-4|hit,hard,8,10,-4,hit,15360,1714,12143,1503,0.11158854,0.10660914,0.11656795,0.0049794,0.005,ci_target_reached,-0.67897135,-0.68947563,-0.66846708
hard|8|10|-1|stand,hard,8,10,-1,stand,2816,45,2771,0,0.01598011,0.01134851,0.02061172,0.00463161,0.005,ci_target_reached,-0.96803977,-0.97730463,-0.95877492
hard|8|10|+0|hit,hard,8,10,0,hit,32256,9637,19509,3110,0.29876612,0.29377098,0.30376126,0.00499514,0.005,ci_target_reached,-0.30605159,-0.31587308,-0.29623009
hard|8|10|+0|stand,hard,8,10,0,stand,25600,5380,20220,0,0.21015625,0.20516536,0.21514714,0.00499089,0.005,ci_target_reached,-0.5796875,-0.58966947,-0.56970553
hard|8|10|+0|double,hard,8,10,0,double,29952,7868,20480,1604,0.26268697,0.25770285,0.26767108,0.00498412,0.005,ci_target_reached,-0.84214744,-0.86201224,-0.82228263
hard|8|10|-4|double,hard,8,10,-4,double,14848,1575,11876,1397,0.10607489,0.10112177,0.11102801,0.00495312,0.005,ci_target_reached,-1.38752694,-1.40849023,-1.36656365
hard|8|10|-3|hit,hard,8,10,-3,hit,15360,1709,12209,1442,0.11126302,0.10628997,0.11623607,0.00497305,0.005,ci_target_reached,-0.68359375,-0.69407028,-0.67311722
hard|8|10|-3|double,hard,8,10,-3,double,15104,1636,12130,1338,0.10831568,0.10335934,0.11327202,0.00495634,0.005,ci_target_reached,-1.38956568,-1.4104503,-1.36868105
hard|8|10|-2|hit,hard,8,10,-2,hit,15360,1715,12154,1491,0.11165365,0.10667297,0.11663432,0.00498067,0.005,ci_target_reached,-0.6796224,-0.69012544,-0.66911935
hard|8|10|-2|double,hard,8,10,-2,double,14848,1603,11904,1341,0.10796067,0.10296899,0.11295235,0.00499168,0.005,ci_target_reached,-1.38752694,-1.40858313,-1.36647075
hard|8|10|-1|hit,hard,8,10,-1,hit,14592,1543,11607,1442,0.10574287,0.10075339,0.11073235,0.00498948,0.005,ci_target_reached,-0.68969298,-0.70027734,-0.67910862
hard|8|10|-1|double,hard,8,10,-1,double,14592,1535,11743,1314,0.10519463,0.10021657,0.11017268,0.00497806,0.005,ci_target_reached,-1.39912281,-1.42016834,-1.37807728
hard|8|10|+1|stand,hard,8,10,1,stand,23040,4232,18808,0,0.18368056,0.17868048,0.18868063,0.00500007,0.005,ci_target_reached,-0.63263889,-0.64263926,-0.62263852
hard|8|10|+1|double,hard,8,10,1,double,24320,4777,18746,797,0.1964227,0.19142944,0.20141595,0.00499326,0.005,ci_target_reached,-1.14876645,-1.16883377,-1.12869912
hard|8|10|+2|stand,hard,8,10,2,stand,24064,4670,19394,0,0.19406582,0.18906897,0.19906268,0.00499685,0.005,ci_target_reached,-0.61186835,-0.62186226,-0.60187444
hard|8|10|+2|double,hard,8,10,2,double,25088,5133,19253,702,0.20459981,0.19960788,0.20959174,0.00499193,0.005,ci_target_reached,-1.12563776,-1.14567169,-1.10560382
hard|8|10|+3|stand,hard,8,10,3,stand,24576,4889,19687,0,0.19893392,0.1939429,0.20392494,0.00499102,0.005,ci_target_reached,-0.60213216,-0.6121144,-0.59214992
hard|8|10|+1|hit,hard,8,10,1,hit,35584,12936,18174,4474,0.36353417,0.35853626,0.36853209,0.00499791,0.005,ci_target_reached,-0.14720099,-0.15679517,-0.13760681
hard|8|10|+3|double,hard,8,10,3,double,25344,5259,19388,697,0.20750473,0.20251209,0.21249738,0.00499265,0.005,ci_target_reached,-1.1149779,-1.13500828,-1.09494753
hard|8|10|+2|hit,hard,8,10,2,hit,36352,13762,17917,4673,0.37857614,0.37359003,0.38356226,0.00498612,0.005,ci_target_reached,-0.11429908,-0.12382352,-0.10477464
hard|8|10|+3|hit,hard,8,10,3,hit,36608,14094,17867,4647,0.38499781,0.38001315,0.38998247,0.00498466,0.005,ci_target_reached,-0.1030649,-0.11257835,-0.09355146
hard|8|10|+4|stand,hard,8,10,4,stand,24832,5000,19832,0,0.20135309,0.19636532,0.20634087,0.00498777,0.005,ci_target_reached,-0.59729381,-0.60726956,-0.58731807
hard|8|10|+4|double,hard,8,10,4,double,25088,5099,19264,725,0.20324458,0.19826497,0.20822419,0.00497961,0.005,ci_target_reached,-1.12922513,-1.14921409,-1.10923617
hard|8|10|+5|stand,hard,8,10,5,stand,24832,4994,19838,0,0.20111147,0.19612593,0.206097,0.00498553,0.005,ci_target_reached,-0.59777706,-0.60774833,-0.58780579
hard|8|10|+4|hit,hard,8,10,4,hit,36608,14133,17811,4664,0.38606316,0.38107593,0.39105038,0.00498723,0.005,ci_target_reached,-0.10046984,-0.10998364,-0.09095604
hard|8|10|+5|double,hard,8,10,5,double,25344,5215,19458,671,0.20576862,0.20079146,0.21074578,0.00497716,0.005,ci_target_reached,-1.12397412,-1.14394371,-1.10400452
hard|8|10|+6|stand,hard,8,10,6,stand,24064,4648,19416,0,0.1931516,0.1881637,0.19813949,0.00498789,0.005,ci_target_reached,-0.61369681,-0.62367281,-0.60372081
hard|8|10|+5|hit,hard,8,10,5,hit,36352,13898,17789,4665,0.38231734,0.37732175,0.38731293,0.00499559,0.005,ci_target_reached,-0.10703675,-0.11657133,-0.09750218
hard|8|10|+6|double,hard,8,10,6,double,25344,5230,19429,685,0.20636048,0.20137802,0.21134293,0.00498246,0.005,ci_target_reached,-1.12050189,-1.14049267,-1.10051112
hard|8|10|+6|hit,hard,8,10,6,hit,36352,13961,17662,4729,0.3840504,0.37905053,0.38905027,0.00499987,0.005,ci_target_reached,-0.10181008,-0.11134094,-0.09227921
hard|8|10|+7|stand,hard,8,10,7,stand,24320,4745,19575,0,0.19510691,0.19012633,0.20008749,0.00498058,0.005,ci_target_reached,-0.60978618,-0.61974754,-0.59982482
hard|8|10|+7|double,hard,8,10,7,double,25344,5201,19482,661,0.20521622,0.20024402,0.21018843,0.0049722,0.005,ci_target_reached,-1.12697285,-1.14692281,-1.1070229
hard|8|10|+8|stand,hard,8,10,8,stand,24064,4666,19398,0,0.1938996,0.18890437,0.19889483,0.00499523,0.005,ci_target_reached,-0.6122008,-0.62219146,-0.60221014
hard|8|10|+7|hit,hard,8,10,7,hit,36352,13943,17861,4548,0.38355524,0.37855659,0.38855389,0.00499865,0.005,ci_target_reached,-0.10777949,-0.117331,-0.09822798
hard|8|10|+8|double,hard,8,10,8,double,24832,5008,19122,702,0.20167526,0.1966845,0.20666601,0.00499076,0.005,ci_target_reached,-1.13675902,-1.15679463,-1.11672342
hard|8|10|+9|stand,hard,8,10,9,stand,24832,5026,19806,0,0.20240013,0.19740268,0.20739758,0.00499745,0.005,ci_target_reached,-0.59519974,-0.60519484,-0.58520465
hard|9|A|-10|stand,hard,9,A,-10,stand,7424,373,7051,0,0.05024246,0.04527334,0.05521157,0.00496911,0.005,ci_target_reached,-0.89951509,-0.90945398,-0.88957619
hard|8|10|+8|hit,hard,8,10,8,hit,36352,13890,17818,4644,0.38209727,0.37710223,0.38709231,0.00499504,0.005,ci_target_reached,-0.10805458,-0.11759114,-0.09851802
hard|8|10|+9|double,hard,8,10,9,double,25088,5126,19314,648,0.20432079,0.19933139,0.20931019,0.0049894,0.005,ci_target_reached,-1.13105867,-1.15107876,-1.11103859
hard|8|10|+9|hit,hard,8,10,9,hit,36352,13899,17895,4558,0.38234485,0.37734919,0.38734051,0.00499566,0.005,ci_target_reached,-0.10992518,-0.11947258,-0.10037777
hard|9|A|-9|stand,hard,9,A,-9,stand,7680,402,7278,0,0.05234375,0.04736256,0.05732494,0.00498119,0.005,ci_target_reached,-0.8953125,-0.90527553,-0.88534947
hard|9|A|-10|hit,hard,9,A,-10,hit,19712,2965,14681,2066,0.15041599,0.14542553,0.15540645,0.00499046,0.005,ci_target_reached,-0.59435877,-0.60463592,-0.58408162
hard|8|10|+10|stand,hard,8,10,10,stand,24320,4781,19539,0,0.19658717,0.19159233,0.20158201,0.00499484,0.005,ci_target_reached,-0.60682566,-0.61681554,-0.59683578
hard|8|10|+10|double,hard,8,10,10,double,25088,5106,19258,724,0.2035236,0.19854145,0.20850575,0.00498215,0.005,ci_target_reached,-1.12818878,-1.1481873,-1.10819025
hard|9|A|-8|stand,hard,9,A,-8,stand,7168,350,6818,0,0.04882812,0.04383903,0.05381722,0.00498909,0.005,ci_target_reached,-0.90234375,-0.91232263,-0.89236487
hard|8|10|+10|hit,hard,8,10,10,hit,36352,13960,17874,4518,0.38402289,0.37902309,0.38902269,0.0049998,0.005,ci_target_reached,-0.10766945,-0.11722566,-0.09811325
hard|9|A|-10|double,hard,9,A,-10,double,19456,2873,14503,2080,0.14766653,0.14268142,0.15265164,0.00498511,0.005,ci_target_reached,-1.19551809,-1.21608941,-1.17494677
hard|9|A|-9|hit,hard,9,A,-9,hit,19456,2834,14549,2073,0.14566201,0.14070503,0.15061899,0.00495698,0.005,ci_target_reached,-0.60212788,-0.61236657,-0.59188919
hard|9|A|-7|stand,hard,9,A,-7,stand,7424,368,7056,0,0.04956897,0.04463152,0.05450641,0.00493745,0.005,ci_target_reached,-0.90086207,-0.91073763,-0.89098651
hard|9|A|-9|double,hard,9,A,-9,double,19712,2933,14663,2116,0.14879261,0.14382441,0.15376081,0.0049682,0.005,ci_target_reached,-1.19013799,-1.21062806,-1.16964791
hard|9|A|-6|stand,hard,9,A,-6,stand,7168,346,6822,0,0.04827009,0.04330813,0.05323205,0.00496196,0.005,ci_target_reached,-0.90345982,-0.91338443,-0.89353522
hard|9|A|-8|hit,hard,9,A,-8,hit,19712,2941,14666,2105,0.14919846,0.14422467,0.15417224,0.00497379,0.005,ci_target_reached,-0.59481534,-0.60506855,-0.58456213
hard|9|A|-8|double,hard,9,A,-8,double,19200,2809,14327,2064,0.14630208,0.14130309,0.15130108,0.004999,0.005,ci_target_reached,-1.19979167,-1.22043869,-1.17914464
hard|9|A|-7|hit,hard,9,A,-7,hit,19712,2942,14705,2065,0.14924919,0.14427471,0.15422367,0.00497448,0.005,ci_target_reached,-0.5967431,-0.60699377,-0.58649243
hard|9|A|-5|stand,hard,9,A,-5,stand,7424,373,7051,0,0.05024246,0.04527334,0.05521157,0.00496911,0.005,ci_target_reached,-0.89951509,-0.90945398,-0.88957619
hard|9|A|-7|double,hard,9,A,-7,double,19456,2859,14457,2140,0.14694696,0.14197191,0.15192201,0.00497505,0.005,ci_target_reached,-1.19222862,-1.21277842,-1.17167882
hard|9|A|-6|hit,hard,9,A,-6,hit,19200,2765,14447,1988,0.14401042,0.13904407,0.14897676,0.00496634,0.005,ci_target_reached,-0.6084375,-0.61869916,-0.59817584
hard|9|A|-4|stand,hard,9,A,-4,stand,8448,478,7970,0,0.05658144,0.0516546,0.06150828,0.00492684,0.005,ci_target_reached,-0.88683712,-0.89669138,-0.87698286
hard|9|A|-6|double,hard,9,A,-6,double,19200,2805,14353,2042,0.14609375,0.1410977,0.1510898,0.00499605,0.005,ci_target_reached,-1.20291667,-1.22354952,-1.18228382
hard|9|A|-5|hit,hard,9,A,-5,hit,19456,2867,14551,2038,0.14735814,0.14237733,0.15233895,0.00498081,0.005,ci_target_reached,-0.60053454,-0.61080899,-0.59026009
hard|9|A|-3|stand,hard,9,A,-3,stand,8192,447,7745,0,0.05456543,0.0496469,0.05948396,0.00491853,0.005,ci_target_reached,-0.89086914,-0.90070681,-0.88103147
hard|9|A|-4|hit,hard,9,A,-4,hit,18944,2724,14164,2056,0.14379223,0.1387956,0.14878886,0.00499663,0.005,ci_target_reached,-0.60388514,-0.61422111,-0.59354916
hard|9|A|-5|double,hard,9,A,-5,double,19456,2883,14524,2049,0.14818051,0.14318823,0.15317279,0.00499228,0.005,ci_target_reached,-1.19664885,-1.21723777,-1.17605993
hard|9|A|-2|stand,hard,9,A,-2,stand,8192,449,7743,0,0.05480957,0.04988068,0.05973846,0.00492889,0.005,ci_target_reached,-0.89038086,-0.90023924,-0.88052248
hard|9|A|+0|hit,hard,9,A,0,hit,30208,8110,19135,2963,0.26847193,0.26347434,0.27346951,0.00499758,0.005,ci_target_reached,-0.36496954,-0.37485698,-0.35508211
hard|9|A|+0|stand,hard,9,A,0,stand,15872,1832,14040,0,0.11542339,0.11045226,0.12039451,0.00497113,0.005,ci_target_reached,-0.76915323,-0.77909579,-0.75921066
hard|9|A|+0|double,hard,9,A,0,double,27648,6451,19286,1911,0.2333261,0.22834057,0.23831163,0.00498553,0.005,ci_target_reached,-0.92845775,-0.9483979,-0.90851761
hard|9|A|-4|double,hard,9,A,-4,double,19200,2781,14382,2037,0.14484375,0.13986548,0.14982202,0.00497827,0.005,ci_target_reached,-1.2084375,-1.22901076,-1.18786424
hard|9|A|-3|hit,hard,9,A,-3,hit,19200,2792,14380,2028,0.14541667,0.14043024,0.1504031,0.00498643,0.005,ci_target_reached,-0.60354167,-0.6138408,-0.59324253
hard|9|A|-1|stand,hard,9,A,-1,stand,7680,404,7276,0,0.05260417,0.04761129,0.05759705,0.00499288,0.005,ci_target_reached,-0.89479167,-0.90477808,-0.88480525
hard|9|A|-3|double,hard,9,A,-3,double,19456,2885,14619,1952,0.14828331,0.1432896,0.15327701,0.00499371,0.005,ci_target_reached,-1.20620888,-1.22678327,-1.18563449
hard|9|A|+1|stand,hard,9,A,1,stand,6656,297,6359,0,0.04462139,0.03966109,0.0495817,0.00496031,0.005,ci_target_reached,-0.91075721,-0.92067858,-0.90083585
hard|9|A|-2|hit,hard,9,A,-2,hit,18944,2723,14219,2002,0.14373944,0.13874357,0.14873531,0.00499587,0.005,ci_target_reached,-0.60684122,-0.61717004,-0.59651239
hard|9|A|-2|double,hard,9,A,-2,double,19456,2884,14531,2041,0.14823191,0.14323892,0.1532249,0.00499299,0.005,ci_target_reached,-1.19726562,-1.21785535,-1.1766759
hard|9|A|-1|hit,hard,9,A,-1,hit,19200,2783,14363,2054,0.14494792,0.13996816,0.14992767,0.00497975,0.005,ci_target_reached,-0.603125,-0.61341586,-0.59283414
hard|9|A|+2|stand,hard,9,A,2,stand,7424,363,7061,0,0.04889547,0.04398995,0.053801,0.00490553,0.005,ci_target_reached,-0.90220905,-0.91202076,-0.89239734
hard|9|A|+1|double,hard,9,A,1,double,11776,974,10139,663,0.0827106,0.07773562,0.08768557,0.00497498,0.005,ci_target_reached,-1.55655571,-1.57755733,-1.53555409
hard|9|A|-1|double,hard,9,A,-1,double,19712,2958,14625,2129,0.15006088,0.14507527,0.15504649,0.00498561,0.005,ci_target_reached,-1.18374594,-1.20429555,-1.16319633
hard|9|A|+3|stand,hard,9,A,3,stand,7680,395,7285,0,0.05143229,0.04649228,0.0563723,0.00494001,0.005,ci_target_reached,-0.89713542,-0.90701607,-0.88725476
hard|9|A|+2|double,hard,9,A,2,double,11520,914,9929,677,0.07934028,0.07440483,0.08427572,0.00493544,0.005,ci_target_reached,-1.56510417,-1.58604887,-1.54415946
hard|9|A|+4|stand,hard,9,A,4,stand,6912,320,6592,0,0.0462963,0.04134255,0.05125005,0.00495375,0.005,ci_target_reached,-0.90740741,-0.91731562,-0.89749919
hard|9|A|+3|double,hard,9,A,3,double,11776,957,10147,672,0.08126698,0.07633174,0.08620223,0.00493525,0.005,ci_target_reached,-1.56080163,-1.58167631,-1.53992695
hard|9|A|+5|stand,hard,9,A,5,stand,6912,319,6593,0,0.04615162,0.04120524,0.051098,0.00494638,0.005,ci_target_reached,-0.90769676,-0.91759023,-0.89780329
hard|9|A|+4|double,hard,9,A,4,double,11264,878,9720,666,0.07794744,0.07299649,0.08289839,0.00495095,0.005,ci_target_reached,-1.56995739,-1.59100429,-1.54891049
hard|9|A|+1|hit,hard,9,A,1,hit,30976,8579,17754,4643,0.27695635,0.27197289,0.28193982,0.00498346,0.005,ci_target_reached,-0.29619706,-0.30592084,-0.28647327
hard|9|A|+5|double,hard,9,A,5,double,11520,929,9956,635,0.08064236,0.0756701,0.08561462,0.00497226,0.005,ci_target_reached,-1.5671875,-1.58819626,-1.54617874
hard|9|A|+6|stand,hard,9,A,6,stand,7680,390,7290,0,0.05078125,0.04587092,0.05569158,0.00491033,0.005,ci_target_reached,-0.8984375,-0.90825879,-0.88861621
hard|9|A|+2|hit,hard,9,A,2,hit,31232,8814,17717,4701,0.28221055,0.27721894,0.28720217,0.00499162,0.005,ci_target_reached,-0.28506019,-0.2947811,-0.27533929
hard|9|A|+6|double,hard,9,A,6,double,11008,846,9559,603,0.0768532,0.07187734,0.08182906,0.00497586,0.005,ci_target_reached,-1.58303052,-1.60412457,-1.56193648
hard|9|A|+3|hit,hard,9,A,3,hit,31232,8785,17679,4768,0.28128202,0.2762954,0.28626864,0.00498662,0.005,ci_target_reached,-0.28477203,-0.29448039,-0.27506367
hard|9|A|+7|stand,hard,9,A,7,stand,6912,325,6587,0,0.04701968,0.04202927,0.05201008,0.00499041,0.005,ci_target_reached,-0.90596065,-0.91594218,-0.89597911
hard|9|A|+7|double,hard,9,A,7,double,11520,932,9956,632,0.08090278,0.0759232,0.08588235,0.00497957,0.005,ci_target_reached,-1.56666667,-1.58769664,-1.5456367
hard|9|A|+4|hit,hard,9,A,4,hit,31232,8840,17723,4669,0.28304303,0.27804696,0.28803911,0.00499608,0.005,ci_target_reached,-0.28441983,-0.29414951,-0.27469014
hard|9|A|+8|stand,hard,9,A,8,stand,6912,323,6589,0,0.04673032,0.04175454,0.05170611,0.00497578,0.005,ci_target_reached,-0.90653935,-0.91649164,-0.89658706
hard|9|A|+5|hit,hard,9,A,5,hit,31744,9152,17840,4752,0.28830645,0.28332336,0.29328954,0.00498309,0.005,ci_target_reached,-0.27368952,-0.28337662,-0.26400241
hard|9|A|+8|double,hard,9,A,8,double,11520,924,9951,645,0.08020833,0.0752483,0.08516836,0.00496003,0.005,ci_target_reached,-1.5671875,-1.58816868,-1.54620632
hard|9|A|+9|stand,hard,9,A,9,stand,7168,342,6826,0,0.04771205,0.04277742,0.05264669,0.00493464,0.005,ci_target_reached,-0.90457589,-0.91444586,-0.89470593
hard|9|A|+6|hit,hard,9,A,6,hit,31232,8808,17721,4703,0.28201844,0.27702786,0.28700903,0.00499059,0.005,ci_target_reached,-0.28538038,-0.29509972,-0.27566104
hard|9|A|+10|stand,hard,9,A,10,stand,7168,345,6823,0,0.04813058,0.04317544,0.05308572,0.00495514,0.005,ci_target_reached,-0.90373884,-0.91364982,-0.89382786
hard|9|A|+9|double,hard,9,A,9,double,11520,915,9947,658,0.07942708,0.07448917,0.08436499,0.00493791,0.005,ci_target_reached,-1.56805556,-1.58897915,-1.54713196
hard|9|A|+7|hit,hard,9,A,7,hit,30976,8664,17661,4651,0.27970041,0.27470183,0.28469899,0.00499858,0.005,ci_target_reached,-0.29045067,-0.30019429,-0.28070706
hard|9|A|+10|double,hard,9,A,10,double,11264,894,9756,614,0.0793679,0.07437589,0.08435991,0.00499201,0.005,ci_target_reached,-1.57350852,-1.59461452,-1.55240253
hard|9|A|+8|hit,hard,9,A,8,hit,31744,9139,17781,4824,0.28789693,0.28291594,0.29287791,0.00498098,0.005,ci_target_reached,-0.27224042,-0.2819183,-0.26256255
hard|9|A|+9|hit,hard,9,A,9,hit,31488,9031,17780,4677,0.28680767,0.28181213,0.29180321,0.00499554,0.005,ci_target_reached,-0.27785188,-0.28757119,-0.26813257
hard|9|A|+10|hit,hard,9,A,10,hit,31232,8777,17634,4821,0.28102587,0.27604063,0.28601111,0.00498524,0.005,ci_target_reached,-0.28358735,-0.29328922,-0.27388547
hard|9|2|-10|hit,hard,9,2,-10,hit,38400,17807,16301,4292,0.46372396,0.4587361,0.46871182,0.00498786,0.005,ci_target_reached,0.03921875,0.02980024,0.04863726
hard|9|2|-10|stand,hard,9,2,-10,stand,36608,14204,22404,0,0.38800262,0.38301079,0.39299446,0.00499183,0.005,ci_target_reached,-0.22399476,-0.23397856,-0.21401095
hard|9|2|-10|double,hard,9,2,-10,double,38400,17971,16168,4261,0.46799479,0.46300401,0.47298558,0.00499079,0.005,ci_target_reached,0.09390625,0.07506773,0.11274477
hard|9|2|-9|hit,hard,9,2,-9,hit,38400,18011,16029,4360,0.46903646,0.46404502,0.4740279,0.00499144,0.005,ci_target_reached,0.05161458,0.04221147,0.0610177
hard|9|2|-9|stand,hard,9,2,-9,stand,36608,14106,22502,0,0.38532561,0.38034016,0.39031106,0.00498545,0.005,ci_target_reached,-0.22934878,-0.23931982,-0.21937774
hard|9|2|-9|double,hard,9,2,-9,double,38400,17805,16276,4319,0.46367188,0.45868405,0.4686597,0.00498782,0.005,ci_target_reached,0.07963542,0.06080637,0.09846447
hard|9|2|-8|hit,hard,9,2,-8,hit,38400,17889,16308,4203,0.46585938,0.46087001,0.47084874,0.00498937,0.005,ci_target_reached,0.04117187,0.03174189,0.05060186
hard|9|2|-8|stand,hard,9,2,-8,stand,36352,13936,22416,0,0.38336268,0.3783645,0.38836085,0.00499818,0.005,ci_target_reached,-0.23327465,-0.24327114,-0.22327815
hard|9|2|-8|double,hard,9,2,-8,double,38400,17987,16205,4208,0.46841146,0.46342041,0.47340251,0.00499105,0.005,ci_target_reached,0.0928125,0.07395879,0.11166621
hard|9|2|-7|stand,hard,9,2,-7,stand,36608,14167,22441,0,0.38699191,0.38200247,0.39198136,0.00498944,0.005,ci_target_reached,-0.22601617,-0.23599519,-0.21603715
hard|9|2|-7|hit,hard,9,2,-7,hit,38400,17961,16157,4282,0.46773437,0.46274376,0.47272499,0.00499062,0.005,ci_target_reached,0.04697917,0.03756282,0.05639551
hard|9|2|-6|hit,hard,9,2,-6,hit,38400,17801,16291,4308,0.46356771,0.45857996,0.46855546,0.00498775,0.005,ci_target_reached,0.03932292,0.02990666,0.04873917
hard|9|2|-7|double,hard,9,2,-7,double,38400,18093,16101,4206,0.47117188,0.46617915,0.4761646,0.00499272,0.005,ci_target_reached,0.10375,0.08490144,0.12259856
hard|9|2|-6|stand,hard,9,2,-6,stand,36608,14253,22355,0,0.38934113,0.38434616,0.39433609,0.00499497,0.005,ci_target_reached,-0.22131774,-0.23130781,-0.21132768
hard|9|2|-6|double,hard,9,2,-6,double,38400,18000,16177,4223,0.46875,0.46375874,0.47374126,0.00499126,0.005,ci_target_reached,0.09494792,0.07609941,0.11379642
hard|9|2|-5|hit,hard,9,2,-5,hit,38400,17998,16231,4171,0.46869792,0.46370668,0.47368915,0.00499123,0.005,ci_target_reached,0.04601562,0.03658346,0.05544779
hard|9|2|-5|stand,hard,9,2,-5,stand,36608,14278,22330,0,0.39002404,0.38502749,0.39502059,0.00499655,0.005,ci_target_reached,-0.21995192,-0.22994516,-0.20995869
hard|9|2|-5|double,hard,9,2,-5,double,38400,17932,16205,4263,0.46697917,0.46198904,0.47196929,0.00499012,0.005,ci_target_reached,0.08994792,0.07110802,0.10878781
hard|9|2|-4|stand,hard,9,2,-4,stand,36608,14136,22472,0,0.3861451,0.38115768,0.39113253,0.00498742,0.005,ci_target_reached,-0.22770979,-0.23768477,-0.21773481
hard|9|2|-4|hit,hard,9,2,-4,hit,38400,18122,15945,4333,0.47192708,0.46693393,0.47692024,0.00499315,0.005,ci_target_reached,0.05669271,0.04728878,0.06609664
hard|9|2|-3|stand,hard,9,2,-3,stand,36608,14302,22306,0,0.39067963,0.38568157,0.39567769,0.00499806,0.005,ci_target_reached,-0.21864073,-0.22863699,-0.20864448
hard|9|2|-4|double,hard,9,2,-4,double,38400,17887,16168,4345,0.46580729,0.46081796,0.47079663,0.00498933,0.005,ci_target_reached,0.08953125,0.07071385,0.10834865
hard|9|2|-3|hit,hard,9,2,-3,hit,38400,18054,16041,4305,0.47015625,0.46516412,0.47514838,0.00499213,0.005,ci_target_reached,0.05242187,0.04301159,0.06183216
hard|9|2|+0|hit,hard,9,2,0,hit,38416,19063,16157,3196,0.49622553,0.49122567,0.50122539,0.00499986,0.005,ci_target_reached,0.07564556,0.06610037,0.08519076
hard|9|2|+0|stand,hard,9,2,0,stand,35328,12464,22864,0,0.35280797,0.34782507,0.35779087,0.0049829,0.005,ci_target_reached,-0.29438406,-0.30435,-0.28441811
hard|9|2|+0|double,hard,9,2,0,double,38400,18384,17303,2713,0.47875,0.47375348,0.48374652,0.00499652,0.005,ci_target_reached,0.05630208,0.03702549,0.07557868
hard|9|2|-3|double,hard,9,2,-3,double,38400,17981,16180,4239,0.46825521,0.46326426,0.47324616,0.00499095,0.005,ci_target_reached,0.09380208,0.07495743,0.11264674
hard|9|2|-2|hit,hard,9,2,-2,hit,38400,17885,16235,4280,0.46575521,0.46076591,0.47074451,0.0049893,0.005,ci_target_reached,0.04296875,0.03355022,0.05238728
hard|9|2|-2|stand,hard,9,2,-2,stand,36608,14170,22438,0,0.38707386,0.38208423,0.3920635,0.00498964,0.005,ci_target_reached,-0.22585227,-0.23583169,-0.21587286
hard|9|2|-2|double,hard,9,2,-2,double,38400,18000,16201,4199,0.46875,0.46375874,0.47374126,0.00499126,0.005,ci_target_reached,0.09369792,0.07484215,0.11255368
hard|9|2|-1|stand,hard,9,2,-1,stand,36608,14285,22323,0,0.39021525,0.38521826,0.39521224,0.00499699,0.005,ci_target_reached,-0.21956949,-0.22956361,-0.20957538
hard|9|2|-1|hit,hard,9,2,-1,hit,38400,18016,16160,4224,0.46916667,0.46417514,0.47415819,0.00499152,0.005,ci_target_reached,0.04833333,0.03890966,0.05775701
hard|9|2|+1|stand,hard,9,2,1,stand,33024,10207,22817,0,0.30907825,0.30409411,0.31406238,0.00498414,0.005,ci_target_reached,-0.38184351,-0.39181193,-0.37187508
hard|9|2|+1|hit,hard,9,2,1,hit,36352,13926,19075,3351,0.38308759,0.37809009,0.38808509,0.0049975,0.005,ci_target_reached,-0.14164283,-0.15132883,-0.13195682
hard|9|2|+2|stand,hard,9,2,2,stand,28672,7049,21623,0,0.24584961,0.24086546,0.25083376,0.00498415,0.005,ci_target_reached,-0.50830078,-0.51826925,-0.49833231
hard|9|2|-1|double,hard,9,2,-1,double,38400,18098,15957,4345,0.47130208,0.46630929,0.47629488,0.0049928,0.005,ci_target_reached,0.11151042,0.09270476,0.13031607
hard|9|2|+1|double,hard,9,2,1,double,35840,13059,19960,2821,0.36436942,0.35938694,0.3693519,0.00498248,0.005,ci_target_reached,-0.38510045,-0.40457138,-0.36562952
hard|9|2|+2|hit,hard,9,2,2,hit,33536,10774,20240,2522,0.3212667,0.31626885,0.32626454,0.00499785,0.005,ci_target_reached,-0.28226384,-0.2921032,-0.27242447
hard|9|2|+2|double,hard,9,2,2,double,31232,8860,20662,1710,0.2836834,0.27868391,0.28868289,0.00499949,0.005,ci_target_reached,-0.75576332,-0.77563356,-0.73589308
hard|9|2|+3|stand,hard,9,2,3,stand,27392,6318,21074,0,0.23065129,0.22566263,0.23563994,0.00498866,0.005,ci_target_reached,-0.53869743,-0.54867493,-0.52871993
hard|9|2|+3|double,hard,9,2,3,double,29952,7860,20622,1470,0.26241987,0.25743739,0.26740236,0.00498249,0.005,ci_target_reached,-0.85216346,-0.87203126,-0.83229567
hard|9|2|+3|hit,hard,9,2,3,hit,32512,9881,20304,2327,0.30391855,0.29891887,0.30891824,0.00499969,0.005,ci_target_reached,-0.32058932,-0.33046663,-0.31071201
hard|9|2|+4|stand,hard,9,2,4,stand,27136,6216,20920,0,0.2290684,0.22406835,0.23406844,0.00500004,0.005,ci_target_reached,-0.54186321,-0.55186348,-0.53186294
hard|9|2|+4|double,hard,9,2,4,double,29696,7733,20450,1513,0.26040544,0.25541397,0.26539692,0.00499148,0.005,ci_target_reached,-0.85647899,-0.87638401,-0.83657396
hard|9|2|+5|stand,hard,9,2,5,stand,27136,6165,20971,0,0.22718897,0.22220342,0.23217453,0.00498555,0.005,ci_target_reached,-0.54562205,-0.55559334,-0.53565076
hard|9|2|+4|hit,hard,9,2,4,hit,32512,9849,20355,2308,0.3029343,0.29793919,0.30792941,0.00499511,0.005,ci_target_reached,-0.32314222,-0.3330132,-0.31327125
hard|9|2|+5|hit,hard,9,2,5,hit,32512,9867,20350,2295,0.30348794,0.29849025,0.30848563,0.00499769,0.005,ci_target_reached,-0.32243479,-0.33231089,-0.3125587
hard|9|2|+5|double,hard,9,2,5,double,29952,7881,20547,1524,0.26312099,0.25813423,0.26810776,0.00498677,0.005,ci_target_reached,-0.84575321,-0.86563285,-0.82587356
hard|9|2|+6|stand,hard,9,2,6,stand,27648,6416,21232,0,0.23206019,0.2270841,0.23703627,0.00497609,0.005,ci_target_reached,-0.53587963,-0.54583199,-0.52592727
hard|9|2|+6|hit,hard,9,2,6,hit,32512,9784,20411,2317,0.30093504,0.2959493,0.30592078,0.00498574,0.005,ci_target_reached,-0.32686393,-0.33671875,-0.3170091
hard|9|2|+6|double,hard,9,2,6,double,29696,7775,20492,1429,0.26181977,0.25681955,0.26682,0.00500022,0.005,ci_target_reached,-0.85647899,-0.87642075,-0.83653723
hard|9|2|+7|stand,hard,9,2,7,stand,27392,6315,21077,0,0.23054176,0.22555394,0.23552959,0.00498783,0.005,ci_target_reached,-0.53891647,-0.54889231,-0.52894063
hard|9|2|+7|hit,hard,9,2,7,hit,32768,10023,20475,2270,0.30587769,0.30088858,0.31086679,0.00498911,0.005,ci_target_reached,-0.31896973,-0.32882822,-0.30911123
hard|9|2|+7|double,hard,9,2,7,double,29696,7715,20548,1433,0.2597993,0.25481159,0.26478701,0.00498771,0.005,ci_target_reached,-0.86429149,-0.88418784,-0.84439513
hard|9|2|+8|stand,hard,9,2,8,stand,27136,6213,20923,0,0.22895784,0.22395865,0.23395704,0.00499919,0.005,ci_target_reached,-0.54208432,-0.55208289,-0.53208574
hard|9|2|+8|hit,hard,9,2,8,hit,32768,10031,20464,2273,0.30612183,0.3011316,0.31111205,0.00499022,0.005,ci_target_reached,-0.31838989,-0.32825004,-0.30852974
hard|9|2|+8|double,hard,9,2,8,double,29696,7724,20511,1461,0.26010237,0.25511278,0.26509196,0.00498959,0.005,ci_target_reached,-0.86119343,-0.8810949,-0.84129195
hard|9|2|+9|stand,hard,9,2,9,stand,27136,6193,20943,0,0.22822081,0.22322729,0.23321434,0.00499353,0.005,ci_target_reached,-0.54355837,-0.55354561,-0.53357114
hard|9|2|+9|double,hard,9,2,9,double,29696,7754,20460,1482,0.26111261,0.25611675,0.26610847,0.00499586,0.005,ci_target_reached,-0.85573815,-0.87566086,-0.83581544
hard|9|2|+9|hit,hard,9,2,9,hit,32768,10034,20297,2437,0.30621338,0.30122274,0.31120402,0.00499064,0.005,ci_target_reached,-0.3132019,-0.32305177,-0.30335204
hard|9|2|+10|stand,hard,9,2,10,stand,27648,6442,21206,0,0.23300058,0.22801747,0.23798369,0.00498311,0.005,ci_target_reached,-0.53399884,-0.54396524,-0.52403245
hard|9|2|+10|hit,hard,9,2,10,hit,32768,10028,20376,2364,0.30603027,0.30104047,0.31102008,0.0049898,0.005,ci_target_reached,-0.3157959,-0.32564931,-0.30594248
hard|9|2|+10|double,hard,9,2,10,double,29952,7877,20647,1428,0.26298745,0.25800149,0.2679734,0.00498595,0.005,ci_target_reached,-0.85269765,-0.8725806,-0.83281469
hard|9|3|-10|hit,hard,9,3,-10,hit,37632,21798,13794,2040,0.57924107,0.5742531,0.58422904,0.00498797,0.005,ci_target_reached,0.21269133,0.20310311,0.22227954
hard|9|3|-10|stand,hard,9,3,-10,stand,38400,20458,17942,0,0.53276042,0.52777012,0.53775071,0.0049903,0.005,ci_target_reached,0.06552083,0.05554011,0.07550155
hard|9|3|-10|double,hard,9,3,-10,double,37632,21856,13791,1985,0.58078231,0.57579687,0.58576776,0.00498544,0.005,ci_target_reached,0.42862457,0.40943995,0.4478092
hard|9|3|-9|hit,hard,9,3,-9,hit,37632,21810,13730,2092,0.57955995,0.5745725,0.5845474,0.00498745,0.005,ci_target_reached,0.21471088,0.20513463,0.22428714
hard|9|3|-9|double,hard,9,3,-9,double,37632,21817,13757,2058,0.57974596,0.57475881,0.58473311,0.00498715,0.005,ci_target_reached,0.42835884,0.40919427,0.44752342
hard|9|3|-9|stand,hard,9,3,-9,stand,38400,20583,17817,0,0.53601562,0.53102757,0.54100368,0.00498805,0.005,ci_target_reached,0.07203125,0.06205502,0.08200748
hard|9|3|-8|hit,hard,9,3,-8,hit,37632,21811,13775,2046,0.57958652,0.57459911,0.58457393,0.00498741,0.005,ci_target_reached,0.21354167,0.20395623,0.22312711
hard|9|3|-8|stand,hard,9,3,-8,stand,38400,20461,17939,0,0.53283854,0.5278483,0.53782879,0.00499024,0.005,ci_target_reached,0.06567708,0.05569647,0.0756577
hard|9|3|-8|double,hard,9,3,-8,double,37632,21797,13875,1960,0.5792145,0.57422649,0.58420251,0.00498801,0.005,ci_target_reached,0.42102466,0.4018158,0.44023352
hard|9|3|-7|hit,hard,9,3,-7,hit,37376,21786,13582,2008,0.58288741,0.57788847,0.58788636,0.00499895,0.005,ci_target_reached,0.21949914,0.20989128,0.22910701
hard|9|3|-7|stand,hard,9,3,-7,stand,38400,20524,17876,0,0.53447917,0.52949003,0.5394683,0.00498914,0.005,ci_target_reached,0.06895833,0.05897993,0.07893674
hard|9|3|-7|double,hard,9,3,-7,double,37632,21779,13829,2024,0.57873618,0.5737474,0.58372497,0.00498879,0.005,ci_target_reached,0.42251276,0.40332532,0.44170019
hard|9|3|-6|hit,hard,9,3,-6,hit,37632,21715,13807,2110,0.5770355,0.57204401,0.582027,0.0049915,0.005,ci_target_reached,0.21014031,0.20055625,0.21972436
hard|9|3|-6|double,hard,9,3,-6,double,37632,21822,13823,1987,0.57987883,0.5748919,0.58486576,0.00498693,0.005,ci_target_reached,0.42511692,0.4059249,0.44430895
hard|9|3|-6|stand,hard,9,3,-6,stand,38400,20398,18002,0,0.53119792,0.52620662,0.53618921,0.0049913,0.005,ci_target_reached,0.06239583,0.05241311,0.07237856
hard|9|3|-5|hit,hard,9,3,-5,hit,37632,21861,13751,2020,0.58091518,0.57592995,0.5859004,0.00498522,0.005,ci_target_reached,0.21550808,0.20592345,0.2250927
hard|9|3|-5|double,hard,9,3,-5,double,37632,21655,13849,2128,0.57544111,0.57044713,0.58043509,0.00499398,0.005,ci_target_reached,0.41485969,0.39568462,0.43403477
hard|9|3|-5|stand,hard,9,3,-5,stand,38400,20457,17943,0,0.53273437,0.52774406,0.53772469,0.00499031,0.005,ci_target_reached,0.06546875,0.055488,0.0754495
hard|9|3|-4|hit,hard,9,3,-4,hit,37632,21693,13901,2038,0.57645089,0.57145848,0.58144331,0.00499241,0.005,ci_target_reached,0.20705782,0.19745674,0.2166589
hard|9|3|-4|stand,hard,9,3,-4,stand,38400,20556,17844,0,0.5353125,0.53032395,0.54030105,0.00498855,0.005,ci_target_reached,0.070625,0.06064776,0.08060224
hard|9|3|-4|double,hard,9,3,-4,double,37632,21810,13773,2049,0.57955995,0.5745725,0.5845474,0.00498745,0.005,ci_target_reached,0.42713648,0.40796657,0.44630639
hard|9|3|-3|hit,hard,9,3,-3,hit,37632,21765,13795,2072,0.57836416,0.57337477,0.58335354,0.00498938,0.005,ci_target_reached,0.21178784,0.20220211,0.22137357
hard|9|3|+0|hit,hard,9,3,0,hit,38400,19910,15498,2992,0.51848958,0.51349196,0.5234872,0.00499762,0.005,ci_target_reached,0.11489583,0.10536019,0.12443148
hard|9|3|+0|stand,hard,9,3,0,stand,36096,13535,22561,0,0.3749723,0.36997798,0.37996661,0.00499431,0.005,ci_target_reached,-0.25005541,-0.26004417,-0.24006664
hard|9|3|+0|double,hard,9,3,0,double,38416,19111,16688,2617,0.49747501,0.49247507,0.50247495,0.00499994,0.005,ci_target_reached,0.12614536,0.1068796,0.14541111
hard|9|3|-3|double,hard,9,3,-3,double,37632,21840,13720,2072,0.58035714,0.575371,0.58534329,0.00498615,0.005,ci_target_reached,0.43154762,0.41239431,0.45070092
hard|9|3|-3|stand,hard,9,3,-3,stand,38400,20520,17880,0,0.534375,0.52938579,0.53936421,0.00498921,0.005,ci_target_reached,0.06875,0.05877145,0.07872855
hard|9|3|-2|hit,hard,9,3,-2,hit,37632,21823,13729,2080,0.5799054,0.57491851,0.58489229,0.00498689,0.005,ci_target_reached,0.21508291,0.2055058,0.22466001
hard|9|3|-2|double,hard,9,3,-2,double,37376,21767,13557,2052,0.58237907,0.57737925,0.58737888,0.00499981,0.005,ci_target_reached,0.43931935,0.42011698,0.45852172
hard|9|3|-2|stand,hard,9,3,-2,stand,38400,20468,17932,0,0.53302083,0.52803071,0.53801096,0.00499012,0.005,ci_target_reached,0.06604167,0.05606129,0.07602204
hard|9|3|-1|hit,hard,9,3,-1,hit,37632,21794,13826,2012,0.57913478,0.57414664,0.58412292,0.00498814,0.005,ci_target_reached,0.21173469,0.20214036,0.22132903
hard|9|3|-1|stand,hard,9,3,-1,stand,38400,20605,17795,0,0.53658854,0.53160091,0.54157618,0.00498763,0.005,ci_target_reached,0.07317708,0.06320169,0.08315248
hard|9|3|-1|double,hard,9,3,-1,double,37632,21745,13843,2044,0.5778327,0.57284246,0.58282293,0.00499023,0.005,ci_target_reached,0.41996173,0.40077424,0.43914923
hard|9|3|+2|stand,hard,9,3,2,stand,29696,7669,22027,0,0.25825027,0.25327225,0.26322828,0.00497801,0.005,ci_target_reached,-0.48349946,-0.49345566,-0.47354326
hard|9|3|+2|hit,hard,9,3,2,hit,34048,11169,20476,2403,0.32803689,0.32304983,0.33302395,0.00498706,0.005,ci_target_reached,-0.27334939,-0.28316968,-0.2635291
hard|9|3|+1|hit,hard,9,3,1,hit,37888,16644,18905,2339,0.43929476,0.43429729,0.44429224,0.00499747,0.005,ci_target_reached,-0.05967589,-0.06941116,-0.04994062
hard|9|3|+2|double,hard,9,3,2,double,32000,9380,21042,1578,0.293125,0.28813755,0.29811245,0.00498745,0.005,ci_target_reached,-0.728875,-0.74869304,-0.70905696
hard|9|3|+1|stand,hard,9,3,1,stand,36352,13758,22594,0,0.37846611,0.37348028,0.38345194,0.00498583,0.005,ci_target_reached,-0.24306778,-0.25303959,-0.23309598
hard|9|3|+1|double,hard,9,3,1,double,37376,15570,19944,1862,0.41657748,0.41157945,0.42157552,0.00499803,0.005,ci_target_reached,-0.23405394,-0.25367607,-0.2144318
hard|9|3|+3|stand,hard,9,3,3,stand,27136,6200,20936,0,0.22847877,0.22348326,0.23347429,0.00499551,0.005,ci_target_reached,-0.54304245,-0.55303366,-0.53305124
hard|9|3|+3|hit,hard,9,3,3,hit,32512,9871,20319,2322,0.30361097,0.29861271,0.30860924,0.00499826,0.005,ci_target_reached,-0.32135827,-0.33123354,-0.31148299
hard|9|3|+3|double,hard,9,3,3,double,29440,7553,20461,1426,0.25655571,0.25156684,0.26154458,0.00498887,0.005,ci_target_reached,-0.87690217,-0.89681064,-0.85699371
hard|9|3|+4|stand,hard,9,3,4,stand,26880,6056,20824,0,0.22529762,0.22030317,0.23029206,0.00499444,0.005,ci_target_reached,-0.54940476,-0.55939384,-0.53941569
hard|9|3|+5|stand,hard,9,3,5,stand,27136,6150,20986,0,0.2266362,0.22165494,0.23161747,0.00498127,0.005,ci_target_reached,-0.54672759,-0.55669031,-0.53676488
hard|9|3|+4|double,hard,9,3,4,double,29184,7374,20425,1385,0.2526727,0.24768709,0.25765831,0.00498561,0.005,ci_target_reached,-0.89439419,-0.9143005,-0.87448787
hard|9|3|+4|hit,hard,9,3,4,hit,32512,9749,20481,2282,0.29985851,0.29487787,0.30483916,0.00498064,0.005,ci_target_reached,-0.3300935,-0.33994206,-0.32024495
hard|9|3|+5|double,hard,9,3,5,double,29440,7569,20459,1412,0.25709918,0.25210686,0.26209151,0.00499233,0.005,ci_target_reached,-0.87567935,-0.89560107,-0.85575763
hard|9|3|+5|hit,hard,9,3,5,hit,32256,9544,20428,2284,0.29588294,0.29090175,0.30086413,0.00498119,0.005,ci_target_reached,-0.3374256,-0.34727989,-0.3275713
hard|9|3|+6|stand,hard,9,3,6,stand,27136,6144,20992,0,0.22641509,0.22143555,0.23139464,0.00497955,0.005,ci_target_reached,-0.54716981,-0.55712909,-0.53721053
hard|9|3|+6|hit,hard,9,3,6,hit,32000,9450,20372,2178,0.2953125,0.29031422,0.30031078,0.00499828,0.005,ci_target_reached,-0.3413125,-0.35120679,-0.33141821
hard|9|3|+6|double,hard,9,3,6,double,29440,7520,20511,1409,0.25543478,0.25045307,0.26041649,0.00498171,0.005,ci_target_reached,-0.88254076,-0.90242427,-0.86265725
hard|9|3|+7|stand,hard,9,3,7,stand,26624,5883,20741,0,0.22096605,0.21598225,0.22594984,0.0049838,0.005,ci_target_reached,-0.55806791,-0.56803569,-0.54810013
hard|9|3|+7|double,hard,9,3,7,double,29184,7365,20420,1399,0.25236431,0.24738072,0.2573479,0.00498359,0.005,ci_target_reached,-0.89466831,-0.91456666,-0.87476996
hard|9|3|+8|stand,hard,9,3,8,stand,27136,6139,20997,0,0.22623084,0.22125272,0.23120895,0.00497811,0.005,ci_target_reached,-0.54753833,-0.55749474,-0.53758192
hard|9|3|+7|hit,hard,9,3,7,hit,32256,9649,20319,2288,0.29913814,0.29414122,0.30413507,0.00499693,0.005,ci_target_reached,-0.33079117,-0.34067148,-0.32091087
hard|9|3|+8|double,hard,9,3,8,double,29440,7519,20497,1424,0.25540082,0.25041932,0.26038231,0.00498149,0.005,ci_target_reached,-0.88165761,-0.90153954,-0.86177567
hard|9|3|+8|hit,hard,9,3,8,hit,32256,9658,20324,2274,0.29941716,0.2944189,0.30441542,0.00499826,0.005,ci_target_reached,-0.33066716,-0.34055058,-0.32078375
hard|9|3|+9|stand,hard,9,3,9,stand,26880,6024,20856,0,0.22410714,0.21912209,0.2290922,0.00498506,0.005,ci_target_reached,-0.55178571,-0.56175601,-0.54181541
hard|9|3|+9|hit,hard,9,3,9,hit,32000,9404,20343,2253,0.293875,0.28888382,0.29886618,0.00499118,0.005,ci_target_reached,-0.34184375,-0.35172161,-0.33196589
hard|9|3|+9|double,hard,9,3,9,double,29696,7708,20594,1394,0.25956358,0.25457734,0.26454981,0.00498624,0.005,ci_target_reached,-0.86786099,-0.88775432,-0.84796766
hard|9|3|+10|stand,hard,9,3,10,stand,26880,6044,20836,0,0.22485119,0.21986026,0.22984212,0.00499093,0.005,ci_target_reached,-0.55029762,-0.56027967,-0.54031557
hard|9|3|+10|hit,hard,9,3,10,hit,32000,9352,20342,2306,0.29225,0.28726692,0.29723308,0.00498308,0.005,ci_target_reached,-0.3434375,-0.35329864,-0.33357636
hard|9|3|+10|double,hard,9,3,10,double,29440,7509,20482,1449,0.25506114,0.25008183,0.26004046,0.00497932,0.005,ci_target_reached,-0.88131793,-0.90119069,-0.86144518
hard|9|4|-10|hit,hard,9,4,-10,hit,30208,22129,7144,935,0.73255429,0.72756277,0.73754581,0.00499152,0.005,ci_target_reached,0.49606065,0.48647188,0.50564942
hard|9|4|-10|double,hard,9,4,-10,double,30464,22229,7304,931,0.72968093,0.72469361,0.73466826,0.00498732,0.005,ci_target_reached,0.97984506,0.96066336,0.99902677
hard|9|4|-10|stand,hard,9,4,-10,stand,32256,22669,9587,0,0.70278398,0.69779631,0.70777165,0.00498767,0.005,ci_target_reached,0.40556796,0.39559246,0.41554345
hard|9|4|-9|hit,hard,9,4,-9,hit,30464,22195,7308,961,0.72856486,0.72357108,0.73355865,0.00499378,0.005,ci_target_reached,0.48867516,0.47908276,0.49826756
hard|9|4|-9|stand,hard,9,4,-9,stand,32256,22639,9617,0,0.70185392,0.69686176,0.70684608,0.00499216,0.005,ci_target_reached,0.40370784,0.39372336,0.41369232
hard|9|4|-9|double,hard,9,4,-9,double,30464,22234,7306,924,0.72984506,0.72485869,0.73483143,0.00498637,0.005,ci_target_reached,0.98004202,0.96085856,0.99922547
hard|9|4|-8|hit,hard,9,4,-8,hit,30464,22185,7397,882,0.72823661,0.72324093,0.73323228,0.00499568,0.005,ci_target_reached,0.48542542,0.47579524,0.4950556
hard|9|4|-8|double,hard,9,4,-8,double,30720,22289,7470,961,0.72555339,0.72056329,0.73054348,0.0049901,0.005,ci_target_reached,0.96477865,0.94559078,0.98396651
hard|9|4|-8|stand,hard,9,4,-8,stand,32512,22743,9769,0,0.69952633,0.69454277,0.70450989,0.00498356,0.005,ci_target_reached,0.39905266,0.38908539,0.40901993
hard|9|4|-7|hit,hard,9,4,-7,hit,30464,22274,7287,903,0.73115809,0.72617938,0.7361368,0.00497871,0.005,ci_target_reached,0.49195772,0.48237397,0.50154147
hard|9|4|-7|double,hard,9,4,-7,double,30464,22173,7355,936,0.7278427,0.72284476,0.73284064,0.00499794,0.005,ci_target_reached,0.97282038,0.95359579,0.99204496
hard|9|4|-7|stand,hard,9,4,-7,stand,32256,22697,9559,0,0.70365203,0.69866858,0.70863549,0.00498346,0.005,ci_target_reached,0.40730407,0.397337,0.41727114
hard|9|4|-6|hit,hard,9,4,-6,hit,30464,22252,7272,940,0.73043592,0.725453,0.73541885,0.00498293,0.005,ci_target_reached,0.49172794,0.48215069,0.50130519
hard|9|4|-6|stand,hard,9,4,-6,stand,32256,22602,9654,0,0.70070685,0.69570918,0.70570451,0.00499767,0.005,ci_target_reached,0.40141369,0.3914182,0.41140918
hard|9|4|-6|double,hard,9,4,-6,double,30464,22195,7357,912,0.72856486,0.72357108,0.73355865,0.00499378,0.005,ci_target_reached,0.9741334,0.95490687,0.99335994
hard|9|4|-5|hit,hard,9,4,-5,hit,30208,22133,7136,939,0.73268671,0.72769597,0.73767744,0.00499074,0.005,ci_target_reached,0.49645789,0.48687261,0.50604317
hard|9|4|-5|double,hard,9,4,-5,double,30464,22212,7342,910,0.7291229,0.72413234,0.73411346,0.00499056,0.005,ci_target_reached,0.97623424,0.95702029,0.9954482
hard|9|4|-5|stand,hard,9,4,-5,stand,32256,22600,9656,0,0.70064484,0.69564688,0.70564281,0.00499796,0.005,ci_target_reached,0.40128968,0.3912936,0.41128577
hard|9|4|-4|hit,hard,9,4,-4,hit,30464,22187,7259,1018,0.72830226,0.72330696,0.73329756,0.0049953,0.005,ci_target_reached,0.49002101,0.48044959,0.49959243
hard|9|4|-4|double,hard,9,4,-4,double,30208,22156,7139,913,0.73344809,0.72846188,0.7384343,0.00498621,0.005,ci_target_reached,0.99423994,0.97506669,1.01341318
hard|9|4|-4|stand,hard,9,4,-4,stand,32000,22594,9406,0,0.7060625,0.70107101,0.71105399,0.00499149,0.005,ci_target_reached,0.412125,0.40214187,0.42210813
hard|9|4|-3|hit,hard,9,4,-3,hit,30720,22304,7409,1007,0.72604167,0.72105433,0.731029,0.00498733,0.005,ci_target_reached,0.48486328,0.47529474,0.49443183
hard|9|4|+0|hit,hard,9,4,0,hit,38400,20375,15168,2857,0.53059896,0.52560729,0.53559063,0.00499167,0.005,ci_target_reached,0.13559896,0.12607208,0.14512583
hard|9|4|+0|stand,hard,9,4,0,stand,36864,14532,22332,0,0.39420573,0.38921713,0.39919433,0.0049886,0.005,ci_target_reached,-0.21158854,-0.22156588,-0.2016112
hard|9|4|+0|double,hard,9,4,0,double,38400,19596,16177,2627,0.5103125,0.50531252,0.51531248,0.00499998,0.005,ci_target_reached,0.17807292,0.1588472,0.19729863
hard|9|4|-3|stand,hard,9,4,-3,stand,32000,22561,9439,0,0.70503125,0.70003467,0.71002783,0.00499658,0.005,ci_target_reached,0.4100625,0.40006917,0.42005583
hard|9|4|-3|double,hard,9,4,-3,double,30464,22174,7375,915,0.72787553,0.72287777,0.73287328,0.00499776,0.005,ci_target_reached,0.971573,0.95233143,0.99081458
hard|9|4|-2|hit,hard,9,4,-2,hit,30208,22103,7178,927,0.73169359,0.72669698,0.7366902,0.00499661,0.005,ci_target_reached,0.49407442,0.48447086,0.50367797
hard|9|4|-2|double,hard,9,4,-2,double,30208,22161,7103,944,0.73361361,0.72862839,0.73859884,0.00498523,0.005,ci_target_reached,0.99695445,0.97781277,1.01609613
hard|9|4|-2|stand,hard,9,4,-2,stand,32256,22660,9596,0,0.70250496,0.69751594,0.70749398,0.00498902,0.005,ci_target_reached,0.40500992,0.39503172,0.41498812
hard|9|4|-1|hit,hard,9,4,-1,hit,30976,22410,7581,985,0.72346333,0.71848219,0.72844446,0.00498113,0.005,ci_target_reached,0.47872546,0.46915177,0.48829916
hard|9|4|-1|double,hard,9,4,-1,double,30464,22175,7347,942,0.72790835,0.72291078,0.73290592,0.00499757,0.005,ci_target_reached,0.97347689,0.95425908,0.9926947
hard|9|4|-1|stand,hard,9,4,-1,stand,32512,22750,9762,0,0.69974163,0.6947591,0.70472417,0.00498254,0.005,ci_target_reached,0.39948327,0.38951804,0.4094485
hard|9|4|+1|hit,hard,9,4,1,hit,38416,19453,17287,1676,0.50637755,0.50137796,0.51137714,0.00499959,0.005,ci_target_reached,0.05638276,0.04661947,0.06614605
hard|9|4|+1|stand,hard,9,4,1,stand,38400,17898,20502,0,0.46609375,0.46110422,0.47108328,0.00498953,0.005,ci_target_reached,-0.0678125,-0.07779169,-0.05783331
hard|9|4|+1|double,hard,9,4,1,double,38416,19001,17894,1521,0.49461162,0.48961191,0.49961133,0.00499971,0.005,ci_target_reached,0.05763224,0.03804038,0.07722409
hard|9|4|+2|hit,hard,9,4,2,hit,34048,11171,20989,1888,0.32809563,0.32310834,0.33308292,0.00498729,0.005,ci_target_reached,-0.28835761,-0.29821629,-0.27849893
hard|9|4|+2|stand,hard,9,4,2,stand,31232,8816,22416,0,0.28227459,0.27728263,0.28726655,0.00499196,0.005,ci_target_reached,-0.43545082,-0.4454349,-0.42546674
hard|9|4|+3|hit,hard,9,4,3,hit,31232,8809,20642,1781,0.28205046,0.2770597,0.28704122,0.00499076,0.005,ci_target_reached,-0.37887423,-0.38879061,-0.36895785
hard|9|4|+3|stand,hard,9,4,3,stand,27904,6647,21257,0,0.23820958,0.2332113,0.24320785,0.00499828,0.005,ci_target_reached,-0.52358085,-0.53357758,-0.51358412
hard|9|4|+2|double,hard,9,4,2,double,33280,10413,21344,1523,0.31289062,0.30790897,0.31787228,0.00498165,0.005,ci_target_reached,-0.65691106,-0.6766797,-0.63714241
hard|9|4|+3|double,hard,9,4,3,double,30208,8037,20734,1437,0.26605535,0.2610721,0.2710386,0.00498325,0.005,ci_target_reached,-0.84063824,-0.8605036,-0.82077288
hard|9|4|+4|stand,hard,9,4,4,stand,26624,5922,20702,0,0.22243089,0.2174353,0.22742648,0.00499559,0.005,ci_target_reached,-0.55513822,-0.56512958,-0.54514686
hard|9|4|+4|hit,hard,9,4,4,hit,30464,8219,20470,1775,0.26979386,0.26480959,0.27477812,0.00498427,0.005,ci_target_reached,-0.4021468,-0.41206471,-0.39222888
hard|9|4|+4|double,hard,9,4,4,double,29184,7436,20327,1421,0.25479715,0.24979775,0.25979655,0.0049994,0.005,ci_target_reached,-0.88342928,-0.90338367,-0.86347488
hard|9|4|+5|stand,hard,9,4,5,stand,27392,6301,21091,0,0.23003067,0.22504671,0.23501462,0.00498395,0.005,ci_target_reached,-0.53993867,-0.54990675,-0.52997058
hard|9|4|+5|hit,hard,9,4,5,hit,30720,8434,20479,1807,0.27454427,0.26955362,0.27953492,0.00499065,0.005,ci_target_reached,-0.39208984,-0.40201329,-0.3821664
hard|9|4|+6|stand,hard,9,4,6,stand,26880,6021,20859,0,0.22399554,0.21901136,0.22897971,0.00498417,0.005,ci_target_reached,-0.55200893,-0.56197746,-0.54204039
hard|9|4|+5|double,hard,9,4,5,double,29696,7712,20561,1423,0.25969828,0.2547112,0.26468535,0.00498708,0.005,ci_target_reached,-0.86536907,-0.88526375,-0.8454744
hard|9|4|+6|hit,hard,9,4,6,hit,30464,8218,20479,1767,0.26976103,0.26477695,0.27474511,0.00498408,0.005,ci_target_reached,-0.40247505,-0.41239296,-0.39255714
hard|9|4|+6|double,hard,9,4,6,double,29184,7439,20338,1407,0.25489995,0.24989988,0.25990001,0.00500007,0.005,ci_target_reached,-0.88397752,-0.90393505,-0.86401999
hard|9|4|+7|stand,hard,9,4,7,stand,26880,6075,20805,0,0.22600446,0.22100447,0.23100445,0.00499999,0.005,ci_target_reached,-0.54799107,-0.55799124,-0.5379909
hard|9|4|+7|hit,hard,9,4,7,hit,30720,8434,20521,1765,0.27454427,0.26955362,0.27953492,0.00499065,0.005,ci_target_reached,-0.39345703,-0.40338232,-0.38353174
hard|9|4|+7|double,hard,9,4,7,double,29440,7554,20452,1434,0.25658967,0.25160059,0.26157876,0.00498909,0.005,ci_target_reached,-0.87622283,-0.89613164,-0.85631402
hard|9|4|+8|stand,hard,9,4,8,stand,26880,6052,20828,0,0.22514881,0.22015554,0.23014208,0.00499327,0.005,ci_target_reached,-0.54970238,-0.55968912,-0.53971565
hard|9|4|+8|hit,hard,9,4,8,hit,30976,8572,20618,1786,0.27673037,0.27174816,0.28171258,0.00498221,0.005,ci_target_reached,-0.38888171,-0.39878706,-0.37897637
hard|9|4|+8|double,hard,9,4,8,double,29440,7566,20472,1402,0.25699728,0.2520056,0.26198896,0.00499168,0.005,ci_target_reached,-0.8767663,-0.89668624,-0.85684637
hard|9|4|+9|stand,hard,9,4,9,stand,27392,6318,21074,0,0.23065129,0.22566263,0.23563994,0.00498866,0.005,ci_target_reached,-0.53869743,-0.54867493,-0.52871993
hard|9|4|+9|hit,hard,9,4,9,hit,30720,8470,20476,1774,0.27571615,0.2707189,0.28071339,0.00499725,0.005,ci_target_reached,-0.39082031,-0.40075678,-0.38088385
hard|9|4|+9|double,hard,9,4,9,double,29440,7573,20494,1373,0.25723505,0.25224187,0.26222824,0.00499319,0.005,ci_target_reached,-0.87778533,-0.89771231,-0.85785834
hard|9|5|-10|hit,hard,9,5,-10,hit,17664,15337,1930,397,0.86826313,0.86327554,0.87325073,0.00498759,0.005,ci_target_reached,0.75900136,0.74965731,0.76834541
hard|9|4|+10|stand,hard,9,4,10,stand,27136,6206,20930,0,0.22869988,0.22370267,0.23369709,0.00499721,0.005,ci_target_reached,-0.54260024,-0.55259485,-0.53260563
hard|9|5|-10|double,hard,9,5,-10,double,17408,15141,1882,385,0.86977252,0.86477291,0.87477212,0.00499961,0.005,ci_target_reached,1.52332261,1.50458422,1.542061
hard|9|4|+10|hit,hard,9,4,10,hit,30976,8596,20613,1767,0.27750517,0.27251866,0.28249167,0.00498651,0.005,ci_target_reached,-0.38794551,-0.39785925,-0.37803177
hard|9|5|-9|hit,hard,9,5,-9,hit,17408,15148,1898,362,0.87017463,0.8651816,0.87516767,0.00499304,0.005,ci_target_reached,0.7611443,0.7517503,0.7705383
hard|9|5|-10|stand,hard,9,5,-10,stand,21248,17751,3497,0,0.8354198,0.83043397,0.84040564,0.00498584,0.005,ci_target_reached,0.67083961,0.6608677,0.68081152
hard|9|4|+10|double,hard,9,4,10,double,29184,7372,20344,1468,0.25260417,0.247619,0.25758933,0.00498516,0.005,ci_target_reached,-0.88898026,-0.90888089,-0.86907964
hard|9|5|-9|double,hard,9,5,-9,double,18176,15724,2066,386,0.86509683,0.86013033,0.87006333,0.0049665,0.005,ci_target_reached,1.50286092,1.48414937,1.52157246
hard|9|5|-9|stand,hard,9,5,-9,stand,21248,17755,3493,0,0.83560806,0.83062451,0.8405916,0.00498355,0.005,ci_target_reached,0.67121611,0.66124878,0.68118344
hard|9|5|-8|hit,hard,9,5,-8,hit,17152,14963,1858,331,0.8723764,0.86738277,0.87737003,0.00499363,0.005,ci_target_reached,0.76405084,0.7546218,0.77347988
hard|9|5|-8|double,hard,9,5,-8,double,17664,15332,1988,344,0.86798007,0.86298794,0.87297221,0.00499213,0.005,ci_target_reached,1.51086957,1.49198692,1.52975222
hard|9|5|-7|hit,hard,9,5,-7,hit,17664,15333,1951,380,0.86803668,0.86304546,0.87302791,0.00499123,0.005,ci_target_reached,0.75758605,0.74820589,0.76696621
hard|9|5|-7|double,hard,9,5,-7,double,17152,14960,1842,350,0.87220149,0.86720495,0.87719804,0.00499655,0.005,ci_target_reached,1.52961754,1.51081338,1.54842169
hard|9|5|-8|stand,hard,9,5,-8,stand,20992,17610,3382,0,0.83889101,0.83391774,0.84386427,0.00497327,0.005,ci_target_reached,0.67778201,0.66783524,0.68772878
hard|9|5|-6|hit,hard,9,5,-6,hit,17664,15325,1982,357,0.86758379,0.86258531,0.87258226,0.00499848,0.005,ci_target_reached,0.75537817,0.74594434,0.764812
hard|9|5|-7|stand,hard,9,5,-7,stand,21504,17916,3588,0,0.83314732,0.82816394,0.8381307,0.00498338,0.005,ci_target_reached,0.66629464,0.65632765,0.67626163
hard|9|5|-6|double,hard,9,5,-6,double,17152,14980,1852,320,0.87336754,0.86839051,0.87834456,0.00497702,0.005,ci_target_reached,1.53078358,1.51195902,1.54960814
hard|9|5|-6|stand,hard,9,5,-6,stand,21504,17903,3601,0,0.83254278,0.8275522,0.83753337,0.00499059,0.005,ci_target_reached,0.66508557,0.65510416,0.67506697
hard|9|5|-5|hit,hard,9,5,-5,hit,17152,14959,1846,347,0.87214319,0.86714567,0.87714071,0.00499752,0.005,ci_target_reached,0.76451726,0.75510779,0.77392673
hard|9|5|-5|double,hard,9,5,-5,double,17920,15505,2041,374,0.86523438,0.86023468,0.87023407,0.0049997,0.005,ci_target_reached,1.50267857,1.48382239,1.52153475
hard|9|5|-4|hit,hard,9,5,-4,hit,17408,15165,1880,363,0.87115119,0.86617418,0.87612821,0.00497701,0.005,ci_target_reached,0.76315487,0.75379762,0.77251212
hard|9|5|-5|stand,hard,9,5,-5,stand,21504,17931,3573,0,0.83384487,0.82886983,0.8388199,0.00497503,0.005,ci_target_reached,0.66768973,0.65773943,0.67764003
hard|9|5|-4|double,hard,9,5,-4,double,17664,15357,1966,341,0.86939538,0.86442603,0.87436473,0.00496935,0.005,ci_target_reached,1.51619112,1.49739754,1.5349847
hard|9|5|-3|hit,hard,9,5,-3,hit,17664,15347,1975,342,0.86882926,0.86385077,0.87380774,0.00497849,0.005,ci_target_reached,0.75701993,0.74760495,0.76643491
hard|9|5|-4|stand,hard,9,5,-4,stand,20992,17582,3410,0,0.83755716,0.83256732,0.84254701,0.00498984,0.005,ci_target_reached,0.67511433,0.66513441,0.68509425
hard|9|5|+0|hit,hard,9,5,0,hit,38144,20980,14495,2669,0.55002097,0.54502835,0.5550136,0.00499262,0.005,ci_target_reached,0.17001363,0.16048697,0.1795403
hard|9|5|+0|stand,hard,9,5,0,stand,37632,15869,21763,0,0.42168899,0.41669952,0.42667846,0.00498947,0.005,ci_target_reached,-0.15662202,-0.16660109,-0.14664295
hard|9|5|+0|double,hard,9,5,0,double,38400,20466,15433,2501,0.53296875,0.52797859,0.53795891,0.00499016,0.005,ci_target_reached,0.26213542,0.24297194,0.2812989
hard|9|5|-3|double,hard,9,5,-3,double,17664,15358,1931,375,0.86945199,0.86448356,0.87442043,0.00496843,0.005,ci_target_reached,1.52026721,1.50159016,1.53894426
hard|9|5|-3|stand,hard,9,5,-3,stand,20992,17591,3401,0,0.8379859,0.83300137,0.84297043,0.00498453,0.005,ci_target_reached,0.6759718,0.66600251,0.68594109
hard|9|5|-2|hit,hard,9,5,-2,hit,17152,14965,1815,372,0.872493,0.86750132,0.87748468,0.00499168,0.005,ci_target_reached,0.76667444,0.7573218,0.77602708
hard|9|5|-2|double,hard,9,5,-2,double,17408,15168,1826,414,0.87132353,0.86634936,0.8762977,0.00497417,0.005,ci_target_reached,1.53285846,1.51433212,1.55138479
hard|9|5|-1|hit,hard,9,5,-1,hit,17664,15347,1945,372,0.86882926,0.86385077,0.87380774,0.00497849,0.005,ci_target_reached,0.7587183,0.7493528,0.76808379
hard|9|5|-2|stand,hard,9,5,-2,stand,21504,17932,3572,0,0.83389137,0.82891689,0.83886584,0.00497448,0.005,ci_target_reached,0.66778274,0.65783356,0.67773192
hard|9|5|-1|double,hard,9,5,-1,double,18176,15711,2067,398,0.8643816,0.85940401,0.86935919,0.00497759,0.005,ci_target_reached,1.50132042,1.48259766,1.52004318
hard|9|5|-1|stand,hard,9,5,-1,stand,20992,17583,3409,0,0.8376048,0.83261555,0.84259405,0.00498925,0.005,ci_target_reached,0.6752096,0.66523086,0.68518834
hard|9|5|+1|hit,hard,9,5,1,hit,37632,21814,14365,1453,0.57966624,0.57467896,0.58465352,0.00498728,0.005,ci_target_reached,0.19794324,0.18824043,0.20764605
hard|9|5|+2|hit,hard,9,5,2,hit,35328,12540,20951,1837,0.35495924,0.34996948,0.359949,0.00498976,0.005,ci_target_reached,-0.23808311,-0.24792818,-0.22823803
hard|9|5|+1|stand,hard,9,5,1,stand,38400,20745,17655,0,0.54023438,0.53524955,0.5452192,0.00498482,0.005,ci_target_reached,0.08046875,0.07049897,0.09043853
hard|9|5|+1|double,hard,9,5,1,double,37632,21501,14897,1234,0.57134885,0.56634874,0.57634897,0.00500012,0.005,ci_target_reached,0.35097789,0.33142339,0.37053239
hard|9|5|+3|stand,hard,9,5,3,stand,28928,7216,21712,0,0.2494469,0.24446062,0.25443318,0.00498628,0.005,ci_target_reached,-0.50110619,-0.51107893,-0.49113346
hard|9|5|+2|stand,hard,9,5,2,stand,33280,10418,22862,0,0.31304087,0.30805856,0.31802317,0.00498231,0.005,ci_target_reached,-0.37391827,-0.38388303,-0.36395351
hard|9|5|+3|hit,hard,9,5,3,hit,31744,9254,20736,1754,0.29151966,0.2865202,0.29651912,0.00499946,0.005,ci_target_reached,-0.36170615,-0.37163094,-0.35178136
hard|9|5|+2|double,hard,9,5,2,double,34304,11454,21333,1517,0.33389692,0.32890623,0.33888761,0.00499069,0.005,ci_target_reached,-0.57596782,-0.59574152,-0.55619411
hard|9|5|+3|double,hard,9,5,3,double,30976,8557,20987,1432,0.27624613,0.27126661,0.28122564,0.00497951,0.005,ci_target_reached,-0.80255682,-0.82238795,-0.78272569
hard|9|5|+4|stand,hard,9,5,4,stand,28160,6723,21437,0,0.2387429,0.23376357,0.24372222,0.00497933,0.005,ci_target_reached,-0.5225142,-0.53247304,-0.51255537
hard|9|5|+4|hit,hard,9,5,4,hit,31488,8942,20780,1766,0.2839812,0.2790005,0.2889619,0.0049807,0.005,ci_target_reached,-0.37595274,-0.38584814,-0.36605735
hard|9|5|+4|double,hard,9,5,4,double,30208,8113,20751,1344,0.26857124,0.26357307,0.27356941,0.00499817,0.005,ci_target_reached,-0.83673199,-0.85665765,-0.81680633
hard|9|5|+5|stand,hard,9,5,5,stand,27648,6481,21167,0,0.23441117,0.2294176,0.23940474,0.00499357,0.005,ci_target_reached,-0.53117766,-0.54116498,-0.52119034
hard|9|5|+5|hit,hard,9,5,5,hit,31744,9184,20756,1804,0.28931452,0.28432626,0.29430278,0.00498826,0.005,ci_target_reached,-0.36454133,-0.37444394,-0.35463872
hard|9|5|+5|double,hard,9,5,5,double,30208,8043,20787,1378,0.26625397,0.26126954,0.27123841,0.00498444,0.005,ci_target_reached,-0.84375,-0.86362359,-0.82387641
hard|9|5|+6|stand,hard,9,5,6,stand,28160,6798,21362,0,0.24140625,0.23640799,0.24640451,0.00499826,0.005,ci_target_reached,-0.5171875,-0.52718419,-0.50719081
hard|9|5|+6|hit,hard,9,5,6,hit,31488,9004,20711,1773,0.2859502,0.28095914,0.29094127,0.00499106,0.005,ci_target_reached,-0.37179243,-0.38170562,-0.36187924
hard|9|5|+6|double,hard,9,5,6,double,30464,8215,20921,1328,0.26966255,0.26467905,0.27464606,0.0049835,0.005,ci_target_reached,-0.83416492,-0.85403172,-0.81429811
hard|9|5|+7|stand,hard,9,5,7,stand,28160,6755,21405,0,0.23987926,0.23489182,0.2448667,0.00498744,0.005,ci_target_reached,-0.52024148,-0.53021653,-0.51026643
hard|9|5|+7|hit,hard,9,5,7,hit,31232,8775,20646,1811,0.28096183,0.27597694,0.28594673,0.00498489,0.005,ci_target_reached,-0.38009093,-0.38999562,-0.37018624
hard|9|5|+7|double,hard,9,5,7,double,29952,7930,20653,1369,0.26475694,0.25976026,0.26975363,0.00499669,0.005,ci_target_reached,-0.84955929,-0.86948485,-0.82963374
hard|9|5|+8|stand,hard,9,5,8,stand,28160,6754,21406,0,0.23984375,0.23485657,0.24483093,0.00498718,0.005,ci_target_reached,-0.5203125,-0.53028704,-0.51033796
hard|9|5|+8|hit,hard,9,5,8,hit,31488,9028,20762,1698,0.2867124,0.28171736,0.29170744,0.00499504,0.005,ci_target_reached,-0.3726499,-0.38257381,-0.36272599
hard|9|5|+8|double,hard,9,5,8,double,29952,7931,20591,1430,0.26479033,0.25979344,0.26978722,0.00499689,0.005,ci_target_reached,-0.84535256,-0.86527485,-0.82543028
hard|9|5|+9|stand,hard,9,5,9,stand,27904,6628,21276,0,0.23752867,0.23253531,0.24252203,0.00499336,0.005,ci_target_reached,-0.52494266,-0.53492955,-0.51495577
hard|9|5|+9|hit,hard,9,5,9,hit,30976,8667,20502,1807,0.27979726,0.27479815,0.28479637,0.00499911,0.005,ci_target_reached,-0.38206999,-0.39200393,-0.37213605
hard|9|5|+9|double,hard,9,5,9,double,29952,7921,20643,1388,0.26445646,0.25946159,0.26945134,0.00499487,0.005,ci_target_reached,-0.84949252,-0.86941027,-0.82957477
hard|9|6|-10|hit,hard,9,6,-10,hit,16384,14422,1448,514,0.88024902,0.87527751,0.88522053,0.00497151,0.005,ci_target_reached,0.79187012,0.78292061,0.80081962
hard|9|6|-10|double,hard,9,6,-10,double,15872,14043,1347,482,0.88476562,0.87979804,0.88973321,0.00496759,0.005,ci_target_reached,1.59979839,1.5819292,1.61766758
hard|9|6|-9|hit,hard,9,6,-9,hit,16384,14429,1434,521,0.88067627,0.87571243,0.88564011,0.00496384,0.005,ci_target_reached,0.79315186,0.78423462,0.80206909
hard|9|6|-9|double,hard,9,6,-9,double,15872,14022,1384,466,0.88344254,0.87845025,0.88843483,0.00499229,0.005,ci_target_reached,1.59248992,1.57443635,1.61054348
hard|9|5|+10|stand,hard,9,5,10,stand,28160,6746,21414,0,0.23955966,0.2345745,0.24454482,0.00498516,0.005,ci_target_reached,-0.52088068,-0.53085118,-0.51091018
hard|9|5|+10|hit,hard,9,5,10,hit,30976,8666,20603,1707,0.27976498,0.27476605,0.28476391,0.00499893,0.005,ci_target_reached,-0.38536286,-0.39530118,-0.37542454
hard|9|5|+10|double,hard,9,5,10,double,30464,8229,20833,1402,0.27012211,0.26513593,0.27510829,0.00498618,0.005,ci_target_reached,-0.82746849,-0.84733977,-0.80759721
hard|9|6|-10|stand,hard,9,6,-10,stand,29696,22004,7692,0,0.74097522,0.73599235,0.74595809,0.00498287,0.005,ci_target_reached,0.48195043,0.47198452,0.49191634
hard|9|6|-8|hit,hard,9,6,-8,hit,15360,13630,1294,436,0.88736979,0.88237013,0.89236945,0.00499966,0.005,ci_target_reached,0.803125,0.79408672,0.81216328
hard|9|6|-9|stand,hard,9,6,-9,stand,29952,22080,7872,0,0.73717949,0.73219455,0.74216442,0.00498493,0.005,ci_target_reached,0.47435897,0.46438894,0.48432901
hard|9|6|-8|double,hard,9,6,-8,double,16384,14405,1502,477,0.87921143,0.87422137,0.88420148,0.00499006,0.005,ci_target_reached,1.57507324,1.5569373,1.59320918
hard|9|6|-7|hit,hard,9,6,-7,hit,15872,14042,1365,465,0.88470262,0.87973385,0.88967139,0.00496877,0.005,ci_target_reached,0.79870212,0.78972718,0.80767705
hard|9|6|-7|double,hard,9,6,-7,double,16384,14428,1464,492,0.88061523,0.8756503,0.88558017,0.00496494,0.005,ci_target_reached,1.58251953,1.56456012,1.60047894
hard|9|6|-6|hit,hard,9,6,-6,hit,16128,14239,1388,501,0.8828745,0.87791154,0.88783747,0.00496296,0.005,ci_target_reached,0.796813,0.78789291,0.80573308
hard|9|6|-6|double,hard,9,6,-6,double,16128,14231,1444,453,0.88237847,0.87740641,0.88735054,0.00497206,0.005,ci_target_reached,1.58568948,1.56760308,1.60377588
hard|9|6|-8|stand,hard,9,6,-8,stand,29696,21990,7706,0,0.74050377,0.73551796,0.74548959,0.00498582,0.005,ci_target_reached,0.48100754,0.47103574,0.49097934
hard|9|6|-5|hit,hard,9,6,-5,hit,15360,13653,1280,427,0.88886719,0.88389669,0.89383769,0.0049705,0.005,ci_target_reached,0.80553385,0.7965412,0.81452651
hard|9|6|-7|stand,hard,9,6,-7,stand,29440,21844,7596,0,0.7419837,0.73698556,0.74698183,0.00499813,0.005,ci_target_reached,0.48396739,0.47397095,0.49396383
hard|9|6|-5|double,hard,9,6,-5,double,16128,14224,1417,487,0.88194444,0.87696444,0.88692445,0.00498,0.005,ci_target_reached,1.58816964,1.57019093,1.60614835
hard|9|6|-4|hit,hard,9,6,-4,hit,15872,14023,1371,478,0.88350554,0.87851443,0.88849666,0.00499111,0.005,ci_target_reached,0.79712702,0.78812926,0.80612477
hard|9|6|-6|stand,hard,9,6,-6,stand,29696,21945,7751,0,0.73898842,0.73399318,0.74398365,0.00499523,0.005,ci_target_reached,0.47797683,0.4679862,0.48796747
hard|9|6|-4|double,hard,9,6,-4,double,15616,13829,1354,433,0.88556609,0.88057312,0.89055906,0.00499297,0.005,ci_target_reached,1.59772029,1.57958812,1.61585245
hard|9|6|-3|hit,hard,9,6,-3,hit,15872,14028,1367,477,0.88382056,0.87883531,0.88880581,0.00498525,0.005,ci_target_reached,0.79769405,0.78870762,0.80668048
hard|9|6|-5|stand,hard,9,6,-5,stand,29696,21963,7733,0,0.73959456,0.73460308,0.74458603,0.00499148,0.005,ci_target_reached,0.47918912,0.469206,0.48917224
hard|9|6|-3|double,hard,9,6,-3,double,15872,14022,1363,487,0.88344254,0.87845025,0.88843483,0.00499229,0.005,ci_target_reached,1.59513609,1.57717478,1.61309739
hard|9|6|+0|hit,hard,9,6,0,hit,37888,21475,13947,2466,0.56680215,0.56181257,0.57179174,0.00498958,0.005,ci_target_reached,0.19869088,0.1891623,0.20821946
hard|9|6|-2|hit,hard,9,6,-2,hit,16384,14424,1446,514,0.88037109,0.87540177,0.88534041,0.00496932,0.005,ci_target_reached,0.79211426,0.78316982,0.80105869
hard|9|6|+0|stand,hard,9,6,0,stand,37632,16021,21611,0,0.4257281,0.42073233,0.43072387,0.00499577,0.005,ci_target_reached,-0.14854379,-0.15853546,-0.13855212
hard|9|6|+0|double,hard,9,6,0,double,38144,20930,14819,2395,0.54871015,0.54371622,0.55370408,0.00499393,0.005,ci_target_reached,0.32041737,0.30125418,0.33958055
hard|9|6|-4|stand,hard,9,6,-4,stand,29952,22094,7858,0,0.7376469,0.73266482,0.74262898,0.00498208,0.005,ci_target_reached,0.4752938,0.46532948,0.48525813
hard|9|6|-2|double,hard,9,6,-2,double,16128,14210,1431,487,0.88107639,0.87608057,0.88607221,0.00499582,0.005,ci_target_reached,1.58469742,1.56664587,1.60274897
hard|9|6|-1|hit,hard,9,6,-1,hit,15360,13652,1250,458,0.88880208,0.88383031,0.89377386,0.00497177,0.005,ci_target_reached,0.80742187,0.79849991,0.81634384
hard|9|6|-3|stand,hard,9,6,-3,stand,29952,22038,7914,0,0.73577724,0.73078379,0.7407707,0.00499346,0.005,ci_target_reached,0.47155449,0.4615674,0.48154157
hard|9|6|-1|double,hard,9,6,-1,double,16128,14219,1425,484,0.88163442,0.87664876,0.88662009,0.00498566,0.005,ci_target_reached,1.58655754,1.56854004,1.60457504
hard|9|6|-2|stand,hard,9,6,-2,stand,29696,22019,7677,0,0.74148033,0.73650063,0.74646004,0.00497971,0.005,ci_target_reached,0.48296067,0.47300109,0.49292025
hard|9|6|-1|stand,hard,9,6,-1,stand,29952,22074,7878,0,0.73697917,0.73199301,0.74196532,0.00498616,0.005,ci_target_reached,0.47395833,0.46398586,0.48393081
hard|9|6|+1|hit,hard,9,6,1,hit,37120,22056,13527,1537,0.59418103,0.58918555,0.59917652,0.00499548,0.005,ci_target_reached,0.22976832,0.22008612,0.23945052
hard|9|6|+1|stand,hard,9,6,1,stand,38416,19187,19229,0,0.49945335,0.49445336,0.50445335,0.005,0.005,ci_target_reached,-0.00109329,-0.01109342,0.00890683
hard|9|6|+1|double,hard,9,6,1,double,37376,21911,14099,1366,0.58623181,0.58123868,0.59122494,0.00499313,0.005,ci_target_reached,0.41802226,0.39857608,0.43746844
hard|9|6|+2|hit,hard,9,6,2,hit,35584,12939,20798,1847,0.36361848,0.35862032,0.36861664,0.00499816,0.005,ci_target_reached,-0.22085769,-0.2307112,-0.21100418
hard|9|6|+2|stand,hard,9,6,2,stand,32768,9975,22793,0,0.30441284,0.29943044,0.30939524,0.0049824,0.005,ci_target_reached,-0.39117432,-0.40113926,-0.38120937
hard|9|6|+3|hit,hard,9,6,3,hit,32768,10089,20914,1765,0.30789185,0.3028936,0.31289009,0.00499824,0.005,ci_target_reached,-0.33035278,-0.34025885,-0.32044671
hard|9|6|+2|double,hard,9,6,2,double,35328,12462,21328,1538,0.35275136,0.34776864,0.35773408,0.00498272,0.005,ci_target_reached,-0.50192482,-0.52163887,-0.48221077
hard|9|6|+3|stand,hard,9,6,3,stand,29952,7887,22065,0,0.26332131,0.25833333,0.2683093,0.00498799,0.005,ci_target_reached,-0.47335737,-0.48333351,-0.46338123
hard|9|6|+3|double,hard,9,6,3,double,32256,9568,21191,1497,0.29662698,0.29164217,0.3016118,0.00498481,0.005,ci_target_reached,-0.72067212,-0.74048213,-0.70086211
hard|9|6|+4|stand,hard,9,6,4,stand,29184,7422,21762,0,0.25431743,0.24932113,0.25931374,0.0049963,0.005,ci_target_reached,-0.49136513,-0.50135791,-0.48137236
hard|9|6|+4|hit,hard,9,6,4,hit,32000,9421,20843,1736,0.29440625,0.28941244,0.29940006,0.00499381,0.005,ci_target_reached,-0.3569375,-0.36684938,-0.34702562
hard|9|6|+5|stand,hard,9,6,5,stand,29184,7409,21775,0,0.25387198,0.24887857,0.2588654,0.00499342,0.005,ci_target_reached,-0.49225603,-0.50224303,-0.48226903
hard|9|6|+4|double,hard,9,6,4,double,31488,8983,21094,1411,0.28528328,0.28029572,0.29027085,0.00498757,0.005,ci_target_reached,-0.76924543,-0.78909384,-0.74939702
hard|9|6|+5|hit,hard,9,6,5,hit,32256,9617,20899,1740,0.29814608,0.29315392,0.30313824,0.00499216,0.005,ci_target_reached,-0.34976438,-0.35966923,-0.33985954
hard|9|6|+5|double,hard,9,6,5,double,31232,8851,20942,1439,0.28339524,0.27839728,0.28839319,0.00499795,0.005,ci_target_reached,-0.77426998,-0.79416,-0.75437996
hard|9|6|+6|hit,hard,9,6,6,hit,32000,9431,20833,1736,0.29471875,0.2897234,0.2997141,0.00499535,0.005,ci_target_reached,-0.3563125,-0.36622708,-0.34639792
hard|9|6|+6|stand,hard,9,6,6,stand,29184,7394,21790,0,0.253358,0.24836793,0.25834808,0.00499008,0.005,ci_target_reached,-0.49328399,-0.50326431,-0.48330367
hard|9|6|+6|double,hard,9,6,6,double,31488,9008,21082,1398,0.28607724,0.28108551,0.29106896,0.00499173,0.005,ci_target_reached,-0.76689533,-0.7867599,-0.74703075
hard|9|6|+7|stand,hard,9,6,7,stand,29184,7360,21824,0,0.25219298,0.24721051,0.25717546,0.00498247,0.005,ci_target_reached,-0.49561404,-0.50557915,-0.48564892
hard|9|6|+7|hit,hard,9,6,7,hit,32256,9590,20907,1759,0.29730903,0.29232091,0.30229715,0.00498812,0.005,ci_target_reached,-0.35084945,-0.36074619,-0.34095272
hard|9|6|+7|double,hard,9,6,7,double,31232,8830,21001,1401,0.28272285,0.27772849,0.28771721,0.00499436,0.005,ci_target_reached,-0.77939293,-0.79927338,-0.75951248
hard|9|6|+8|stand,hard,9,6,8,stand,29184,7384,21800,0,0.25301535,0.24802751,0.2580032,0.00498784,0.005,ci_target_reached,-0.4939693,-0.50394516,-0.48399344
hard|9|6|+8|hit,hard,9,6,8,hit,32512,9746,20967,1799,0.29976624,0.29478604,0.30474644,0.0049802,0.005,ci_target_reached,-0.3451341,-0.35501082,-0.33525739
hard|9|6|+9|stand,hard,9,6,9,stand,29184,7382,21802,0,0.25294682,0.24795942,0.25793422,0.0049874,0.005,ci_target_reached,-0.49410636,-0.50408133,-0.48413139
hard|9|6|+8|double,hard,9,6,8,double,31232,8756,21024,1452,0.28035348,0.27537188,0.28533508,0.0049816,0.005,ci_target_reached,-0.78560451,-0.80543462,-0.7657744
hard|9|6|+9|hit,hard,9,6,9,hit,32256,9582,20874,1800,0.29706101,0.29207409,0.30204793,0.00498692,0.005,ci_target_reached,-0.3500744,-0.35996675,-0.34018205
hard|9|6|+9|double,hard,9,6,9,double,31488,8962,21150,1376,0.28461636,0.27963231,0.28960042,0.00498406,0.005,ci_target_reached,-0.77413618,-0.79397505,-0.75429731
hard|9|6|+10|stand,hard,9,6,10,stand,29440,7601,21839,0,0.25818614,0.25318693,0.26318535,0.00499921,0.005,ci_target_reached,-0.48362772,-0.4936263,-0.47362913
hard|9|6|+10|hit,hard,9,6,10,hit,32256,9587,20893,1776,0.29721602,0.29222835,0.30220369,0.00498767,0.005,ci_target_reached,-0.35050843,-0.36040343,-0.34061343
hard|9|7|-10|hit,hard,9,7,-10,hit,27648,21158,4054,2436,0.76526331,0.76026734,0.77025928,0.00499597,0.005,ci_target_reached,0.61863426,0.61005923,0.62720928
hard|9|7|-10|double,hard,9,7,-10,double,25600,20228,3348,2024,0.79015625,0.78516809,0.79514441,0.00498816,0.005,ci_target_reached,1.31875,1.30166696,1.33583304
hard|9|6|+10|double,hard,9,6,10,double,30976,8668,20814,1494,0.27982955,0.27483026,0.28482883,0.00499928,0.005,ci_target_reached,-0.78422004,-0.80411701,-0.76432307
hard|9|7|-9|hit,hard,9,7,-9,hit,28160,21381,4247,2532,0.75926847,0.75427498,0.76426195,0.00499349,0.005,ci_target_reached,0.6084517,0.59986962,0.61703379
hard|9|7|-10|stand,hard,9,7,-10,stand,34048,11262,22786,0,0.33076833,0.32577074,0.33576592,0.00499759,0.005,ci_target_reached,-0.33846335,-0.34845867,-0.32846802
hard|9|7|-9|stand,hard,9,7,-9,stand,34048,11251,22797,0,0.33044525,0.3254489,0.33544161,0.00499635,0.005,ci_target_reached,-0.33910949,-0.34910234,-0.32911664
hard|9|7|-9|double,hard,9,7,-9,double,25600,20252,3220,2128,0.79109375,0.78611379,0.79607371,0.00497996,0.005,ci_target_reached,1.330625,1.31375283,1.34749717
hard|9|7|-8|double,hard,9,7,-8,double,25600,20224,3249,2127,0.79,0.78501047,0.79498953,0.00498953,0.005,ci_target_reached,1.32617188,1.30924648,1.34309727
hard|9|7|-8|hit,hard,9,7,-8,hit,27904,21270,4052,2582,0.76225631,0.7572614,0.76725122,0.00499491,0.005,ci_target_reached,0.61704415,0.60852841,0.6255599
hard|9|7|-7|hit,hard,9,7,-7,hit,27904,21271,4160,2473,0.76229214,0.75729749,0.7672868,0.00499465,0.005,ci_target_reached,0.61320958,0.6046244,0.62179475
hard|9|7|-7|double,hard,9,7,-7,double,25600,20240,3258,2102,0.790625,0.78564093,0.79560907,0.00498407,0.005,ci_target_reached,1.32671875,1.30978247,1.34365503
hard|9|7|-8|stand,hard,9,7,-8,stand,34304,11368,22936,0,0.33138993,0.32640866,0.33637119,0.00498127,0.005,ci_target_reached,-0.33722015,-0.34718283,-0.32725747
hard|9|7|-7|stand,hard,9,7,-7,stand,34048,11256,22792,0,0.33059211,0.32559519,0.33558902,0.00499691,0.005,ci_target_reached,-0.33881579,-0.34880977,-0.32882181
hard|9|7|-6|hit,hard,9,7,-6,hit,28160,21419,4246,2495,0.7606179,0.755634,0.76560179,0.00498389,0.005,ci_target_reached,0.60983665,0.60125753,0.61841576
hard|9|7|-6|double,hard,9,7,-6,double,25088,19970,3146,1972,0.79599809,0.79101158,0.80098459,0.0049865,0.005,ci_target_reached,1.34119898,1.32420123,1.35819673
hard|9|7|-6|stand,hard,9,7,-6,stand,34304,11418,22886,0,0.33284748,0.32786072,0.33783425,0.00498676,0.005,ci_target_reached,-0.33430504,-0.34427871,-0.32433136
hard|9|7|-5|hit,hard,9,7,-5,hit,27904,21300,4160,2444,0.76333142,0.7583443,0.76831854,0.00498712,0.005,ci_target_reached,0.61424885,0.60566558,0.62283213
hard|9|7|-5|double,hard,9,7,-5,double,25600,20204,3262,2134,0.78921875,0.78422242,0.79421508,0.00499633,0.005,ci_target_reached,1.32359375,1.30664293,1.34054457
hard|9|7|-4|hit,hard,9,7,-4,hit,28416,21477,4344,2595,0.75580659,0.75081146,0.76080172,0.00499513,0.005,ci_target_reached,0.60293497,0.59434999,0.61151995
hard|9|7|-5|stand,hard,9,7,-5,stand,34304,11436,22868,0,0.3333722,0.32838347,0.33836093,0.00498873,0.005,ci_target_reached,-0.3332556,-0.3432332,-0.32327799
hard|9|7|-4|double,hard,9,7,-4,double,25600,20210,3298,2092,0.78945312,0.78445884,0.79444741,0.00499429,0.005,ci_target_reached,1.32125,1.30424279,1.33825721
hard|9|7|-3|hit,hard,9,7,-3,hit,28416,21511,4286,2619,0.7570031,0.75201628,0.76198992,0.00498682,0.005,ci_target_reached,0.60617258,0.59762515,0.61472
hard|9|7|-4|stand,hard,9,7,-4,stand,34304,11422,22882,0,0.33296409,0.32797688,0.33795129,0.0049872,0.005,ci_target_reached,-0.33407183,-0.34404638,-0.32409728
hard|9|7|+0|hit,hard,9,7,0,hit,38400,20591,13816,3993,0.53622396,0.53123606,0.54121186,0.0049879,0.005,ci_target_reached,0.17643229,0.1671303,0.18573428
hard|9|7|+0|stand,hard,9,7,0,stand,29952,7848,22104,0,0.26201923,0.2570392,0.26699926,0.00498003,0.005,ci_target_reached,-0.47596154,-0.48592177,-0.46600131
hard|9|7|+0|double,hard,9,7,0,double,38416,19020,16745,2651,0.49510621,0.49010645,0.50010597,0.00499976,0.005,ci_target_reached,0.11844023,0.09917878,0.13770169
hard|9|7|-3|double,hard,9,7,-3,double,25600,20238,3241,2121,0.79054687,0.78556213,0.79553162,0.00498475,0.005,ci_target_reached,1.32789062,1.3109813,1.34479995
hard|9|7|-3|stand,hard,9,7,-3,stand,34560,11646,22914,0,0.33697917,0.33199567,0.34196267,0.0049835,0.005,ci_target_reached,-0.32604167,-0.33600881,-0.31607453
hard|9|7|-2|hit,hard,9,7,-2,hit,28160,21412,4151,2597,0.76036932,0.75538365,0.76535498,0.00498567,0.005,ci_target_reached,0.61296165,0.60444192,0.62148138
hard|9|7|-2|double,hard,9,7,-2,double,25856,20346,3372,2138,0.78689666,0.78190518,0.79188814,0.00499148,0.005,ci_target_reached,1.31296411,1.2959627,1.32996552
hard|9|7|-2|stand,hard,9,7,-2,stand,34304,11470,22834,0,0.33436334,0.32937091,0.33935577,0.00499243,0.005,ci_target_reached,-0.33127332,-0.34125832,-0.32128832
hard|9|7|-1|hit,hard,9,7,-1,hit,28416,21503,4316,2597,0.75672157,0.75173278,0.76171035,0.00498878,0.005,ci_target_reached,0.6048353,0.59626897,0.61340164
hard|9|7|-1|double,hard,9,7,-1,double,25600,20224,3306,2070,0.79,0.78501047,0.79498953,0.00498953,0.005,ci_target_reached,1.32171875,1.30470184,1.33873566
hard|9|7|-1|stand,hard,9,7,-1,stand,34304,11478,22826,0,0.33459655,0.32960326,0.33958984,0.00499329,0.005,ci_target_reached,-0.3308069,-0.34079363,-0.32082017
hard|9|7|+1|stand,hard,9,7,1,stand,31744,9222,22522,0,0.29051159,0.28551724,0.29550595,0.00499436,0.005,ci_target_reached,-0.41897681,-0.42896569,-0.40898794
hard|9|7|+1|hit,hard,9,7,1,hit,38400,18712,15382,4306,0.48729167,0.48229224,0.49229109,0.00499943,0.005,ci_target_reached,0.08671875,0.07733401,0.09610349
hard|9|7|+1|double,hard,9,7,1,double,37376,15483,19984,1909,0.41424979,0.4092558,0.41924377,0.00499398,0.005,ci_target_reached,-0.24084974,-0.26045024,-0.22124925
hard|9|7|+2|stand,hard,9,7,2,stand,30720,8392,22328,0,0.27317708,0.26819419,0.27815998,0.0049829,0.005,ci_target_reached,-0.45364583,-0.46361179,-0.44367988
hard|9|7|+2|hit,hard,9,7,2,hit,37376,15375,17492,4509,0.41136023,0.40637144,0.41634903,0.00498879,0.005,ci_target_reached,-0.05664062,-0.06613039,-0.04715086
hard|9|7|+3|stand,hard,9,7,3,stand,30720,8412,22308,0,0.27382812,0.26884153,0.27881472,0.0049866,0.005,ci_target_reached,-0.45234375,-0.4623171,-0.4423704
hard|9|7|+2|double,hard,9,7,2,double,33280,10526,21331,1423,0.31628606,0.31128984,0.32128228,0.00499622,0.005,ci_target_reached,-0.64933894,-0.66917145,-0.62950643
hard|9|7|+3|hit,hard,9,7,3,hit,37120,14876,17939,4305,0.40075431,0.39576898,0.40573964,0.00498533,0.005,ci_target_reached,-0.08251616,-0.09204437,-0.07298796
hard|9|7|+3|double,hard,9,7,3,double,32512,9808,21370,1334,0.30167323,0.29668402,0.30666244,0.00498921,0.005,ci_target_reached,-0.71124508,-0.73108151,-0.69140865
hard|9|7|+4|hit,hard,9,7,4,hit,37120,14902,17834,4384,0.40145474,0.39646798,0.40644151,0.00498676,0.005,ci_target_reached,-0.07898707,-0.08850681,-0.06946733
hard|9|7|+4|stand,hard,9,7,4,stand,30976,8576,22400,0,0.2768595,0.27187658,0.28184243,0.00498293,0.005,ci_target_reached,-0.44628099,-0.45624701,-0.43631498
hard|9|7|+4|double,hard,9,7,4,double,33024,10197,21416,1411,0.30877544,0.30379265,0.31375822,0.00498279,0.005,ci_target_reached,-0.67944525,-0.69923764,-0.65965286
hard|9|7|+5|stand,hard,9,7,5,stand,30464,8211,22253,0,0.26953125,0.26454851,0.27451399,0.00498274,0.005,ci_target_reached,-0.4609375,-0.47090314,-0.45097186
hard|9|7|+5|hit,hard,9,7,5,hit,36864,14693,17818,4353,0.39857313,0.39357509,0.40357118,0.00499805,0.005,ci_target_reached,-0.08477105,-0.09431873,-0.07522337
hard|9|7|+5|double,hard,9,7,5,double,32256,9624,21297,1335,0.2983631,0.29336989,0.3033563,0.00499321,0.005,ci_target_reached,-0.72377232,-0.74362921,-0.70391544
hard|9|7|+6|stand,hard,9,7,6,stand,30976,8580,22396,0,0.27698864,0.27200499,0.28197228,0.00498364,0.005,ci_target_reached,-0.44602273,-0.45599017,-0.43605528
hard|9|7|+6|hit,hard,9,7,6,hit,37120,14884,17848,4388,0.40096983,0.39598406,0.4059556,0.00498577,0.005,ci_target_reached,-0.07984914,-0.08936755,-0.07033073
hard|9|7|+6|double,hard,9,7,6,double,32256,9627,21249,1380,0.2984561,0.29346245,0.30344976,0.00499365,0.005,ci_target_reached,-0.72061012,-0.74046397,-0.70075627
hard|9|7|+7|stand,hard,9,7,7,stand,30720,8422,22298,0,0.27415365,0.2691652,0.27914209,0.00498844,0.005,ci_target_reached,-0.45169271,-0.46166975,-0.44171566
hard|9|7|+7|double,hard,9,7,7,double,32512,9810,21314,1388,0.30173474,0.29674524,0.30672424,0.0049895,0.005,ci_target_reached,-0.70767717,-0.72750888,-0.68784545
hard|9|7|+7|hit,hard,9,7,7,hit,36864,14718,17828,4318,0.3992513,0.39425183,0.40425078,0.00499948,0.005,ci_target_reached,-0.08436415,-0.09391739,-0.07481091
hard|9|7|+8|stand,hard,9,7,8,stand,30976,8585,22391,0,0.27715005,0.27216551,0.28213459,0.00498454,0.005,ci_target_reached,-0.4456999,-0.45566913,-0.43573066
hard|9|7|+8|double,hard,9,7,8,double,32768,9962,21429,1377,0.30401611,0.29903554,0.30899668,0.00498057,0.005,ci_target_reached,-0.69989014,-0.71968466,-0.68009561
hard|9|7|+8|hit,hard,9,7,8,hit,37120,14894,17842,4384,0.40123922,0.3962529,0.40622555,0.00498632,0.005,ci_target_reached,-0.0794181,-0.08893747,-0.06989873
hard|9|7|+9|stand,hard,9,7,9,stand,30464,8270,22194,0,0.27146796,0.26647399,0.27646194,0.00499397,0.005,ci_target_reached,-0.45706408,-0.46705219,-0.44707596
hard|9|7|+9|double,hard,9,7,9,double,32512,9839,21333,1340,0.30262672,0.29763304,0.3076204,0.00499368,0.005,ci_target_reached,-0.70706201,-0.7269139,-0.68721012
hard|9|7|+9|hit,hard,9,7,9,hit,37120,15032,17762,4326,0.4049569,0.3999631,0.40995069,0.00499379,0.005,ci_target_reached,-0.07354526,-0.083078,-0.06401252
hard|9|7|+10|stand,hard,9,7,10,stand,30720,8461,22259,0,0.27542318,0.27042757,0.28041878,0.0049956,0.005,ci_target_reached,-0.44915365,-0.45914501,-0.43916228
hard|9|7|+10|hit,hard,9,7,10,hit,37120,15010,17791,4319,0.40436422,0.3993716,0.40935685,0.00499262,0.005,ci_target_reached,-0.07491918,-0.08445183,-0.06538653
hard|9|7|+10|double,hard,9,7,10,double,32768,9977,21418,1373,0.30447388,0.2994912,0.30945656,0.00498268,0.005,ci_target_reached,-0.69830322,-0.71810576,-0.67850068
hard|9|8|-10|stand,hard,9,8,-10,stand,27392,6300,21092,0,0.22999416,0.22501049,0.23497783,0.00498367,0.005,ci_target_reached,-0.54001168,-0.54997921,-0.53004415
hard|9|8|-10|hit,hard,9,8,-10,hit,35840,22710,7952,5178,0.63364955,0.62866134,0.63863777,0.00498821,0.005,ci_target_reached,0.41177455,0.40319964,0.42034946
hard|9|8|-10|double,hard,9,8,-10,double,35072,22790,7303,4979,0.64980611,0.64481357,0.65479866,0.00499254,0.005,ci_target_reached,0.88315465,0.86611019,0.90019911
hard|9|8|-9|stand,hard,9,8,-9,stand,26880,6060,20820,0,0.22544643,0.22045081,0.23044204,0.00499561,0.005,ci_target_reached,-0.54910714,-0.55909856,-0.53911573
hard|9|8|-9|hit,hard,9,8,-9,hit,36096,22664,8260,5172,0.62788121,0.62289459,0.63286782,0.00498662,0.005,ci_target_reached,0.39904699,0.39043115,0.40766282
hard|9|8|-9|double,hard,9,8,-9,double,34816,22812,7233,4771,0.65521599,0.65022333,0.66020866,0.00499267,0.005,ci_target_reached,0.89493336,0.87783029,0.91203643
hard|9|8|-8|stand,hard,9,8,-8,stand,27136,6151,20985,0,0.22667305,0.2216915,0.23165461,0.00498155,0.005,ci_target_reached,-0.54665389,-0.55661718,-0.5366906
hard|9|8|-8|hit,hard,9,8,-8,hit,36096,22678,8146,5272,0.62826906,0.6232835,0.63325462,0.00498556,0.005,ci_target_reached,0.40259309,0.39401199,0.41117418
hard|9|8|-8|double,hard,9,8,-8,double,35072,22810,7299,4963,0.65037637,0.6453857,0.65536704,0.00499067,0.005,ci_target_reached,0.88452327,0.86748072,0.90156582
hard|9|8|-7|stand,hard,9,8,-7,stand,27136,6132,21004,0,0.22597288,0.22099677,0.23094898,0.0049761,0.005,ci_target_reached,-0.54805425,-0.55800664,-0.53810185
hard|9|8|-7|hit,hard,9,8,-7,hit,35840,22599,8080,5161,0.63055246,0.62555546,0.63554945,0.004997,0.005,ci_target_reached,0.40510603,0.39649419,0.41371787
hard|9|8|-6|stand,hard,9,8,-6,stand,27392,6329,21063,0,0.23105286,0.22606117,0.23604456,0.0049917,0.005,ci_target_reached,-0.53789428,-0.54787785,-0.5279107
hard|9|8|-7|double,hard,9,8,-7,double,34816,22766,7158,4892,0.65389476,0.64889758,0.65889194,0.00499718,0.005,ci_target_reached,0.89659926,0.87955075,0.91364778
hard|9|8|-6|hit,hard,9,8,-6,hit,35840,22730,8051,5059,0.63420759,0.62922098,0.6391942,0.00498661,0.005,ci_target_reached,0.40957031,0.40096339,0.41817723
hard|9|8|-6|double,hard,9,8,-6,double,34560,22809,6977,4774,0.65998264,0.65498821,0.66497707,0.00499443,0.005,ci_target_reached,0.9162037,0.89917697,0.93323044
hard|9|8|-5|stand,hard,9,8,-5,stand,27392,6324,21068,0,0.23087033,0.22588001,0.23586064,0.00499032,0.005,ci_target_reached,-0.53825935,-0.54824016,-0.52827853
hard|9|8|-5|hit,hard,9,8,-5,hit,35584,22660,7811,5113,0.63680306,0.63180614,0.64179998,0.00499692,0.005,ci_target_reached,0.41729429,0.40871239,0.42587619
hard|9|8|-4|stand,hard,9,8,-4,stand,27136,6183,20953,0,0.2278523,0.22286162,0.23284298,0.00499068,0.005,ci_target_reached,-0.5442954,-0.55427695,-0.53431385
hard|9|8|-5|double,hard,9,8,-5,double,35072,22712,7395,4965,0.64758212,0.64258232,0.65258191,0.00499979,0.005,ci_target_reached,0.87346031,0.8563561,0.89056452
hard|9|8|-4|hit,hard,9,8,-4,hit,35840,22615,8213,5012,0.63099888,0.62600314,0.63599463,0.00499574,0.005,ci_target_reached,0.40184152,0.39318751,0.41049552
hard|9|8|-3|stand,hard,9,8,-3,stand,27136,6212,20924,0,0.22892099,0.22392208,0.2339199,0.00499891,0.005,ci_target_reached,-0.54215802,-0.55215603,-0.53216001
hard|9|8|-4|double,hard,9,8,-4,double,35072,22868,7309,4895,0.65203011,0.64704493,0.65701529,0.00498518,0.005,ci_target_reached,0.88726049,0.87020861,0.90431238
hard|9|8|+0|hit,hard,9,8,0,hit,38400,18769,15197,4434,0.48877604,0.48377626,0.49377582,0.00499978,0.005,ci_target_reached,0.09302083,0.08365992,0.10238174
hard|9|8|+0|stand,hard,9,8,0,stand,28416,6909,21507,0,0.24313767,0.23814987,0.24812547,0.0049878,0.005,ci_target_reached,-0.51372466,-0.52370044,-0.50374888
hard|9|8|+0|double,hard,9,8,0,double,38144,17270,17686,3188,0.45275797,0.44776262,0.45775332,0.00499535,0.005,ci_target_reached,-0.02181208,-0.04102521,-0.00259895
hard|9|8|-3|hit,hard,9,8,-3,hit,35584,22622,7843,5119,0.63573516,0.6307351,0.64073522,0.00500006,0.005,ci_target_reached,0.41532711,0.40673598,0.42391825
hard|9|8|-2|stand,hard,9,8,-2,stand,27136,6208,20928,0,0.22877358,0.22377581,0.23377136,0.00499778,0.005,ci_target_reached,-0.54245283,-0.55244857,-0.53245709
hard|9|8|-3|double,hard,9,8,-3,double,35072,22723,7376,4973,0.64789576,0.64289698,0.65289454,0.00499878,0.005,ci_target_reached,0.87517108,0.85807937,0.89226278
hard|9|8|-2|hit,hard,9,8,-2,hit,36096,22644,8175,5277,0.62732713,0.622339,0.63231525,0.00498813,0.005,ci_target_reached,0.40084774,0.39225881,0.40943667
hard|9|8|-1|stand,hard,9,8,-1,stand,26880,6063,20817,0,0.22555804,0.22056155,0.23055453,0.00499649,0.005,ci_target_reached,-0.54888393,-0.55887709,-0.53889076
hard|9|8|-2|double,hard,9,8,-2,double,34816,22826,7073,4917,0.65561811,0.65062682,0.66060939,0.00499128,0.005,ci_target_reached,0.90492877,0.88793821,0.92191933
hard|9|8|-1|hit,hard,9,8,-1,hit,35840,22685,8011,5144,0.63295201,0.6279618,0.63794222,0.00499021,0.005,ci_target_reached,0.4094308,0.40083795,0.41802365
hard|9|8|+1|stand,hard,9,8,1,stand,28416,6919,21497,0,0.24348958,0.23849933,0.24847983,0.00499025,0.005,ci_target_reached,-0.51302083,-0.52300151,-0.50304016
hard|9|8|-1|double,hard,9,8,-1,double,35072,22856,7240,4976,0.65168796,0.64670164,0.65667427,0.00498632,0.005,ci_target_reached,0.89051095,0.87350736,0.90751454
hard|9|8|+1|hit,hard,9,8,1,hit,38400,17848,15613,4939,0.46479167,0.45980304,0.46978029,0.00498863,0.005,ci_target_reached,0.05820313,0.04888445,0.0675218
hard|9|8|+1|double,hard,9,8,1,double,35840,13251,20028,2561,0.36972656,0.36472879,0.37472434,0.00499778,0.005,ci_target_reached,-0.3781808,-0.39774592,-0.35861569
hard|9|8|+2|stand,hard,9,8,2,stand,28416,6901,21515,0,0.24285614,0.2378703,0.24784198,0.00498584,0.005,ci_target_reached,-0.51428773,-0.52425958,-0.50431587
hard|9|8|+2|hit,hard,9,8,2,hit,37632,15809,16997,4826,0.4200946,0.41510771,0.42508149,0.00498689,0.005,ci_target_reached,-0.03156888,-0.04099716,-0.02214059
hard|9|8|+2|double,hard,9,8,2,double,32000,9353,20949,1698,0.29228125,0.28729801,0.29726449,0.00498324,0.005,ci_target_reached,-0.72475,-0.74454075,-0.70495925
hard|9|8|+3|stand,hard,9,8,3,stand,28416,6936,21480,0,0.24408784,0.23909344,0.24908224,0.0049944,0.005,ci_target_reached,-0.51182432,-0.5218133,-0.50183535
hard|9|8|+3|hit,hard,9,8,3,hit,37376,15428,17250,4698,0.41277825,0.40778689,0.41776962,0.00499136,0.005,ci_target_reached,-0.04874786,-0.05821472,-0.039281
hard|9|8|+3|double,hard,9,8,3,double,31232,8781,20908,1543,0.28115394,0.27616801,0.28613988,0.00498593,0.005,ci_target_reached,-0.77657531,-0.79641302,-0.7567376
hard|9|8|+4|stand,hard,9,8,4,stand,28416,6891,21525,0,0.24250422,0.23752084,0.24748761,0.00498338,0.005,ci_target_reached,-0.51499155,-0.5249585,-0.50502461
hard|9|8|+4|hit,hard,9,8,4,hit,37376,15527,17186,4663,0.41542701,0.41043097,0.42042306,0.00499605,0.005,ci_target_reached,-0.04438677,-0.05386091,-0.03491263
hard|9|8|+4|double,hard,9,8,4,double,31488,8995,20953,1540,0.28566438,0.28067481,0.29065395,0.00498957,0.005,ci_target_reached,-0.75952744,-0.77937114,-0.73968373
hard|9|8|+5|stand,hard,9,8,5,stand,28160,6768,21392,0,0.24034091,0.23535019,0.24533163,0.00499072,0.005,ci_target_reached,-0.51931818,-0.52929979,-0.50933657
hard|9|8|+5|double,hard,9,8,5,double,31232,8831,20860,1541,0.28275487,0.27776033,0.2877494,0.00499453,0.005,ci_target_reached,-0.77029969,-0.79016827,-0.75043112
hard|9|8|+5|hit,hard,9,8,5,hit,37376,15604,17084,4688,0.41748716,0.41248757,0.42248674,0.00499959,0.005,ci_target_reached,-0.0395976,-0.0490703,-0.03012491
hard|9|8|+6|stand,hard,9,8,6,stand,28672,7092,21580,0,0.24734933,0.24235498,0.25234368,0.00499435,0.005,ci_target_reached,-0.50530134,-0.51529022,-0.49531246
hard|9|8|+6|hit,hard,9,8,6,hit,37632,15742,17131,4759,0.4183142,0.41333026,0.42329814,0.00498394,0.005,ci_target_reached,-0.03691008,-0.04634602,-0.02747413
hard|9|8|+6|double,hard,9,8,6,double,31488,9023,20882,1583,0.28655361,0.28155939,0.29154782,0.00499421,0.005,ci_target_reached,-0.75323933,-0.77309548,-0.73338318
hard|9|8|+7|stand,hard,9,8,7,stand,28672,7080,21592,0,0.2469308,0.24193929,0.25192232,0.00499151,0.005,ci_target_reached,-0.50613839,-0.51612159,-0.49615519
hard|9|8|+7|hit,hard,9,8,7,hit,37376,15549,17154,4673,0.41601562,0.41101856,0.42101269,0.00499707,0.005,ci_target_reached,-0.04294199,-0.05241537,-0.03346862
hard|9|8|+7|double,hard,9,8,7,double,31232,8857,20856,1519,0.28358735,0.27858837,0.28858632,0.00499898,0.005,ci_target_reached,-0.76837859,-0.78826502,-0.74849215
hard|9|8|+8|stand,hard,9,8,8,stand,28416,6910,21506,0,0.24317286,0.23818481,0.24816091,0.00498805,0.005,ci_target_reached,-0.51365428,-0.52363055,-0.50367801
hard|9|8|+8|hit,hard,9,8,8,hit,37376,15535,17157,4684,0.41564105,0.41064464,0.42063747,0.00499642,0.005,ci_target_reached,-0.04339683,-0.0528684,-0.03392527
hard|9|8|+8|double,hard,9,8,8,double,31232,8844,20806,1582,0.28317111,0.27817435,0.28816787,0.00499676,0.005,ci_target_reached,-0.76600922,-0.78588194,-0.7461365
hard|9|8|+9|stand,hard,9,8,9,stand,28416,6939,21477,0,0.24419341,0.23919828,0.24918854,0.00499513,0.005,ci_target_reached,-0.51161318,-0.52160361,-0.50162274
hard|9|8|+9|double,hard,9,8,9,double,31488,9015,20902,1571,0.28629954,0.28130665,0.29129243,0.00499289,0.005,ci_target_reached,-0.75501778,-0.77487038,-0.73516519
hard|9|8|+9|hit,hard,9,8,9,hit,37376,15424,17155,4797,0.41267123,0.40768006,0.4176624,0.00499117,0.005,ci_target_reached,-0.04631314,-0.05576687,-0.03685942
hard|9|9|-10|stand,hard,9,9,-10,stand,16640,2027,14613,0,0.1218149,0.11684529,0.12678452,0.00496961,0.005,ci_target_reached,-0.75637019,-0.76630972,-0.74643067
hard|9|8|+10|stand,hard,9,8,10,stand,28672,7046,21626,0,0.24574498,0.24076155,0.25072841,0.00498343,0.005,ci_target_reached,-0.50851004,-0.51847708,-0.49854301
hard|9|8|+10|hit,hard,9,8,10,hit,37376,15603,17036,4737,0.4174604,0.41246086,0.42245994,0.00499954,0.005,ci_target_reached,-0.03834011,-0.04780622,-0.028874
hard|9|8|+10|double,hard,9,8,10,double,31488,8980,20939,1569,0.28518801,0.28020094,0.29017507,0.00498707,0.005,ci_target_reached,-0.75959096,-0.77942303,-0.73975888
hard|9|9|-9|stand,hard,9,9,-9,stand,16640,2041,14599,0,0.12265625,0.11767189,0.12764061,0.00498436,0.005,ci_target_reached,-0.7546875,-0.76465651,-0.74471849
hard|9|9|-10|hit,hard,9,9,-10,hit,35072,12246,12579,10247,0.34916743,0.34417827,0.35415659,0.00498916,0.005,ci_target_reached,-0.00949475,-0.01829954,-0.00068997
hard|9|9|-8|stand,hard,9,9,-8,stand,15872,1835,14037,0,0.1156124,0.11063773,0.12058706,0.00497466,0.005,ci_target_reached,-0.7687752,-0.77872484,-0.75882556
hard|9|9|-10|double,hard,9,9,-10,double,35328,12554,12604,10170,0.35535553,0.35036452,0.36034653,0.00499101,0.005,ci_target_reached,-0.00283062,-0.02043053,0.0147693
hard|9|9|-9|hit,hard,9,9,-9,hit,34816,12043,12596,10177,0.34590418,0.34090769,0.35090067,0.00499649,0.005,ci_target_reached,-0.0158835,-0.02471873,-0.00704828
hard|9|9|-7|stand,hard,9,9,-7,stand,16128,1882,14246,0,0.11669147,0.11173649,0.12164644,0.00495498,0.005,ci_target_reached,-0.76661706,-0.77652732,-0.7567068
hard|9|9|-9|double,hard,9,9,-9,double,35328,12637,12576,10115,0.35770494,0.35270659,0.36270328,0.00499835,0.005,ci_target_reached,0.00345335,-0.01416578,0.02107248
hard|9|9|-8|hit,hard,9,9,-8,hit,34816,12076,12557,10183,0.34685202,0.34185232,0.35185173,0.00499971,0.005,ci_target_reached,-0.01381549,-0.02265002,-0.00498096
hard|9|9|-6|stand,hard,9,9,-6,stand,16640,2025,14615,0,0.12169471,0.11672721,0.12666221,0.0049675,0.005,ci_target_reached,-0.75661058,-0.76654588,-0.74667528
hard|9|9|-8|double,hard,9,9,-8,double,35328,12580,12572,10176,0.35609149,0.35109817,0.36108481,0.00499332,0.005,ci_target_reached,0.0004529,-0.01714494,0.01805074
hard|9|9|-7|hit,hard,9,9,-7,hit,35072,12237,12593,10242,0.34891081,0.3439225,0.35389912,0.00498831,0.005,ci_target_reached,-0.01015055,-0.01895614,-0.00134496
hard|9|9|-5|stand,hard,9,9,-5,stand,15616,1792,13824,0,0.1147541,0.10975505,0.11975315,0.00499905,0.005,ci_target_reached,-0.7704918,-0.78049022,-0.76049339
hard|9|9|-7|double,hard,9,9,-7,double,35584,12783,12576,10225,0.35923449,0.35424946,0.36421951,0.00498502,0.005,ci_target_reached,0.01163444,-0.00590812,0.02917701
hard|9|9|-6|hit,hard,9,9,-6,hit,34816,12056,12474,10286,0.34627757,0.34127981,0.35127533,0.00499776,0.005,ci_target_reached,-0.01200597,-0.0208223,-0.00318965
hard|9|9|-4|stand,hard,9,9,-4,stand,16384,1954,14430,0,0.1192627,0.11429995,0.12422544,0.00496274,0.005,ci_target_reached,-0.76147461,-0.77140039,-0.75154882
hard|9|9|-6|double,hard,9,9,-6,double,35328,12503,12608,10217,0.35391191,0.34892548,0.35889834,0.00498643,0.005,ci_target_reached,-0.00594429,-0.02352768,0.01163909
hard|9|9|-5|hit,hard,9,9,-5,hit,35072,12303,12675,10094,0.35079266,0.34579815,0.35578716,0.00499451,0.005,ci_target_reached,-0.01060675,-0.01943849,-0.00177501
hard|9|9|-3|stand,hard,9,9,-3,stand,16384,1964,14420,0,0.11987305,0.11489935,0.12484675,0.0049737,0.005,ci_target_reached,-0.76025391,-0.77020161,-0.7503062
hard|9|9|-5|double,hard,9,9,-5,double,35328,12487,12531,10310,0.35345901,0.34847402,0.358444,0.00498499,0.005,ci_target_reached,-0.00249094,-0.02004183,0.01505994
hard|9|9|-4|hit,hard,9,9,-4,hit,35072,12210,12565,10297,0.34814097,0.34315522,0.35312671,0.00498575,0.005,ci_target_reached,-0.01012203,-0.01891787,-0.0013262
hard|9|9|-2|stand,hard,9,9,-2,stand,16640,2028,14612,0,0.121875,0.11690433,0.12684567,0.00497067,0.005,ci_target_reached,-0.75625,-0.76619164,-0.74630836
hard|9|9|+0|hit,hard,9,9,0,hit,36608,14215,16174,6219,0.3883031,0.38331056,0.39329564,0.00499254,0.005,ci_target_reached,-0.05351289,-0.06283027,-0.04419551
hard|9|9|-4|double,hard,9,9,-4,double,35584,12773,12591,10220,0.35895346,0.3539693,0.36393763,0.00498417,0.005,ci_target_reached,0.01022932,-0.00731507,0.02777371
hard|9|9|+0|stand,hard,9,9,0,stand,26880,6054,20826,0,0.22522321,0.22022935,0.23021707,0.00499386,0.005,ci_target_reached,-0.54955357,-0.55954148,-0.53956567
hard|9|9|+0|double,hard,9,9,0,double,35328,12558,18015,4755,0.35546875,0.35047739,0.36046011,0.00499136,0.005,ci_target_reached,-0.30893342,-0.3280659,-0.28980095
hard|9|9|-3|hit,hard,9,9,-3,hit,35072,12245,12528,10299,0.34913891,0.34414985,0.35412798,0.00498906,0.005,ci_target_reached,-0.00806911,-0.01686483,0.0007266
hard|9|9|-1|stand,hard,9,9,-1,stand,16128,1912,14216,0,0.11855159,0.11356254,0.12354064,0.00498905,0.005,ci_target_reached,-0.76289683,-0.77287524,-0.75291841
hard|9|9|-3|double,hard,9,9,-3,double,35328,12488,12609,10231,0.35348732,0.34850224,0.3584724,0.00498508,0.005,ci_target_reached,-0.00685009,-0.02442854,0.01072836
hard|9|9|-2|hit,hard,9,9,-2,hit,35328,12461,12743,10124,0.35272305,0.34774042,0.35770568,0.00498263,0.005,ci_target_reached,-0.00798234,-0.01678996,0.00082528
hard|9|9|-2|double,hard,9,9,-2,double,35328,12485,12552,10291,0.3534024,0.34841759,0.35838721,0.00498481,0.005,ci_target_reached,-0.00379303,-0.02135055,0.0137645
hard|9|9|+1|stand,hard,9,9,1,stand,24576,4847,19729,0,0.19722493,0.1922501,0.20219977,0.00497483,0.005,ci_target_reached,-0.60555013,-0.61549999,-0.59560027
hard|9|9|-1|hit,hard,9,9,-1,hit,34816,12063,12474,10279,0.34647863,0.34148019,0.35147707,0.00499844,0.005,ci_target_reached,-0.01180492,-0.02062253,-0.0029873
hard|9|9|-1|double,hard,9,9,-1,double,35328,12619,12750,9959,0.35719543,0.35219866,0.36219219,0.00499677,0.005,ci_target_reached,-0.00741621,-0.02508964,0.01025721
hard|9|9|+1|double,hard,9,9,1,double,31488,8942,19146,3400,0.2839812,0.2790005,0.2889619,0.0049807,0.005,ci_target_reached,-0.64811992,-0.66771783,-0.628522
hard|9|9|+2|stand,hard,9,9,2,stand,26368,5768,20600,0,0.21875,0.21376016,0.22373984,0.00498984,0.005,ci_target_reached,-0.5625,-0.57247987,-0.55252013
hard|9|9|+1|hit,hard,9,9,1,hit,36864,14703,15835,6326,0.3988444,0.39384578,0.40384302,0.00499862,0.005,ci_target_reached,-0.03070747,-0.03999355,-0.02142138
hard|9|9|+2|hit,hard,9,9,2,hit,37120,15097,16743,5280,0.40670797,0.40171076,0.41170519,0.00499721,0.005,ci_target_reached,-0.04434267,-0.05375381,-0.03493153
hard|9|9|+2|double,hard,9,9,2,double,29696,7767,19969,1960,0.26155038,0.25655181,0.26654894,0.00499856,0.005,ci_target_reached,-0.82179418,-0.84169271,-0.80189565
hard|9|9|+3|stand,hard,9,9,3,stand,26624,5884,20740,0,0.22100361,0.2160195,0.22598771,0.0049841,0.005,ci_target_reached,-0.55799279,-0.56796118,-0.5480244
hard|9|9|+3|double,hard,9,9,3,double,29696,7719,20335,1642,0.259934,0.25494545,0.26492254,0.00498854,0.005,ci_target_reached,-0.84967672,-0.86956299,-0.82979046
hard|9|9|+3|hit,hard,9,9,3,hit,37376,15328,17049,4999,0.41010274,0.40511626,0.41508922,0.00498648,0.005,ci_target_reached,-0.04604559,-0.05547002,-0.03662116
hard|9|9|+4|stand,hard,9,9,4,stand,26368,5763,20605,0,0.21856038,0.2135721,0.22354866,0.00498828,0.005,ci_target_reached,-0.56287925,-0.572856,-0.5529025
hard|9|9|+4|hit,hard,9,9,4,hit,37376,15380,16932,5064,0.41149401,0.40650497,0.41648305,0.00498904,0.005,ci_target_reached,-0.04152397,-0.05094108,-0.03210687
hard|9|9|+4|double,hard,9,9,4,double,29440,7548,20246,1646,0.25638587,0.25139808,0.26137366,0.00498779,0.005,ci_target_reached,-0.86263587,-0.8825277,-0.84274404
hard|9|9|+5|stand,hard,9,9,5,stand,26368,5777,20591,0,0.21909132,0.21409868,0.22408396,0.00499264,0.005,ci_target_reached,-0.56181735,-0.57180282,-0.55183189
hard|9|9|+5|hit,hard,9,9,5,hit,37120,15017,17009,5094,0.4045528,0.3995598,0.4095458,0.004993,0.005,ci_target_reached,-0.05366379,-0.06309743,-0.04423015
hard|9|9|+5|double,hard,9,9,5,double,29440,7533,20257,1650,0.25587636,0.25089182,0.2608609,0.00498454,0.005,ci_target_reached,-0.86440217,-0.88428221,-0.84452213
hard|9|9|+6|stand,hard,9,9,6,stand,26880,6018,20862,0,0.22388393,0.21890064,0.22886722,0.00498329,0.005,ci_target_reached,-0.55223214,-0.56219891,-0.54226538
hard|9|9|+6|double,hard,9,9,6,double,29440,7531,20236,1673,0.25580842,0.25082432,0.26079253,0.0049841,0.005,ci_target_reached,-0.86311141,-0.88298851,-0.84323431
hard|9|9|+6|hit,hard,9,9,6,hit,37376,15425,16917,5034,0.41269799,0.40770677,0.41768921,0.00499122,0.005,ci_target_reached,-0.03991866,-0.04934086,-0.03049647
hard|9|9|+7|stand,hard,9,9,7,stand,26880,5991,20889,0,0.22287946,0.21790415,0.22785478,0.00497532,0.005,ci_target_reached,-0.55424107,-0.56419189,-0.54429025
hard|9|9|+7|double,hard,9,9,7,double,29440,7533,20177,1730,0.25587636,0.25089182,0.2608609,0.00498454,0.005,ci_target_reached,-0.85896739,-0.8788425,-0.83909229
hard|9|9|+7|hit,hard,9,9,7,hit,37120,15123,16932,5065,0.40740841,0.40240985,0.41240696,0.00499856,0.005,ci_target_reached,-0.04873384,-0.05817453,-0.03929314
hard|9|9|+8|stand,hard,9,9,8,stand,26880,6021,20859,0,0.22399554,0.21901136,0.22897971,0.00498417,0.005,ci_target_reached,-0.55200893,-0.56197746,-0.54204039
hard|9|9|+8|double,hard,9,9,8,double,29440,7515,20263,1662,0.25526495,0.25028432,0.26024557,0.00498062,0.005,ci_target_reached,-0.86603261,-0.88589803,-0.84616719
hard|9|10|-10|stand,hard,9,10,-10,stand,2304,31,2273,0,0.01345486,0.00875037,0.01815936,0.00470449,0.005,ci_target_reached,-0.97309028,-0.98250131,-0.96367925
hard|9|9|+8|hit,hard,9,9,8,hit,37120,15082,17059,4979,0.40630388,0.40130745,0.41130031,0.00499643,0.005,ci_target_reached,-0.0532597,-0.06271055,-0.04380884
hard|9|9|+9|stand,hard,9,9,9,stand,26880,6035,20845,0,0.22451637,0.21952808,0.22950466,0.00498829,0.005,ci_target_reached,-0.55096726,-0.56094403,-0.54099049
hard|9|10|-9|stand,hard,9,10,-9,stand,2560,41,2519,0,0.01601562,0.01115265,0.0208786,0.00486298,0.005,ci_target_reached,-0.96796875,-0.9776966,-0.9582409
hard|9|9|+9|double,hard,9,9,9,double,29440,7525,20266,1649,0.25560462,0.25062182,0.26058742,0.0049828,0.005,ci_target_reached,-0.86555707,-0.88543099,-0.84568314
hard|9|9|+9|hit,hard,9,9,9,hit,37120,15153,16960,5007,0.40821659,0.40321649,0.4132167,0.0050001,0.005,ci_target_reached,-0.04867996,-0.05812924,-0.03923068
hard|9|10|-8|stand,hard,9,10,-8,stand,2560,42,2518,0,0.01640625,0.0114853,0.0213272,0.00492095,0.005,ci_target_reached,-0.9671875,-0.97703132,-0.95734368
hard|9|9|+10|stand,hard,9,9,10,stand,26368,5793,20575,0,0.21969812,0.21470051,0.22469572,0.00499761,0.005,ci_target_reached,-0.56060376,-0.57059916,-0.55060836
hard|9|10|-10|hit,hard,9,10,-10,hit,24320,4760,15778,3782,0.19572368,0.19073715,0.20071022,0.00498653,0.005,ci_target_reached,-0.45304276,-0.4630916,-0.44299392
hard|9|9|+10|double,hard,9,9,10,double,29440,7526,20235,1679,0.25563859,0.25065557,0.2606216,0.00498302,0.005,ci_target_reached,-0.86338315,-0.88325604,-0.84351027
hard|9|10|-7|stand,hard,9,10,-7,stand,2048,22,2026,0,0.01074219,0.00627749,0.01520689,0.0044647,0.005,ci_target_reached,-0.97851562,-0.9874472,-0.96958405
hard|9|9|+10|hit,hard,9,9,10,hit,37120,15051,16991,5078,0.40546875,0.40047395,0.41046355,0.0049948,0.005,ci_target_reached,-0.05226293,-0.06169975,-0.04282611
hard|9|10|-6|stand,hard,9,10,-6,stand,2816,51,2765,0,0.0181108,0.01318542,0.02303618,0.00492538,0.005,ci_target_reached,-0.96377841,-0.97363092,-0.9539259
hard|9|10|-10|double,hard,9,10,-10,double,24320,4787,15875,3658,0.19683388,0.19183668,0.20183108,0.0049972,0.005,ci_target_reached,-0.91184211,-0.93197877,-0.89170544
hard|9|10|-9|hit,hard,9,10,-9,hit,24576,4890,15846,3840,0.19897461,0.19398321,0.20396601,0.0049914,0.005,ci_target_reached,-0.44580078,-0.45584215,-0.43575941
hard|9|10|-5|stand,hard,9,10,-5,stand,2304,31,2273,0,0.01345486,0.00875037,0.01815936,0.00470449,0.005,ci_target_reached,-0.97309028,-0.98250131,-0.96367925
hard|9|10|-9|double,hard,9,10,-9,double,24576,4866,15998,3712,0.19799805,0.19301588,0.20298022,0.00498217,0.005,ci_target_reached,-0.90592448,-0.9259881,-0.88586086
hard|9|10|-8|hit,hard,9,10,-8,hit,25344,5224,16210,3910,0.20612374,0.2011434,0.21110408,0.00498034,0.005,ci_target_reached,-0.43347538,-0.44346114,-0.42348962
hard|9|10|-4|stand,hard,9,10,-4,stand,1536,14,1522,0,0.00911458,0.00436188,0.01386729,0.0047527,0.005,ci_target_reached,-0.98177083,-0.99127933,-0.97226233
hard|9|10|-8|double,hard,9,10,-8,double,24320,4764,15913,3643,0.19588816,0.19090004,0.20087627,0.00498812,0.005,ci_target_reached,-0.91685855,-0.9369689,-0.89674821
hard|9|10|-7|hit,hard,9,10,-7,hit,24320,4785,15680,3855,0.19675164,0.19175523,0.20174806,0.00499641,0.005,ci_target_reached,-0.4479852,-0.45804626,-0.43792414
hard|9|10|-3|stand,hard,9,10,-3,stand,3328,66,3262,0,0.01983173,0.01509482,0.02456864,0.00473691,0.005,ci_target_reached,-0.96033654,-0.96981178,-0.9508613
hard|9|10|-7|double,hard,9,10,-7,double,24320,4759,15928,3633,0.19568257,0.19069643,0.2006687,0.00498614,0.005,ci_target_reached,-0.91850329,-0.93860824,-0.89839834
hard|9|10|-6|hit,hard,9,10,-6,hit,25088,5101,16128,3859,0.2033243,0.19834396,0.20830463,0.00498033,0.005,ci_target_reached,-0.43953284,-0.44953252,-0.42953317
hard|9|10|-2|stand,hard,9,10,-2,stand,2304,32,2272,0,0.01388889,0.00911017,0.01866761,0.00477872,0.005,ci_target_reached,-0.97222222,-0.98178174,-0.96266271
hard|9|10|-6|double,hard,9,10,-6,double,24576,4861,15949,3766,0.1977946,0.19281435,0.20277484,0.00498024,0.005,ci_target_reached,-0.90234375,-0.92239835,-0.88228915
hard|9|10|-5|hit,hard,9,10,-5,hit,24320,4780,15842,3698,0.19654605,0.19155161,0.20154049,0.00499444,0.005,ci_target_reached,-0.45485197,-0.46491504,-0.4447889
hard|9|10|-1|stand,hard,9,10,-1,stand,3072,61,3011,0,0.01985677,0.01492339,0.02479015,0.00493338,0.005,ci_target_reached,-0.96028646,-0.97015482,-0.95041809
hard|9|10|-5|double,hard,9,10,-5,double,24320,4767,15718,3835,0.19601151,0.19102221,0.20100082,0.0049893,0.005,ci_target_reached,-0.90057566,-0.9206782,-0.88047311
hard|9|10|+0|hit,hard,9,10,0,hit,34304,11482,19103,3719,0.33471315,0.32971943,0.33970688,0.00499372,0.005,ci_target_reached,-0.22216068,-0.23187262,-0.21244875
hard|9|10|+0|stand,hard,9,10,0,stand,25856,5517,20339,0,0.21337407,0.20838028,0.21836786,0.00499379,0.005,ci_target_reached,-0.57325186,-0.58323963,-0.56326408
hard|9|10|+0|double,hard,9,10,0,double,33280,10429,20242,2609,0.31337139,0.30838766,0.31835513,0.00498374,0.005,ci_target_reached,-0.58972356,-0.60935517,-0.57009194
hard|9|10|-4|hit,hard,9,10,-4,hit,24576,4876,15869,3831,0.19840495,0.19341893,0.20339097,0.00498602,0.005,ci_target_reached,-0.44730632,-0.45734007,-0.43727256
hard|9|10|-4|double,hard,9,10,-4,double,24832,4977,16004,3851,0.20042687,0.19544769,0.20540604,0.00497917,0.005,ci_target_reached,-0.88812822,-0.90814915,-0.86810729
hard|9|10|-3|hit,hard,9,10,-3,hit,25088,5100,15999,3989,0.20328444,0.19830447,0.20826441,0.00497997,0.005,ci_target_reached,-0.4344308,-0.44442494,-0.42443667
hard|9|10|-3|double,hard,9,10,-3,double,24320,4783,15864,3673,0.19666941,0.19167378,0.20166503,0.00499563,0.005,ci_target_reached,-0.91126645,-0.93139755,-0.89113534
hard|9|10|-2|hit,hard,9,10,-2,hit,24576,4911,15877,3788,0.1998291,0.19482966,0.20482854,0.00499944,0.005,ci_target_reached,-0.44620768,-0.45626269,-0.43615267
hard|9|10|-2|double,hard,9,10,-2,double,24320,4772,15790,3758,0.19621711,0.19122582,0.20120839,0.00499128,0.005,ci_target_reached,-0.90608553,-0.92619872,-0.88597234
hard|9|10|-1|hit,hard,9,10,-1,hit,24832,4982,15867,3983,0.20062822,0.19564717,0.20560927,0.00498105,0.005,ci_target_reached,-0.43834568,-0.44835406,-0.4283373
hard|9|10|-1|double,hard,9,10,-1,double,24320,4787,15877,3656,0.19683388,0.19183668,0.20183108,0.0049972,0.005,ci_target_reached,-0.91200658,-0.93214336,-0.8918698
hard|9|10|+1|stand,hard,9,10,1,stand,24064,4623,19441,0,0.1921127,0.18713504,0.19709036,0.00497766,0.005,ci_target_reached,-0.6157746,-0.62573014,-0.60581907
hard|9|10|+1|double,hard,9,10,1,double,27392,6303,19453,1636,0.23010368,0.22511917,0.23508819,0.00498451,0.005,ci_target_reached,-0.96013435,-0.98008941,-0.94017928
hard|9|10|+2|stand,hard,9,10,2,stand,24832,5021,19811,0,0.20219878,0.19720319,0.20719437,0.00499559,0.005,ci_target_reached,-0.59560245,-0.60559383,-0.58561107
hard|9|10|+1|hit,hard,9,10,1,hit,36352,13716,17629,5007,0.37731074,0.3723279,0.38229358,0.00498284,0.005,ci_target_reached,-0.10764195,-0.11712351,-0.09816038
hard|9|10|+2|double,hard,9,10,2,double,27904,6592,19832,1480,0.23623853,0.23125454,0.24122252,0.00498399,0.005,ci_target_reached,-0.94896789,-0.96890567,-0.92903011
hard|9|10|+3|stand,hard,9,10,3,stand,24832,4982,19850,0,0.20062822,0.19564717,0.20560927,0.00498105,0.005,ci_target_reached,-0.59874356,-0.60870585,-0.58878126
hard|9|10|+2|hit,hard,9,10,2,hit,36608,14296,17542,4770,0.39051573,0.38551805,0.39551342,0.00499768,0.005,ci_target_reached,-0.08866914,-0.09817928,-0.079159
hard|9|10|+3|double,hard,9,10,3,double,27648,6481,19723,1444,0.23441117,0.2294176,0.23940474,0.00499357,0.005,ci_target_reached,-0.95789931,-0.9778813,-0.93791731
hard|9|10|+3|hit,hard,9,10,3,hit,36608,14146,17501,4961,0.38641827,0.38143019,0.39140635,0.00498808,0.005,ci_target_reached,-0.09164663,-0.10112497,-0.0821683
hard|9|10|+4|stand,hard,9,10,4,stand,24576,4851,19725,0,0.1973877,0.19241132,0.20236407,0.00497638,0.005,ci_target_reached,-0.60522461,-0.61517757,-0.59527165
hard|9|10|+4|hit,hard,9,10,4,hit,36608,14138,17632,4838,0.38619974,0.38121218,0.39118729,0.00498755,0.005,ci_target_reached,-0.09544362,-0.10493661,-0.08595062
hard|9|10|+4|double,hard,9,10,4,double,27392,6303,19579,1510,0.23010368,0.22511917,0.23508819,0.00498451,0.005,ci_target_reached,-0.96933411,-0.98929146,-0.94937676
hard|9|10|+5|stand,hard,9,10,5,stand,24832,4986,19846,0,0.2007893,0.19580676,0.20577185,0.00498254,0.005,ci_target_reached,-0.59842139,-0.60838668,-0.5884561
hard|9|10|+5|double,hard,9,10,5,double,27136,6175,19506,1455,0.22755749,0.22256908,0.23254589,0.00498841,0.005,ci_target_reached,-0.98253243,-1.00251391,-0.96255095
hard|9|10|+5|hit,hard,9,10,5,hit,36608,14138,17632,4838,0.38619974,0.38121218,0.39118729,0.00498755,0.005,ci_target_reached,-0.09544362,-0.10493661,-0.08595062
hard|9|10|+6|stand,hard,9,10,6,stand,24576,4848,19728,0,0.19726562,0.19229041,0.20224084,0.00497522,0.005,ci_target_reached,-0.60546875,-0.61541939,-0.59551811
hard|9|10|+6|hit,hard,9,10,6,hit,36352,13962,17381,5009,0.3840779,0.37907797,0.38907784,0.00499994,0.005,ci_target_reached,-0.0940526,-0.10354912,-0.08455607
hard|9|10|+6|double,hard,9,10,6,double,27648,6468,19691,1489,0.23394097,0.22895088,0.23893106,0.00499009,0.005,ci_target_reached,-0.95652488,-0.97649339,-0.93655638
hard|9|10|+7|stand,hard,9,10,7,stand,24576,4906,19670,0,0.19962565,0.19462812,0.20462318,0.00499753,0.005,ci_target_reached,-0.6007487,-0.61074396,-0.59075344
hard|9|10|+7|double,hard,9,10,7,double,27392,6317,19566,1509,0.23061478,0.2256264,0.23560316,0.00498838,0.005,ci_target_reached,-0.96736273,-0.987334,-0.94739146
hard|9|10|+7|hit,hard,9,10,7,hit,36608,14306,17404,4898,0.3907889,0.38579059,0.39578721,0.00499831,0.005,ci_target_reached,-0.08462631,-0.09412101,-0.07513161
hard|9|10|+8|stand,hard,9,10,8,stand,25344,5207,20137,0,0.20545297,0.20047864,0.2104273,0.00497433,0.005,ci_target_reached,-0.58909407,-0.59904292,-0.57914521
hard|9|10|+8|double,hard,9,10,8,double,27392,6324,19504,1564,0.23087033,0.22588001,0.23586064,0.00499032,0.005,ci_target_reached,-0.96232477,-0.98230197,-0.94234756
hard|9|10|+8|hit,hard,9,10,8,hit,36608,14201,17495,4912,0.38792067,0.38292903,0.39291231,0.00499164,0.005,ci_target_reached,-0.08998033,-0.09946775,-0.08049291
hard|9|10|+9|stand,hard,9,10,9,stand,24320,4736,19584,0,0.19473684,0.18975985,0.19971384,0.004977,0.005,ci_target_reached,-0.61052632,-0.62048051,-0.60057212
hard|9|10|+9|double,hard,9,10,9,double,27392,6335,19598,1459,0.2312719,0.22627855,0.23626525,0.00499335,0.005,ci_target_reached,-0.96838493,-0.98837488,-0.94839498
hard|10|A|-10|stand,hard,10,A,-10,stand,8192,460,7732,0,0.05615234,0.05116699,0.0611377,0.00498535,0.005,ci_target_reached,-0.88769531,-0.89766663,-0.877724
hard|9|10|+9|hit,hard,9,10,9,hit,36352,13936,17590,4826,0.38336268,0.3783645,0.38836085,0.00499818,0.005,ci_target_reached,-0.10051717,-0.11003468,-0.09099965
hard|9|10|+10|stand,hard,9,10,10,stand,24832,4977,19855,0,0.20042687,0.19544769,0.20540604,0.00497917,0.005,ci_target_reached,-0.59914626,-0.60910481,-0.58918771
hard|10|A|-9|stand,hard,10,A,-9,stand,7680,401,7279,0,0.05221354,0.04723821,0.05718888,0.00497533,0.005,ci_target_reached,-0.89557292,-0.90552423,-0.8856216
hard|9|10|+10|double,hard,9,10,10,double,27648,6489,19757,1402,0.23470052,0.22970481,0.23969623,0.00499571,0.005,ci_target_reached,-0.95978009,-0.97977068,-0.93978951
hard|10|A|-8|stand,hard,10,A,-8,stand,7936,428,7508,0,0.05393145,0.04896167,0.05890124,0.00496978,0.005,ci_target_reached,-0.8921371,-0.90207729,-0.8821969
hard|9|10|+10|hit,hard,9,10,10,hit,36608,14118,17598,4892,0.38565341,0.38066717,0.39063965,0.00498624,0.005,ci_target_reached,-0.09506119,-0.10454643,-0.08557595
hard|10|A|-10|hit,hard,10,A,-10,hit,29440,7581,18600,3259,0.25750679,0.25251188,0.2625017,0.00499491,0.005,ci_target_reached,-0.37428668,-0.38417441,-0.36439896
hard|10|A|-7|stand,hard,10,A,-7,stand,7424,374,7050,0,0.05037716,0.04540174,0.05535257,0.00497542,0.005,ci_target_reached,-0.89924569,-0.90919719,-0.88929419
hard|10|A|-10|double,hard,10,A,-10,double,29440,7511,18608,3321,0.25512908,0.25014932,0.26010883,0.00497975,0.005,ci_target_reached,-0.75387228,-0.77359359,-0.73415097
hard|10|A|-9|hit,hard,10,A,-9,hit,29440,7506,18606,3328,0.25495924,0.24998058,0.2599379,0.00497866,0.005,ci_target_reached,-0.37703804,-0.38689662,-0.36717947
hard|10|A|-9|double,hard,10,A,-9,double,28928,7205,18425,3298,0.24906665,0.24408291,0.25405039,0.00498374,0.005,ci_target_reached,-0.77571903,-0.79548612,-0.75595193
hard|10|A|-6|stand,hard,10,A,-6,stand,7424,373,7051,0,0.05024246,0.04527334,0.05521157,0.00496911,0.005,ci_target_reached,-0.89951509,-0.90945398,-0.88957619
hard|10|A|-8|hit,hard,10,A,-8,hit,29440,7505,18703,3232,0.25492527,0.24994683,0.25990371,0.00497844,0.005,ci_target_reached,-0.38036685,-0.39023031,-0.37050338
hard|10|A|-5|stand,hard,10,A,-5,stand,7680,402,7278,0,0.05234375,0.04736256,0.05732494,0.00498119,0.005,ci_target_reached,-0.8953125,-0.90527553,-0.88534947
hard|10|A|-8|double,hard,10,A,-8,double,29440,7516,18805,3119,0.25529891,0.25031807,0.26027975,0.00498084,0.005,ci_target_reached,-0.76691576,-0.78666223,-0.74716929
hard|10|A|-7|hit,hard,10,A,-7,hit,29696,7691,18715,3290,0.25899111,0.25400845,0.26397377,0.00498266,0.005,ci_target_reached,-0.37122845,-0.38108784,-0.36136906
hard|10|A|-7|double,hard,10,A,-7,double,29440,7578,18629,3233,0.25740489,0.25241063,0.26239916,0.00499427,0.005,ci_target_reached,-0.75074728,-0.77052363,-0.73097094
hard|10|A|-4|stand,hard,10,A,-4,stand,7680,392,7288,0,0.05104167,0.04611944,0.05596389,0.00492222,0.005,ci_target_reached,-0.89791667,-0.90776176,-0.88807158
hard|10|A|-6|hit,hard,10,A,-6,hit,29184,7415,18456,3313,0.25407758,0.24908283,0.25907233,0.00499475,0.005,ci_target_reached,-0.37832374,-0.38821582,-0.36843166
hard|10|A|-3|stand,hard,10,A,-3,stand,7168,336,6832,0,0.046875,0.04198169,0.05176831,0.00489331,0.005,ci_target_reached,-0.90625,-0.9160373,-0.8964627
hard|10|A|-6|double,hard,10,A,-6,double,29440,7569,18531,3340,0.25709918,0.25210686,0.26209151,0.00499233,0.005,ci_target_reached,-0.74470109,-0.76445929,-0.72494288
hard|10|A|-5|hit,hard,10,A,-5,hit,29440,7510,18561,3369,0.25509511,0.25011558,0.26007464,0.00497953,0.005,ci_target_reached,-0.37537364,-0.38523129,-0.365516
hard|10|A|-5|double,hard,10,A,-5,double,29440,7514,18711,3215,0.25523098,0.25025057,0.26021138,0.00498041,0.005,ci_target_reached,-0.76066576,-0.78040067,-0.74093085
hard|10|A|-2|stand,hard,10,A,-2,stand,7424,362,7062,0,0.04876078,0.04386166,0.05365989,0.00489911,0.005,ci_target_reached,-0.90247845,-0.91227733,-0.89267957
hard|10|A|-4|hit,hard,10,A,-4,hit,29440,7593,18580,3267,0.2579144,0.25291691,0.26291189,0.00499749,0.005,ci_target_reached,-0.37319973,-0.38309102,-0.36330844
hard|10|A|+0|hit,hard,10,A,0,hit,33792,10952,19683,3157,0.32410038,0.31911004,0.32909072,0.00499034,0.005,ci_target_reached,-0.25837476,-0.26814597,-0.24860356
hard|10|A|+0|stand,hard,10,A,0,stand,15616,1772,13844,0,0.11347336,0.10849869,0.11844803,0.00497467,0.005,ci_target_reached,-0.77305328,-0.78300293,-0.76310363
hard|10|A|+0|double,hard,10,A,0,double,32768,10049,20188,2531,0.30667114,0.30167842,0.31166386,0.00499272,0.005,ci_target_reached,-0.61883545,-0.63852909,-0.59914181
hard|10|A|-1|stand,hard,10,A,-1,stand,7424,371,7053,0,0.04997306,0.04501658,0.05492954,0.00495648,0.005,ci_target_reached,-0.90005388,-0.9099675,-0.89014026
hard|10|A|-4|double,hard,10,A,-4,double,29184,7391,18441,3352,0.25325521,0.2482658,0.25824462,0.00498941,0.005,ci_target_reached,-0.75726425,-0.77702752,-0.73750099
hard|10|A|+1|stand,hard,10,A,1,stand,6656,299,6357,0,0.04492188,0.03994568,0.04989807,0.0049762,0.005,ci_target_reached,-0.91015625,-0.9201094,-0.9002031
hard|10|A|-3|hit,hard,10,A,-3,hit,29440,7553,18510,3377,0.25655571,0.25156684,0.26154458,0.00498887,0.005,ci_target_reached,-0.37218071,-0.38205234,-0.36230907
hard|10|A|-3|double,hard,10,A,-3,double,29440,7548,18659,3233,0.25638587,0.25139808,0.26137366,0.00498779,0.005,ci_target_reached,-0.75482337,-0.77457946,-0.73506728
hard|10|A|-2|hit,hard,10,A,-2,hit,29440,7528,18640,3272,0.25570652,0.25072307,0.26068997,0.00498345,0.005,ci_target_reached,-0.37744565,-0.38731477,-0.36757653
hard|10|A|+2|stand,hard,10,A,2,stand,6912,314,6598,0,0.04542824,0.04051892,0.05033756,0.00490932,0.005,ci_target_reached,-0.90914352,-0.91896287,-0.89932417
hard|10|A|-2|double,hard,10,A,-2,double,29184,7404,18501,3279,0.25370066,0.24870835,0.25869296,0.0049923,0.005,ci_target_reached,-0.7604852,-0.7802655,-0.7407049
hard|10|A|+1|double,hard,10,A,1,double,18176,2483,14195,1498,0.13660871,0.13161585,0.14160158,0.00499287,0.005,ci_target_reached,-1.28873239,-1.30934169,-1.2681231
hard|10|A|-1|hit,hard,10,A,-1,hit,29440,7524,18660,3256,0.25557065,0.25058807,0.26055323,0.00498258,0.005,ci_target_reached,-0.37826087,-0.38812951,-0.36839223
hard|10|A|+3|stand,hard,10,A,3,stand,6912,323,6589,0,0.04673032,0.04175454,0.05170611,0.00497578,0.005,ci_target_reached,-0.90653935,-0.91649164,-0.89658706
hard|10|A|-1|double,hard,10,A,-1,double,29696,7720,18693,3283,0.25996767,0.25497892,0.26495643,0.00498875,0.005,ci_target_reached,-0.73902209,-0.75876065,-0.71928354
hard|10|A|+2|double,hard,10,A,2,double,17664,2336,13838,1490,0.13224638,0.12725062,0.13724214,0.00499576,0.005,ci_target_reached,-1.30230978,-1.32299117,-1.2816284
hard|10|A|+4|stand,hard,10,A,4,stand,7680,395,7285,0,0.05143229,0.04649228,0.0563723,0.00494001,0.005,ci_target_reached,-0.89713542,-0.90701607,-0.88725476
hard|10|A|+1|hit,hard,10,A,1,hit,32768,9981,17578,5209,0.30459595,0.29961271,0.30957919,0.00498324,0.005,ci_target_reached,-0.23184204,-0.24144938,-0.2222347
hard|10|A|+5|stand,hard,10,A,5,stand,6912,314,6598,0,0.04542824,0.04051892,0.05033756,0.00490932,0.005,ci_target_reached,-0.90914352,-0.91896287,-0.89932417
hard|10|A|+3|double,hard,10,A,3,double,18176,2482,14192,1502,0.1365537,0.13156168,0.14154572,0.00499202,0.005,ci_target_reached,-1.28851232,-1.30912002,-1.26790463
hard|10|A|+6|stand,hard,10,A,6,stand,6400,276,6124,0,0.043125,0.03814811,0.04810189,0.00497689,0.005,ci_target_reached,-0.91375,-0.92370456,-0.90379544
hard|10|A|+2|hit,hard,10,A,2,hit,32512,9802,17575,5135,0.30148868,0.29650034,0.30647703,0.00498834,0.005,ci_target_reached,-0.23908095,-0.24871143,-0.22945048
hard|10|A|+4|double,hard,10,A,4,double,17920,2398,14029,1493,0.13381696,0.12883217,0.13880176,0.0049848,0.005,ci_target_reached,-1.29810268,-1.31871443,-1.27749093
hard|10|A|+3|hit,hard,10,A,3,hit,32512,9843,17543,5126,0.30274975,0.2977555,0.30774401,0.00499425,0.005,ci_target_reached,-0.23683563,-0.24647435,-0.22719691
hard|10|A|+5|double,hard,10,A,5,double,17664,2340,13875,1449,0.13247283,0.12747344,0.13747221,0.00499938,0.005,ci_target_reached,-1.3060462,-1.32672515,-1.28536724
hard|10|A|+7|stand,hard,10,A,7,stand,6400,270,6130,0,0.0421875,0.03726259,0.04711241,0.00492491,0.005,ci_target_reached,-0.915625,-0.92547559,-0.90577441
hard|10|A|+4|hit,hard,10,A,4,hit,32768,10005,17625,5138,0.30532837,0.30034177,0.31031497,0.0049866,0.005,ci_target_reached,-0.23254395,-0.24216251,-0.22292538
hard|10|A|+8|stand,hard,10,A,8,stand,7168,340,6828,0,0.04743304,0.04251213,0.05235394,0.00492091,0.005,ci_target_reached,-0.90513393,-0.91497643,-0.89529142
hard|10|A|+6|double,hard,10,A,6,double,18176,2480,14230,1466,0.13644366,0.13145334,0.14143399,0.00499033,0.005,ci_target_reached,-1.29291373,-1.31350378,-1.27232368
hard|10|A|+5|hit,hard,10,A,5,hit,33024,10191,17640,5193,0.30859375,0.30361178,0.31357572,0.00498197,0.005,ci_target_reached,-0.22556323,-0.23516111,-0.21596535
hard|10|A|+7|double,hard,10,A,7,double,17920,2398,14091,1431,0.13381696,0.12883217,0.13880176,0.0049848,0.005,ci_target_reached,-1.30502232,-1.32561236,-1.28443229
hard|10|A|+9|stand,hard,10,A,9,stand,6912,315,6597,0,0.04557292,0.04065616,0.05048968,0.00491676,0.005,ci_target_reached,-0.90885417,-0.9186884,-0.89901994
hard|10|A|+10|stand,hard,10,A,10,stand,6656,290,6366,0,0.04356971,0.03866551,0.04847391,0.0049042,0.005,ci_target_reached,-0.91286058,-0.92266972,-0.90305143
hard|10|A|+8|double,hard,10,A,8,double,18432,2540,14433,1459,0.13780382,0.13282755,0.14278008,0.00497627,0.005,ci_target_reached,-1.29047309,-1.31098227,-1.26996391
hard|10|A|+6|hit,hard,10,A,6,hit,32768,9990,17627,5151,0.30487061,0.2998861,0.30985511,0.0049845,0.005,ci_target_reached,-0.23306274,-0.24267742,-0.22344807
hard|10|A|+7|hit,hard,10,A,7,hit,32768,10017,17530,5221,0.30569458,0.30070631,0.31068285,0.00498827,0.005,ci_target_reached,-0.22927856,-0.23889088,-0.21966625
hard|10|A|+9|double,hard,10,A,9,double,18176,2455,14240,1481,0.13506822,0.13009916,0.14003728,0.00496906,0.005,ci_target_reached,-1.29676496,-1.31728676,-1.27624316
hard|10|A|+8|hit,hard,10,A,8,hit,32512,9818,17521,5173,0.30198081,0.29699015,0.30697146,0.00499066,0.005,ci_target_reached,-0.2369279,-0.2465575,-0.22729831
hard|10|A|+10|double,hard,10,A,10,double,18432,2551,14437,1444,0.13840061,0.1334153,0.14338591,0.0049853,0.005,ci_target_reached,-1.28971354,-1.3102492,-1.26917788
hard|10|A|+9|hit,hard,10,A,9,hit,32768,9988,17616,5164,0.30480957,0.29982535,0.30979379,0.00498422,0.005,ci_target_reached,-0.23278809,-0.24240112,-0.22317505
hard|10|A|+10|hit,hard,10,A,10,hit,32768,9991,17659,5118,0.30490112,0.29991648,0.30988576,0.00498464,0.005,ci_target_reached,-0.23400879,-0.24362691,-0.22439067
hard|10|2|-10|stand,hard,10,2,-10,stand,36352,13962,22390,0,0.3840779,0.37907797,0.38907784,0.00499994,0.005,ci_target_reached,-0.23184419,-0.2418442,-0.22184418
hard|10|2|-10|hit,hard,10,2,-10,hit,37376,21930,10124,5322,0.58674015,0.58174793,0.59173238,0.00499223,0.005,ci_target_reached,0.31587115,0.30704538,0.32469692
hard|10|2|-10|double,hard,10,2,-10,double,37632,21835,10321,5476,0.58022428,0.57523791,0.58521064,0.00498636,0.005,ci_target_reached,0.61192602,0.5942994,0.62955264
hard|10|2|-9|stand,hard,10,2,-9,stand,36608,14280,22328,0,0.39007867,0.385082,0.39507535,0.00499667,0.005,ci_target_reached,-0.21984266,-0.22983614,-0.20984917
hard|10|2|-9|hit,hard,10,2,-9,hit,37632,21786,10392,5454,0.57892219,0.57393371,0.58391068,0.00498849,0.005,ci_target_reached,0.30277423,0.29394631,0.31160216
hard|10|2|-9|double,hard,10,2,-9,double,37632,21686,10503,5443,0.57626488,0.57127218,0.58125758,0.0049927,0.005,ci_target_reached,0.59433461,0.57663653,0.61203269
hard|10|2|-8|hit,hard,10,2,-8,hit,37632,21758,10389,5485,0.57817815,0.57318847,0.58316783,0.00498968,0.005,ci_target_reached,0.30210991,0.29328442,0.31093539
hard|10|2|-8|stand,hard,10,2,-8,stand,36608,14276,22332,0,0.38996941,0.38497298,0.39496583,0.00499642,0.005,ci_target_reached,-0.22006119,-0.23005417,-0.21006821
hard|10|2|-8|double,hard,10,2,-8,double,37632,21801,10450,5381,0.57932079,0.57433295,0.58430863,0.00498784,0.005,ci_target_reached,0.60326318,0.58557694,0.62094942
hard|10|2|-7|stand,hard,10,2,-7,stand,36608,14240,22368,0,0.38898601,0.38399187,0.39398015,0.00499414,0.005,ci_target_reached,-0.22202797,-0.23201639,-0.21203956
hard|10|2|-7|hit,hard,10,2,-7,hit,37632,21620,10505,5507,0.57451105,0.56951565,0.57950646,0.00499541,0.005,ci_target_reached,0.29536033,0.28651493,0.30420574
hard|10|2|-7|double,hard,10,2,-7,double,37632,21747,10431,5454,0.57788584,0.57289569,0.58287599,0.00499015,0.005,ci_target_reached,0.60140306,0.58373275,0.61907337
hard|10|2|-6|stand,hard,10,2,-6,stand,36608,14158,22450,0,0.38674607,0.38175721,0.39173493,0.00498886,0.005,ci_target_reached,-0.22650787,-0.23648572,-0.21653001
hard|10|2|-6|hit,hard,10,2,-6,hit,37632,21851,10348,5433,0.58064945,0.57566378,0.58563511,0.00498566,0.005,ci_target_reached,0.30567071,0.29684975,0.31449167
hard|10|2|-6|double,hard,10,2,-6,double,37632,21879,10279,5474,0.58139349,0.57640907,0.58637792,0.00498443,0.005,ci_target_reached,0.6164966,0.59888563,0.63410757
hard|10|2|-5|hit,hard,10,2,-5,hit,37632,21616,10581,5435,0.57440476,0.56940919,0.57940033,0.00499557,0.005,ci_target_reached,0.29323448,0.28437083,0.30209813
hard|10|2|-5|stand,hard,10,2,-5,stand,36608,14244,22364,0,0.38909528,0.38410089,0.39408967,0.00499439,0.005,ci_target_reached,-0.22180944,-0.23179836,-0.21182052
hard|10|2|-5|double,hard,10,2,-5,double,37632,21808,10456,5368,0.5795068,0.57451927,0.58449434,0.00498754,0.005,ci_target_reached,0.60331633,0.58562628,0.62100637
hard|10|2|-4|stand,hard,10,2,-4,stand,36608,14183,22425,0,0.38742898,0.3824385,0.39241946,0.00499048,0.005,ci_target_reached,-0.22514205,-0.23512314,-0.21516095
hard|10|2|-4|hit,hard,10,2,-4,hit,37632,21767,10327,5538,0.5784173,0.57342801,0.5834066,0.0049893,0.005,ci_target_reached,0.3039966,0.29518588,0.31280731
hard|10|2|-4|double,hard,10,2,-4,double,37376,21845,10176,5355,0.58446597,0.57946974,0.5894622,0.00499623,0.005,ci_target_reached,0.62441139,0.60674332,0.64207945
hard|10|2|-3|stand,hard,10,2,-3,stand,36608,14330,22278,0,0.39144449,0.38644469,0.3964443,0.00499981,0.005,ci_target_reached,-0.21711101,-0.22711077,-0.20711126
hard|10|2|+0|hit,hard,10,2,0,hit,38144,21106,13840,3198,0.55332424,0.54833507,0.55831342,0.00498918,0.005,ci_target_reached,0.19048867,0.18107501,0.19990234
hard|10|2|-3|hit,hard,10,2,-3,hit,37632,21606,10534,5492,0.57413903,0.56914306,0.579135,0.00499597,0.005,ci_target_reached,0.29421769,0.2853661,0.30306928
hard|10|2|+0|stand,hard,10,2,0,stand,35328,12533,22795,0,0.3547611,0.34977197,0.35975023,0.00498913,0.005,ci_target_reached,-0.29047781,-0.30045621,-0.28049941
hard|10|2|+0|double,hard,10,2,0,double,38144,21310,13889,2945,0.5586724,0.55368927,0.56365553,0.00498313,0.005,ci_target_reached,0.38910445,0.37022297,0.40798593
hard|10|2|-3|double,hard,10,2,-3,double,37632,21798,10558,5276,0.57924107,0.5742531,0.58422904,0.00498797,0.005,ci_target_reached,0.59736395,0.57962513,0.61510276
hard|10|2|-2|hit,hard,10,2,-2,hit,37632,21720,10502,5410,0.57716837,0.57217708,0.58215965,0.00499129,0.005,ci_target_reached,0.29809736,0.28924646,0.30694827
hard|10|2|-2|stand,hard,10,2,-2,stand,36608,14240,22368,0,0.38898601,0.38399187,0.39398015,0.00499414,0.005,ci_target_reached,-0.22202797,-0.23201639,-0.21203956
hard|10|2|-2|double,hard,10,2,-2,double,37632,21748,10585,5299,0.57791241,0.57292231,0.58290252,0.00499011,0.005,ci_target_reached,0.59327168,0.57552588,0.61101749
hard|10|2|-1|stand,hard,10,2,-1,stand,36608,14106,22502,0,0.38532561,0.38034016,0.39031106,0.00498545,0.005,ci_target_reached,-0.22934878,-0.23931982,-0.21937774
hard|10|2|-1|hit,hard,10,2,-1,hit,37632,21774,10361,5497,0.57860332,0.57361432,0.58359232,0.004989,0.005,ci_target_reached,0.30327912,0.29445958,0.31209867
hard|10|2|+1|stand,hard,10,2,1,stand,31744,9195,22549,0,0.28966104,0.28467101,0.29465107,0.00499003,0.005,ci_target_reached,-0.42067792,-0.43065814,-0.41069771
hard|10|2|-1|double,hard,10,2,-1,double,37632,21861,10459,5312,0.58091518,0.57592995,0.5859004,0.00498522,0.005,ci_target_reached,0.60597364,0.58827569,0.62367159
hard|10|2|+2|stand,hard,10,2,2,stand,28416,6902,21514,0,0.24289133,0.23790524,0.24787741,0.00498609,0.005,ci_target_reached,-0.51421734,-0.52418969,-0.504245
hard|10|2|+1|hit,hard,10,2,1,hit,37888,16366,17540,3982,0.43195735,0.42696947,0.43694523,0.00498788,0.005,ci_target_reached,-0.03098606,-0.04050669,-0.02146544
hard|10|2|+2|hit,hard,10,2,2,hit,35328,12510,19841,2977,0.35411005,0.34912299,0.35909712,0.00498706,0.005,ci_target_reached,-0.20751245,-0.217254,-0.19777091
hard|10|2|+1|double,hard,10,2,1,double,37376,15435,18350,3591,0.41296554,0.40797384,0.41795724,0.0049917,0.005,ci_target_reached,-0.15598245,-0.17519543,-0.13676946
hard|10|2|+2|double,hard,10,2,2,double,34048,11197,20286,2565,0.32885926,0.32386901,0.33384951,0.00499025,0.005,ci_target_reached,-0.53389333,-0.55351898,-0.51426767
hard|10|2|+3|stand,hard,10,2,3,stand,27648,6439,21209,0,0.23289207,0.22790977,0.23787437,0.0049823,0.005,ci_target_reached,-0.53421586,-0.54418063,-0.52425108
hard|10|2|+3|hit,hard,10,2,3,hit,34048,11283,19947,2818,0.3313851,0.32638516,0.33638504,0.00499994,0.005,ci_target_reached,-0.25446429,-0.26427181,-0.24465676
hard|10|2|+4|stand,hard,10,2,4,stand,27392,6357,21035,0,0.23207506,0.22707566,0.23707446,0.0049994,0.005,ci_target_reached,-0.53584988,-0.54584886,-0.5258509
hard|10|2|+3|double,hard,10,2,3,double,33024,10325,20429,2270,0.31265141,0.30765152,0.31765129,0.00499988,0.005,ci_target_reached,-0.6119186,-0.63166143,-0.59217578
hard|10|2|+4|hit,hard,10,2,4,hit,34560,11707,20243,2610,0.33874421,0.33375434,0.34373409,0.00498988,0.005,ci_target_reached,-0.24699074,-0.2567879,-0.23719358
hard|10|2|+5|stand,hard,10,2,5,stand,27392,6282,21110,0,0.22933703,0.22435836,0.2343157,0.00497867,0.005,ci_target_reached,-0.54132593,-0.55128346,-0.53136841
hard|10|2|+4|double,hard,10,2,4,double,32768,10066,20497,2205,0.30718994,0.30219487,0.31218501,0.00499507,0.005,ci_target_reached,-0.63665771,-0.65640313,-0.6169123
hard|10|2|+5|hit,hard,10,2,5,hit,34560,11644,20183,2733,0.3369213,0.33193801,0.34190458,0.00498329,0.005,ci_target_reached,-0.24707755,-0.25685425,-0.23730084
hard|10|2|+5|double,hard,10,2,5,double,32768,10038,20483,2247,0.30633545,0.30134425,0.31132664,0.00499119,0.005,ci_target_reached,-0.63751221,-0.65723916,-0.61778525
hard|10|2|+6|stand,hard,10,2,6,stand,26880,6071,20809,0,0.22585565,0.22085683,0.23085448,0.00499882,0.005,ci_target_reached,-0.54828869,-0.55828653,-0.53829086
hard|10|2|+6|hit,hard,10,2,6,hit,34560,11677,20161,2722,0.33787616,0.33288941,0.34286291,0.00498675,0.005,ci_target_reached,-0.24548611,-0.25526908,-0.23570314
hard|10|2|+7|stand,hard,10,2,7,stand,27392,6338,21054,0,0.23138143,0.22638725,0.2363756,0.00499418,0.005,ci_target_reached,-0.53723715,-0.54722568,-0.52724861
hard|10|2|+6|double,hard,10,2,6,double,32768,9996,20605,2167,0.30505371,0.30006837,0.31003905,0.00498534,0.005,ci_target_reached,-0.64752197,-0.66723972,-0.62780422
hard|10|2|+7|hit,hard,10,2,7,hit,34560,11640,20094,2826,0.33680556,0.33182269,0.34178842,0.00498287,0.005,ci_target_reached,-0.24461806,-0.25438634,-0.23484978
hard|10|2|+7|double,hard,10,2,7,double,33024,10262,20506,2256,0.3107437,0.30575218,0.31573522,0.00499152,0.005,ci_target_reached,-0.62039729,-0.64011431,-0.60068026
hard|10|2|+8|stand,hard,10,2,8,stand,27648,6431,21217,0,0.23260272,0.22762258,0.23758286,0.00498014,0.005,ci_target_reached,-0.53479456,-0.54475502,-0.5248341
hard|10|2|+8|hit,hard,10,2,8,hit,34304,11399,20285,2620,0.33229361,0.32730893,0.33727829,0.00498468,0.005,ci_target_reached,-0.25903685,-0.26883084,-0.24924285
hard|10|2|+8|double,hard,10,2,8,double,32768,10065,20518,2185,0.30715942,0.30216449,0.31215436,0.00499493,0.005,ci_target_reached,-0.63800049,-0.65774807,-0.6182529
hard|10|2|+9|stand,hard,10,2,9,stand,27136,6154,20982,0,0.22678361,0.2218012,0.23176602,0.00498241,0.005,ci_target_reached,-0.54643278,-0.55639779,-0.53646778
hard|10|2|+9|hit,hard,10,2,9,hit,34304,11492,20030,2782,0.33500466,0.33000986,0.33999947,0.0049948,0.005,ci_target_reached,-0.24889226,-0.25868871,-0.23909581
hard|10|2|+10|stand,hard,10,2,10,stand,27392,6284,21108,0,0.22941005,0.22443082,0.23438928,0.00497923,0.005,ci_target_reached,-0.54117991,-0.55113855,-0.53122127
hard|10|2|+9|double,hard,10,2,9,double,33280,10457,20590,2233,0.31421274,0.30922538,0.3192001,0.00498736,0.005,ci_target_reached,-0.60895433,-0.62865093,-0.58925772
hard|10|2|+10|hit,hard,10,2,10,hit,34560,11764,20051,2745,0.34039352,0.33539775,0.34538929,0.00499577,0.005,ci_target_reached,-0.23978588,-0.24958078,-0.22999098
hard|10|2|+10|double,hard,10,2,10,double,32768,10080,20429,2259,0.30761719,0.30262019,0.31261419,0.004997,0.005,ci_target_reached,-0.63165283,-0.65139753,-0.61190814
hard|10|3|-10|hit,hard,10,3,-10,hit,35840,22601,9104,4135,0.63060826,0.62561142,0.6356051,0.00499684,0.005,ci_target_reached,0.3765904,0.3676673,0.3855135
hard|10|3|-10|stand,hard,10,3,-10,stand,38400,20543,17857,0,0.53497396,0.52998517,0.53996275,0.00498879,0.005,ci_target_reached,0.06994792,0.0599702,0.07992563
hard|10|3|-10|double,hard,10,3,-10,double,35840,22764,8945,4131,0.63515625,0.63017239,0.64014011,0.00498386,0.005,ci_target_reached,0.77114955,0.75338445,0.78891465
hard|10|3|-9|hit,hard,10,3,-9,hit,35840,22643,9011,4186,0.63178013,0.62678659,0.63677368,0.00499354,0.005,ci_target_reached,0.38035714,0.37145975,0.38925453
hard|10|3|-9|stand,hard,10,3,-9,stand,38400,20589,17811,0,0.53617187,0.53118394,0.54115981,0.00498794,0.005,ci_target_reached,0.07234375,0.06236774,0.08231976
hard|10|3|-9|double,hard,10,3,-9,double,35584,22727,8765,4092,0.63868593,0.63369461,0.64367724,0.00499131,0.005,ci_target_reached,0.78473471,0.76696669,0.80250273
hard|10|3|-8|hit,hard,10,3,-8,hit,35840,22717,8973,4150,0.63384487,0.62885721,0.63883252,0.00498765,0.005,ci_target_reached,0.38348214,0.37459308,0.3923712
hard|10|3|-8|stand,hard,10,3,-8,stand,38400,20697,17703,0,0.53898437,0.53399856,0.54397019,0.00498582,0.005,ci_target_reached,0.07796875,0.06799699,0.08794051
hard|10|3|-8|double,hard,10,3,-8,double,35840,22691,9070,4079,0.63311942,0.62812969,0.63810915,0.00498973,0.005,ci_target_reached,0.76010045,0.74226693,0.77793396
hard|10|3|-7|hit,hard,10,3,-7,hit,35840,22693,9019,4128,0.63317522,0.62818565,0.6381648,0.00498957,0.005,ci_target_reached,0.38152902,0.37262726,0.39043078
hard|10|3|-7|stand,hard,10,3,-7,stand,38400,20661,17739,0,0.53804688,0.53306033,0.54303342,0.00498654,0.005,ci_target_reached,0.07609375,0.06612054,0.08606696
hard|10|3|-7|double,hard,10,3,-7,double,35584,22625,8825,4134,0.63581947,0.63081965,0.64081928,0.00499982,0.005,ci_target_reached,0.7756295,0.75783268,0.79342631
hard|10|3|-6|hit,hard,10,3,-6,hit,35584,22643,8795,4146,0.63632531,0.63132699,0.64132364,0.00499833,0.005,ci_target_reached,0.38916367,0.38027367,0.39805367
hard|10|3|-6|double,hard,10,3,-6,double,35840,22783,8926,4131,0.63568638,0.63070407,0.6406687,0.00498232,0.005,ci_target_reached,0.77327009,0.75551487,0.79102531
hard|10|3|-5|hit,hard,10,3,-5,hit,35584,22634,8756,4194,0.63607239,0.63107332,0.64107146,0.00499907,0.005,ci_target_reached,0.39000674,0.38112893,0.39888456
hard|10|3|-6|stand,hard,10,3,-6,stand,38400,20505,17895,0,0.53398437,0.5289949,0.53897385,0.00498948,0.005,ci_target_reached,0.06796875,0.05798967,0.07794783
hard|10|3|-5|double,hard,10,3,-5,double,35840,22569,9063,4208,0.6297154,0.62471607,0.63471473,0.00499933,0.005,ci_target_reached,0.75368304,0.7358636,0.77150248
hard|10|3|-5|stand,hard,10,3,-5,stand,38400,20461,17939,0,0.53283854,0.5278483,0.53782879,0.00499024,0.005,ci_target_reached,0.06567708,0.05569647,0.0756577
hard|10|3|-4|hit,hard,10,3,-4,hit,35584,22633,8848,4103,0.63604429,0.63104513,0.64104344,0.00499916,0.005,ci_target_reached,0.38739321,0.37848754,0.39629888
hard|10|3|-4|stand,hard,10,3,-4,stand,38400,20699,17701,0,0.53903646,0.53405068,0.54402223,0.00498578,0.005,ci_target_reached,0.07807292,0.06810123,0.0880446
hard|10|3|-4|double,hard,10,3,-4,double,35584,22687,8767,4130,0.63756183,0.63256716,0.6425565,0.00499467,0.005,ci_target_reached,0.7823741,0.76460782,0.80014038
hard|10|3|-3|hit,hard,10,3,-3,hit,35584,22680,8955,3949,0.63736511,0.63236985,0.64236036,0.00499525,0.005,ci_target_reached,0.38570706,0.37676732,0.3946468
hard|10|3|+0|hit,hard,10,3,0,hit,37888,21523,13353,3012,0.56806905,0.5630812,0.57305689,0.00498785,0.005,ci_target_reached,0.21563556,0.2062217,0.22504942
hard|10|3|+0|stand,hard,10,3,0,stand,36352,13808,22544,0,0.37984155,0.37485219,0.38483091,0.00498936,0.005,ci_target_reached,-0.2403169,-0.25029575,-0.23033805
hard|10|3|+0|double,hard,10,3,0,double,37888,21400,13544,2944,0.56482264,0.55983041,0.56981486,0.00499223,0.005,ci_target_reached,0.41469595,0.39581123,0.43358066
hard|10|3|-3|double,hard,10,3,-3,double,35584,22629,8799,4156,0.63593188,0.63093239,0.64093136,0.00499949,0.005,ci_target_reached,0.77731565,0.75953428,0.79509701
hard|10|3|-2|hit,hard,10,3,-2,hit,35840,22669,8987,4184,0.63250558,0.6275141,0.63749706,0.00499148,0.005,ci_target_reached,0.38175223,0.37286091,0.39064355
hard|10|3|-3|stand,hard,10,3,-3,stand,38400,20445,17955,0,0.53242188,0.52743136,0.53741239,0.00499052,0.005,ci_target_reached,0.06484375,0.05486259,0.07482491
hard|10|3|-2|double,hard,10,3,-2,double,35840,22754,8966,4120,0.63487723,0.62989256,0.6398619,0.00498467,0.005,ci_target_reached,0.76941964,0.7516428,0.78719648
hard|10|3|-2|stand,hard,10,3,-2,stand,38400,20412,17988,0,0.5315625,0.52657143,0.53655357,0.00499107,0.005,ci_target_reached,0.063125,0.05314273,0.07310727
hard|10|3|-1|hit,hard,10,3,-1,hit,35840,22740,8952,4148,0.63448661,0.62950081,0.63947241,0.0049858,0.005,ci_target_reached,0.38470982,0.37582611,0.39359353
hard|10|3|-1|double,hard,10,3,-1,double,35584,22689,8784,4111,0.63761803,0.63262353,0.64261253,0.0049945,0.005,ci_target_reached,0.78153103,0.76375425,0.7993078
hard|10|3|-1|stand,hard,10,3,-1,stand,38400,20525,17875,0,0.53450521,0.52951609,0.53949433,0.00498912,0.005,ci_target_reached,0.06901042,0.05903205,0.07898878
hard|10|3|+1|hit,hard,10,3,1,hit,38144,17133,17443,3568,0.44916632,0.44417452,0.45415811,0.0049918,0.005,ci_target_reached,-0.0081271,-0.01768158,0.00142738
hard|10|3|+2|hit,hard,10,3,2,hit,35072,12201,20008,2863,0.34788435,0.34289946,0.35286924,0.00498489,0.005,ci_target_reached,-0.22259922,-0.23235465,-0.2128438
hard|10|3|+1|stand,hard,10,3,1,stand,34816,11983,22833,0,0.34418084,0.33919024,0.34917143,0.00499059,0.005,ci_target_reached,-0.31163833,-0.32161965,-0.301657
hard|10|3|+2|stand,hard,10,3,2,stand,28416,6879,21537,0,0.24208193,0.23710149,0.24706236,0.00498043,0.005,ci_target_reached,-0.51583615,-0.52579719,-0.50587511
hard|10|3|+1|double,hard,10,3,1,double,37888,16370,18196,3322,0.43206292,0.42707489,0.43705095,0.00498803,0.005,ci_target_reached,-0.09638936,-0.11560085,-0.07717786
hard|10|3|+2|double,hard,10,3,2,double,34048,11173,20376,2499,0.32815437,0.32316686,0.33314188,0.00498751,0.005,ci_target_reached,-0.54058976,-0.56021702,-0.5209625
hard|10|3|+3|hit,hard,10,3,3,hit,34304,11507,20053,2744,0.33544193,0.33044551,0.34043835,0.00499642,0.005,ci_target_reached,-0.24912547,-0.25892759,-0.23932335
hard|10|3|+3|stand,hard,10,3,3,stand,27136,6146,20990,0,0.2264888,0.22150868,0.23146892,0.00498012,0.005,ci_target_reached,-0.54702241,-0.55698283,-0.53706198
hard|10|3|+3|double,hard,10,3,3,double,33024,10194,20602,2228,0.30868459,0.30370221,0.31366697,0.00498238,0.005,ci_target_reached,-0.63032946,-0.65001982,-0.61063909
hard|10|3|+4|stand,hard,10,3,4,stand,26624,5896,20728,0,0.22145433,0.21646659,0.22644206,0.00498774,0.005,ci_target_reached,-0.55709135,-0.56706701,-0.54711568
hard|10|3|+4|hit,hard,10,3,4,hit,34048,11194,20223,2631,0.32877115,0.32378124,0.33376105,0.00498991,0.005,ci_target_reached,-0.26518445,-0.27499152,-0.25537737
hard|10|3|+5|stand,hard,10,3,5,stand,26624,5923,20701,0,0.22246845,0.21747256,0.22746434,0.00499589,0.005,ci_target_reached,-0.5550631,-0.56505506,-0.54507114
hard|10|3|+4|double,hard,10,3,4,double,32000,9385,20451,2164,0.29328125,0.28829302,0.29826948,0.00498823,0.005,ci_target_reached,-0.691625,-0.71138135,-0.67186865
hard|10|3|+5|hit,hard,10,3,5,hit,34048,11258,20047,2743,0.33065085,0.32565371,0.33564799,0.00499714,0.005,ci_target_reached,-0.25813557,-0.26794494,-0.2483262
hard|10|3|+5|double,hard,10,3,5,double,32256,9559,20514,2183,0.29634797,0.29136451,0.30133142,0.00498346,0.005,ci_target_reached,-0.67925347,-0.69898189,-0.65952505
hard|10|3|+6|stand,hard,10,3,6,stand,26624,5907,20717,0,0.22186749,0.21687643,0.22685855,0.00499106,0.005,ci_target_reached,-0.55626502,-0.56624734,-0.54628271
hard|10|3|+6|hit,hard,10,3,6,hit,33792,10979,20172,2641,0.32489938,0.31990585,0.32989292,0.00499353,0.005,ci_target_reached,-0.27204664,-0.28186438,-0.2622289
hard|10|3|+6|double,hard,10,3,6,double,32768,10006,20576,2186,0.30535889,0.30037215,0.31034563,0.00498674,0.005,ci_target_reached,-0.6451416,-0.6648616,-0.6254216
hard|10|3|+7|stand,hard,10,3,7,stand,26880,6042,20838,0,0.22477679,0.21978644,0.22976713,0.00499034,0.005,ci_target_reached,-0.55044643,-0.5604273,-0.54046555
hard|10|3|+7|hit,hard,10,3,7,hit,33792,10952,20150,2690,0.32410038,0.31911004,0.32909072,0.00499034,0.005,ci_target_reached,-0.2721946,-0.28200348,-0.26238573
hard|10|3|+8|stand,hard,10,3,8,stand,26624,5872,20752,0,0.22055288,0.21557243,0.22553334,0.00498046,0.005,ci_target_reached,-0.55889423,-0.56885533,-0.54893313
hard|10|3|+7|double,hard,10,3,7,double,32768,10005,20590,2173,0.30532837,0.30034177,0.31031497,0.0049866,0.005,ci_target_reached,-0.64605713,-0.66577833,-0.62633592
hard|10|3|+8|hit,hard,10,3,8,hit,33792,11030,20159,2603,0.32640862,0.3214091,0.33140814,0.00499952,0.005,ci_target_reached,-0.2701527,-0.27998289,-0.26032251
hard|10|3|+9|stand,hard,10,3,9,stand,27136,6180,20956,0,0.22774175,0.22275192,0.23273158,0.00498983,0.005,ci_target_reached,-0.54451651,-0.55449635,-0.53453667
hard|10|3|+8|double,hard,10,3,8,double,32768,9979,20570,2219,0.30453491,0.29955195,0.30951787,0.00498296,0.005,ci_target_reached,-0.64642334,-0.66612644,-0.62672024
hard|10|3|+9|hit,hard,10,3,9,hit,34048,11142,20198,2708,0.32724389,0.32225993,0.33222785,0.00498396,0.005,ci_target_reached,-0.26597744,-0.27576907,-0.25618582
hard|10|3|+9|double,hard,10,3,9,double,32512,9777,20526,2209,0.30071973,0.29573501,0.30570445,0.00498472,0.005,ci_target_reached,-0.66123278,-0.68095267,-0.64151289
hard|10|3|+10|stand,hard,10,3,10,stand,27136,6160,20976,0,0.22700472,0.22202059,0.23198884,0.00498413,0.005,ci_target_reached,-0.54599057,-0.555959,-0.53602213
hard|10|3|+10|hit,hard,10,3,10,hit,34048,11165,20204,2679,0.32791941,0.32293281,0.33290601,0.0049866,0.005,ci_target_reached,-0.26547815,-0.27527621,-0.25568009
hard|10|4|-10|hit,hard,10,4,-10,hit,27648,21144,4920,1584,0.76475694,0.75975724,0.76975665,0.0049997,0.005,ci_target_reached,0.58680556,0.57768721,0.5959239
hard|10|3|+10|double,hard,10,3,10,double,32768,10019,20523,2226,0.30575562,0.30076706,0.31074417,0.00498855,0.005,ci_target_reached,-0.64111328,-0.66083417,-0.62139239
hard|10|4|-10|double,hard,10,4,-10,double,28160,21371,5134,1655,0.75891335,0.75391735,0.76390935,0.004996,0.005,ci_target_reached,1.15319602,1.13496959,1.17142246
hard|10|4|-10|stand,hard,10,4,-10,stand,32512,22746,9766,0,0.6996186,0.69463548,0.70460172,0.00498312,0.005,ci_target_reached,0.3992372,0.38927081,0.4092036
hard|10|4|-9|hit,hard,10,4,-9,hit,28160,21420,5123,1617,0.76065341,0.75566977,0.76563705,0.00498364,0.005,ci_target_reached,0.57872869,0.5696238,0.58783358
hard|10|4|-9|stand,hard,10,4,-9,stand,32256,22686,9570,0,0.70331101,0.6983259,0.70829613,0.00498512,0.005,ci_target_reached,0.40662202,0.39665164,0.41659241
hard|10|4|-9|double,hard,10,4,-9,double,28160,21415,5121,1624,0.76047585,0.75549094,0.76546076,0.00498491,0.005,ci_target_reached,1.15724432,1.13903642,1.17545222
hard|10|4|-8|hit,hard,10,4,-8,hit,28416,21543,5144,1729,0.75812922,0.75315027,0.76310817,0.00497895,0.005,ci_target_reached,0.57710445,0.56805221,0.58615669
hard|10|4|-8|double,hard,10,4,-8,double,28160,21407,5159,1594,0.76019176,0.75520483,0.76517869,0.00498693,0.005,ci_target_reached,1.15397727,1.13572517,1.17222937
hard|10|4|-8|stand,hard,10,4,-8,stand,32512,22757,9755,0,0.69995694,0.69497542,0.70493846,0.00498152,0.005,ci_target_reached,0.39991388,0.38995069,0.40987707
hard|10|4|-7|hit,hard,10,4,-7,hit,28160,21405,5128,1627,0.76012074,0.7551333,0.76510818,0.00498744,0.005,ci_target_reached,0.57801847,0.56891008,0.58712685
hard|10|4|-7|double,hard,10,4,-7,double,27648,21179,4834,1635,0.76602286,0.7610325,0.77101322,0.00499036,0.005,ci_target_reached,1.182364,1.1642343,1.20049371
hard|10|4|-6|hit,hard,10,4,-6,hit,28160,21360,5178,1622,0.75852273,0.75352397,0.76352149,0.00499876,0.005,ci_target_reached,0.57464489,0.5655061,0.58378367
hard|10|4|-7|stand,hard,10,4,-7,stand,32000,22556,9444,0,0.704875,0.69987765,0.70987235,0.00499735,0.005,ci_target_reached,0.40975,0.39975514,0.41974486
hard|10|4|-6|stand,hard,10,4,-6,stand,32256,22705,9551,0,0.70390005,0.6989178,0.7088823,0.00498225,0.005,ci_target_reached,0.4078001,0.39783545,0.41776475
hard|10|4|-6|double,hard,10,4,-6,double,27904,21313,4993,1598,0.76379731,0.75881358,0.76878103,0.00498373,0.005,ci_target_reached,1.16972477,1.15153706,1.18791248
hard|10|4|-5|hit,hard,10,4,-5,hit,27904,21321,5009,1574,0.764084,0.75910237,0.76906564,0.00498164,0.005,ci_target_reached,0.58457569,0.57547279,0.59367859
hard|10|4|-5|double,hard,10,4,-5,double,27904,21252,5045,1607,0.76161124,0.75661167,0.76661081,0.00499957,0.005,ci_target_reached,1.16162557,1.1433714,1.17987974
hard|10|4|-4|hit,hard,10,4,-4,hit,28160,21429,5112,1619,0.76097301,0.75599165,0.76595437,0.00498136,0.005,ci_target_reached,0.57943892,0.57034073,0.58853711
hard|10|4|-5|stand,hard,10,4,-5,stand,32256,22598,9658,0,0.70058284,0.69558458,0.7055811,0.00499826,0.005,ci_target_reached,0.40116567,0.391169,0.41116235
hard|10|4|-4|double,hard,10,4,-4,double,27904,21265,5007,1632,0.76207712,0.75708091,0.76707333,0.00499621,0.005,ci_target_reached,1.16528096,1.14707244,1.18348948
hard|10|4|-3|hit,hard,10,4,-3,hit,28160,21376,5171,1613,0.75909091,0.75409617,0.76408565,0.00499474,0.005,ci_target_reached,0.57546165,0.56632749,0.5845958
hard|10|4|-4|stand,hard,10,4,-4,stand,32512,22707,9805,0,0.69841905,0.69343027,0.70340782,0.00498878,0.005,ci_target_reached,0.39683809,0.38686038,0.4068158
hard|10|4|+0|hit,hard,10,4,0,hit,37376,21854,12844,2678,0.58470676,0.57971095,0.58970258,0.00499581,0.005,ci_target_reached,0.24106378,0.23160611,0.25052146
hard|10|4|+0|stand,hard,10,4,0,stand,37120,14857,22263,0,0.40024246,0.39525819,0.40522673,0.00498427,0.005,ci_target_reached,-0.19951509,-0.20948376,-0.18954641
hard|10|4|+0|double,hard,10,4,0,double,37376,21777,12794,2805,0.58264662,0.57764726,0.58764598,0.00499936,0.005,ci_target_reached,0.48068279,0.46180061,0.49956497
hard|10|4|-3|double,hard,10,4,-3,double,28416,21487,5276,1653,0.7561585,0.75116581,0.76115119,0.00499269,0.005,ci_target_reached,1.14097691,1.12271974,1.15923409
hard|10|4|-2|hit,hard,10,4,-2,hit,28160,21372,5196,1592,0.75894886,0.75395311,0.76394461,0.00499575,0.005,ci_target_reached,0.57443182,0.56528326,0.58358038
hard|10|4|-3|stand,hard,10,4,-3,stand,32256,22664,9592,0,0.70262897,0.69764055,0.70761739,0.00498842,0.005,ci_target_reached,0.40525794,0.39528094,0.41523493
hard|10|4|-2|double,hard,10,4,-2,double,28160,21411,5239,1510,0.76033381,0.75534789,0.76531973,0.00498592,0.005,ci_target_reached,1.14857955,1.13023663,1.16692246
hard|10|4|-1|hit,hard,10,4,-1,hit,28416,21464,5228,1724,0.7553491,0.7503508,0.76034739,0.00499829,0.005,ci_target_reached,0.57136824,0.56226564,0.58047085
hard|10|4|-2|stand,hard,10,4,-2,stand,32256,22645,9611,0,0.70203993,0.69704866,0.7070312,0.00499127,0.005,ci_target_reached,0.40407986,0.39409717,0.41406255
hard|10|4|-1|double,hard,10,4,-1,double,28160,21422,5139,1599,0.76072443,0.7557413,0.76570757,0.00498313,0.005,ci_target_reached,1.15646307,1.1382351,1.17469103
hard|10|4|-1|stand,hard,10,4,-1,stand,32512,22750,9762,0,0.69974163,0.6947591,0.70472417,0.00498254,0.005,ci_target_reached,0.39948327,0.38951804,0.4094485
hard|10|4|+1|hit,hard,10,4,1,hit,38400,18681,17376,2343,0.48648438,0.48148516,0.49148359,0.00499921,0.005,ci_target_reached,0.03398437,0.02429807,0.04367068
hard|10|4|+2|hit,hard,10,4,2,hit,34560,11736,20560,2264,0.33958333,0.33459045,0.34457622,0.00499288,0.005,ci_target_reached,-0.25532407,-0.26515423,-0.24549392
hard|10|4|+2|stand,hard,10,4,2,stand,29696,7739,21957,0,0.26060749,0.25561476,0.26560022,0.00499273,0.005,ci_target_reached,-0.47878502,-0.48877065,-0.46879939
hard|10|4|+1|stand,hard,10,4,1,stand,37376,15608,21768,0,0.41759418,0.41259441,0.42259394,0.00499977,0.005,ci_target_reached,-0.16481164,-0.17481131,-0.15481198
hard|10|4|+1|double,hard,10,4,1,double,38400,18539,17466,2395,0.48278646,0.47778838,0.48778454,0.00499808,0.005,ci_target_reached,0.05588542,0.03652294,0.0752479
hard|10|4|+3|hit,hard,10,4,3,hit,33024,10302,20493,2229,0.31195494,0.3069581,0.31695178,0.00499684,0.005,ci_target_reached,-0.30859375,-0.31846294,-0.29872456
hard|10|4|+2|double,hard,10,4,2,double,34816,11926,20665,2225,0.34254366,0.33755874,0.34752858,0.00498492,0.005,ci_target_reached,-0.50201057,-0.5216411,-0.48238004
hard|10|4|+3|stand,hard,10,4,3,stand,27392,6314,21078,0,0.23050526,0.2255177,0.23549281,0.00498755,0.005,ci_target_reached,-0.53898949,-0.54896477,-0.5290142
hard|10|4|+3|double,hard,10,4,3,double,32768,9978,20551,2239,0.30450439,0.29952158,0.30948721,0.00498282,0.005,ci_target_reached,-0.64532471,-0.66502477,-0.62562465
hard|10|4|+4|stand,hard,10,4,4,stand,27392,6281,21111,0,0.22930053,0.22432213,0.23427892,0.00497839,0.005,ci_target_reached,-0.54139895,-0.55135592,-0.53144198
hard|10|4|+4|hit,hard,10,4,4,hit,32512,9865,20399,2248,0.30342643,0.29842902,0.30842383,0.0049974,0.005,ci_target_reached,-0.32400344,-0.33388212,-0.31412477
hard|10|4|+5|stand,hard,10,4,5,stand,26880,6020,20860,0,0.22395833,0.21897445,0.22894221,0.00498388,0.005,ci_target_reached,-0.55208333,-0.56205128,-0.54211539
hard|10|4|+4|double,hard,10,4,4,double,32512,9803,20592,2117,0.30151944,0.29653095,0.30650793,0.00498849,0.005,ci_target_reached,-0.66369341,-0.68343743,-0.64394939
hard|10|4|+5|hit,hard,10,4,5,hit,32512,9815,20575,2122,0.30188853,0.29689831,0.30687876,0.00499022,0.005,ci_target_reached,-0.33095472,-0.34082935,-0.3210801
hard|10|4|+6|stand,hard,10,4,6,stand,27392,6314,21078,0,0.23050526,0.2255177,0.23549281,0.00498755,0.005,ci_target_reached,-0.53898949,-0.54896477,-0.5290142
hard|10|4|+5|double,hard,10,4,5,double,32512,9863,20419,2230,0.30336491,0.29836779,0.30836203,0.00499712,0.005,ci_target_reached,-0.64936024,-0.66911897,-0.62960151
hard|10|4|+6|hit,hard,10,4,6,hit,32512,9764,20561,2187,0.30031988,0.29533705,0.30530271,0.00498283,0.005,ci_target_reached,-0.33209277,-0.3419509,-0.32223463
hard|10|4|+6|double,hard,10,4,6,double,32768,10069,20594,2105,0.30728149,0.30228601,0.31227698,0.00499549,0.005,ci_target_reached,-0.64239502,-0.66215489,-0.62263515
hard|10|4|+7|stand,hard,10,4,7,stand,26880,6068,20812,0,0.22574405,0.2207461,0.230742,0.00499795,0.005,ci_target_reached,-0.5485119,-0.55850799,-0.53851582
hard|10|4|+7|hit,hard,10,4,7,hit,32512,9839,20506,2167,0.30262672,0.29763304,0.3076204,0.00499368,0.005,ci_target_reached,-0.32809424,-0.33797187,-0.31821662
hard|10|4|+8|stand,hard,10,4,8,stand,27136,6167,20969,0,0.22726268,0.22227655,0.2322488,0.00498612,0.005,ci_target_reached,-0.54547465,-0.55544708,-0.53550221
hard|10|4|+7|double,hard,10,4,7,double,32512,9837,20395,2280,0.30256521,0.29757182,0.3075586,0.00499339,0.005,ci_target_reached,-0.64948327,-0.66922312,-0.62974342
hard|10|4|+8|hit,hard,10,4,8,hit,32768,9960,20542,2266,0.30395508,0.29897479,0.30893537,0.00498029,0.005,ci_target_reached,-0.32293701,-0.33278108,-0.31309294
hard|10|4|+9|stand,hard,10,4,9,stand,26880,6058,20822,0,0.22537202,0.22037699,0.23036705,0.00499503,0.005,ci_target_reached,-0.54925595,-0.5592462,-0.53926571
hard|10|4|+8|double,hard,10,4,8,double,32768,10036,20577,2155,0.30627441,0.3012835,0.31126533,0.00499092,0.005,ci_target_reached,-0.64337158,-0.66310961,-0.62363356
hard|10|4|+9|hit,hard,10,4,9,hit,32512,9874,20409,2229,0.30370325,0.29870456,0.30870194,0.00499869,0.005,ci_target_reached,-0.3240342,-0.33391626,-0.31415215
hard|10|5|-10|hit,hard,10,5,-10,hit,14848,13241,1070,537,0.89176994,0.88677278,0.89676709,0.00499715,0.005,ci_target_reached,0.81970636,0.81101545,0.82839726
hard|10|4|+9|double,hard,10,4,9,double,32768,9976,20636,2156,0.30444336,0.29946082,0.3094259,0.00498254,0.005,ci_target_reached,-0.65063477,-0.67034449,-0.63092504
hard|10|5|-10|double,hard,10,5,-10,double,15104,13464,1117,523,0.89141949,0.88645783,0.89638115,0.00496166,0.005,ci_target_reached,1.63493114,1.61754421,1.65231807
hard|10|5|-9|hit,hard,10,5,-9,hit,14848,13245,1086,517,0.89203933,0.88704765,0.89703101,0.00499168,0.005,ci_target_reached,0.81889817,0.81016759,0.82762875
hard|10|4|+10|stand,hard,10,4,10,stand,27136,6151,20985,0,0.22667305,0.2216915,0.23165461,0.00498155,0.005,ci_target_reached,-0.54665389,-0.55661718,-0.5366906
hard|10|4|+10|hit,hard,10,4,10,hit,32512,9853,20531,2128,0.30305733,0.29806165,0.30805302,0.00499569,0.005,ci_target_reached,-0.32843258,-0.33831605,-0.31854911
hard|10|5|-10|stand,hard,10,5,-10,stand,21760,18074,3686,0,0.83060662,0.82562268,0.83559055,0.00498394,0.005,ci_target_reached,0.66121324,0.65124513,0.67118134
hard|10|4|+10|double,hard,10,4,10,double,32512,9878,20475,2159,0.30382628,0.29882702,0.30882554,0.00499926,0.005,ci_target_reached,-0.65188238,-0.67165741,-0.63210735
hard|10|5|-9|double,hard,10,5,-9,double,14848,13241,1129,478,0.89176994,0.88677278,0.89676709,0.00499715,0.005,ci_target_reached,1.63146552,1.61377468,1.64915635
hard|10|5|-9|stand,hard,10,5,-9,stand,20736,17422,3314,0,0.84018133,0.8351937,0.84516895,0.00498763,0.005,ci_target_reached,0.68036265,0.67038716,0.69033815
hard|10|5|-8|hit,hard,10,5,-8,hit,15104,13446,1148,510,0.89022775,0.88524227,0.89521323,0.00498548,0.005,ci_target_reached,0.8142214,0.80543836,0.82300443
hard|10|5|-8|double,hard,10,5,-8,double,15360,13645,1180,535,0.88834635,0.88336568,0.89332703,0.00498067,0.005,ci_target_reached,1.62304688,1.60553269,1.64056106
hard|10|5|-7|hit,hard,10,5,-7,hit,15104,13459,1137,508,0.89108845,0.88612016,0.89605675,0.0049683,0.005,ci_target_reached,0.81581038,0.80706301,0.82455776
hard|10|5|-7|double,hard,10,5,-7,double,14336,12851,1020,465,0.89641462,0.8914264,0.90140284,0.00498822,0.005,ci_target_reached,1.65053013,1.63300542,1.66805484
hard|10|5|-8|stand,hard,10,5,-8,stand,21248,17743,3505,0,0.8350433,0.83005288,0.84003371,0.00499041,0.005,ci_target_reached,0.6700866,0.66010553,0.68006766
hard|10|5|-6|double,hard,10,5,-6,double,14592,13050,1087,455,0.89432566,0.8893376,0.89931371,0.00498806,0.005,ci_target_reached,1.63966557,1.62198904,1.6573421
hard|10|5|-7|stand,hard,10,5,-7,stand,20736,17402,3334,0,0.83921682,0.83421704,0.8442166,0.00499978,0.005,ci_target_reached,0.67843364,0.66843384,0.68843344
hard|10|5|-6|hit,hard,10,5,-6,hit,15104,13460,1143,501,0.89115466,0.88618769,0.89612163,0.00496697,0.005,ci_target_reached,0.81547934,0.80671739,0.8242413
hard|10|5|-5|hit,hard,10,5,-5,hit,14592,13048,1062,482,0.8941886,0.88919769,0.8991795,0.00499091,0.005,ci_target_reached,0.82140899,0.81263707,0.83018092
hard|10|5|-6|stand,hard,10,5,-6,stand,20736,17411,3325,0,0.83965085,0.83465653,0.84464517,0.00499432,0.005,ci_target_reached,0.6793017,0.66931282,0.68929058
hard|10|5|-5|double,hard,10,5,-5,double,14848,13247,1099,502,0.89217403,0.88718509,0.89716297,0.00498894,0.005,ci_target_reached,1.63631466,1.61878774,1.65384157
hard|10|5|-4|hit,hard,10,5,-4,hit,15104,13436,1166,502,0.88956568,0.88456705,0.89456431,0.00499863,0.005,ci_target_reached,0.81236758,0.80353337,0.8212018
hard|10|5|-5|stand,hard,10,5,-5,stand,20992,17610,3382,0,0.83889101,0.83391774,0.84386427,0.00497327,0.005,ci_target_reached,0.67778201,0.66783524,0.68772878
hard|10|5|-4|double,hard,10,5,-4,double,15104,13452,1132,520,0.890625,0.88564744,0.89560256,0.00497756,0.005,ci_target_reached,1.63135593,1.61387801,1.64883385
hard|10|5|-3|hit,hard,10,5,-3,hit,15360,13650,1183,527,0.88867188,0.88369756,0.89364619,0.00497432,0.005,ci_target_reached,0.81165365,0.80289213,0.82041516
hard|10|5|-4|stand,hard,10,5,-4,stand,21248,17735,3513,0,0.83466679,0.82967181,0.83966177,0.00499498,0.005,ci_target_reached,0.66933358,0.65934339,0.67932378
hard|10|5|+0|hit,hard,10,5,0,hit,37120,22008,12458,2654,0.59288793,0.58788994,0.59788592,0.00499799,0.005,ci_target_reached,0.25727371,0.24782679,0.26672063
hard|10|5|-3|double,hard,10,5,-3,double,15104,13456,1145,503,0.89088983,0.88591756,0.8958621,0.00497227,0.005,ci_target_reached,1.63016419,1.61262534,1.64770305
hard|10|5|+0|stand,hard,10,5,0,stand,37376,15580,21796,0,0.41684503,0.41184654,0.42184353,0.00499849,0.005,ci_target_reached,-0.16630993,-0.17630705,-0.15631281
hard|10|5|+0|double,hard,10,5,0,double,37120,22062,12491,2567,0.59434267,0.5893475,0.59933784,0.00499517,0.005,ci_target_reached,0.51567888,0.49676257,0.53459519
hard|10|5|-3|stand,hard,10,5,-3,stand,20480,17245,3235,0,0.84204102,0.83704608,0.84703595,0.00499494,0.005,ci_target_reached,0.68408203,0.67409192,0.69407215
hard|10|5|-2|hit,hard,10,5,-2,hit,14848,13241,1117,490,0.89176994,0.88677278,0.89676709,0.00499715,0.005,ci_target_reached,0.81654095,0.8077267,0.8253552
hard|10|5|-2|double,hard,10,5,-2,double,15104,13471,1130,503,0.89188294,0.8869306,0.89683529,0.00495235,0.005,ci_target_reached,1.63413665,1.61669208,1.65158123
hard|10|5|-1|hit,hard,10,5,-1,hit,15104,13445,1152,507,0.89016155,0.88517475,0.89514834,0.0049868,0.005,ci_target_reached,0.81389036,0.80509665,0.82268407
hard|10|5|-2|stand,hard,10,5,-2,stand,21504,17923,3581,0,0.83347284,0.82849335,0.83845233,0.00497949,0.005,ci_target_reached,0.66694568,0.65698648,0.67690489
hard|10|5|-1|double,hard,10,5,-1,double,14592,13079,1062,451,0.89631305,0.89136663,0.90125946,0.00494642,0.005,ci_target_reached,1.64706689,1.62956421,1.66456956
hard|10|5|-1|stand,hard,10,5,-1,stand,20992,17589,3403,0,0.83789062,0.83290492,0.84287633,0.00498571,0.005,ci_target_reached,0.67578125,0.6658096,0.6857529
hard|10|5|+2|hit,hard,10,5,2,hit,35328,12538,20512,2278,0.35490263,0.34991305,0.3598922,0.00498958,0.005,ci_target_reached,-0.22571332,-0.23552106,-0.21590557
hard|10|5|+2|stand,hard,10,5,2,stand,31488,8964,22524,0,0.28467988,0.27969549,0.28966427,0.00498439,0.005,ci_target_reached,-0.43064024,-0.44060919,-0.4206713
hard|10|5|+1|hit,hard,10,5,1,hit,38144,20754,15391,1999,0.54409606,0.53909781,0.5490943,0.00499824,0.005,ci_target_reached,0.14059878,0.13093201,0.15026556
hard|10|5|+1|stand,hard,10,5,1,stand,38400,18488,19912,0,0.48145833,0.47646073,0.48645594,0.0049976,0.005,ci_target_reached,-0.03708333,-0.04707867,-0.027088
hard|10|5|+3|stand,hard,10,5,3,stand,28416,6880,21536,0,0.24211712,0.23713644,0.24709779,0.00498068,0.005,ci_target_reached,-0.51576577,-0.5257273,-0.50580424
hard|10|5|+1|double,hard,10,5,1,double,38144,20819,15351,1974,0.54580013,0.54080343,0.55079683,0.0049967,0.005,ci_target_reached,0.28670302,0.26737078,0.30603526
hard|10|5|+2|double,hard,10,5,2,double,35584,12823,20489,2272,0.36035859,0.35537015,0.36534702,0.00498844,0.005,ci_target_reached,-0.43086781,-0.45046962,-0.411266
hard|10|5|+3|hit,hard,10,5,3,hit,33536,10688,20753,2095,0.31870229,0.31371504,0.32368954,0.00498725,0.005,ci_target_reached,-0.30012524,-0.30997816,-0.29027231
hard|10|5|+3|double,hard,10,5,3,double,33536,10662,20761,2113,0.317927,0.31294299,0.32291102,0.00498402,0.005,ci_target_reached,-0.60227815,-0.62197067,-0.58258563
hard|10|5|+4|stand,hard,10,5,4,stand,27904,6633,21271,0,0.23770786,0.2327132,0.24270251,0.00499465,0.005,ci_target_reached,-0.52458429,-0.53457377,-0.5145948
hard|10|5|+5|stand,hard,10,5,5,stand,27904,6627,21277,0,0.23749283,0.23249973,0.24248593,0.0049931,0.005,ci_target_reached,-0.52501433,-0.53500071,-0.51502796
hard|10|5|+4|hit,hard,10,5,4,hit,33024,10224,20657,2143,0.30959302,0.3046066,0.31457945,0.00498643,0.005,ci_target_reached,-0.31592175,-0.32577931,-0.3060642
hard|10|5|+4|double,hard,10,5,4,double,32768,10094,20528,2146,0.30804443,0.30304551,0.31304336,0.00499893,0.005,ci_target_reached,-0.63684082,-0.65660692,-0.61707472
hard|10|5|+5|hit,hard,10,5,5,hit,33280,10461,20719,2100,0.31433293,0.30934505,0.31932081,0.00498788,0.005,ci_target_reached,-0.30823317,-0.3180914,-0.29837494
hard|10|5|+6|stand,hard,10,5,6,stand,27904,6622,21282,0,0.23731365,0.23232185,0.24230545,0.0049918,0.005,ci_target_reached,-0.52537271,-0.53535649,-0.51538893
hard|10|5|+5|double,hard,10,5,5,double,33536,10639,20724,2173,0.31724117,0.31226003,0.32222232,0.00498114,0.005,ci_target_reached,-0.60144323,-0.62111784,-0.58176861
hard|10|5|+6|hit,hard,10,5,6,hit,33280,10429,20753,2098,0.31337139,0.30838766,0.31835513,0.00498374,0.005,ci_target_reached,-0.31021635,-0.32006775,-0.30036495
hard|10|5|+6|double,hard,10,5,6,double,33536,10668,20684,2184,0.31810592,0.31312115,0.32309068,0.00498477,0.005,ci_target_reached,-0.59732824,-0.6170134,-0.57764309
hard|10|5|+7|stand,hard,10,5,7,stand,28160,6736,21424,0,0.23920455,0.23422192,0.24418717,0.00498263,0.005,ci_target_reached,-0.52159091,-0.53155634,-0.51162548
hard|10|5|+7|hit,hard,10,5,7,hit,33280,10502,20604,2174,0.3155649,0.31057175,0.32055806,0.00499315,0.005,ci_target_reached,-0.30354567,-0.31340767,-0.29368367
hard|10|5|+8|stand,hard,10,5,8,stand,28160,6739,21421,0,0.23931108,0.23432769,0.24429447,0.00498339,0.005,ci_target_reached,-0.52137784,-0.53134479,-0.51141089
hard|10|5|+7|double,hard,10,5,7,double,33024,10295,20607,2122,0.31174297,0.30674706,0.31673889,0.00499591,0.005,ci_target_reached,-0.6245155,-0.64426526,-0.60476575
hard|10|5|+8|hit,hard,10,5,8,hit,33024,10273,20606,2145,0.31107679,0.30608381,0.31606978,0.00499299,0.005,ci_target_reached,-0.31289365,-0.32276208,-0.30302522
hard|10|5|+9|stand,hard,10,5,9,stand,28160,6756,21404,0,0.23991477,0.23492708,0.24490246,0.00498769,0.005,ci_target_reached,-0.52017045,-0.53014601,-0.5101949
hard|10|5|+8|double,hard,10,5,8,double,33024,10264,20582,2178,0.31080426,0.30581248,0.31579605,0.00499179,0.005,ci_target_reached,-0.62487888,-0.6446073,-0.60515045
hard|10|5|+9|hit,hard,10,5,9,hit,32768,10101,20487,2180,0.30825806,0.30325817,0.31325795,0.00499989,0.005,ci_target_reached,-0.31695557,-0.32683798,-0.30707315
hard|10|6|-10|hit,hard,10,6,-10,hit,12544,11424,613,507,0.91071429,0.90572406,0.91570451,0.00499022,0.005,ci_target_reached,0.8618463,0.8536976,0.869995
hard|10|5|+9|double,hard,10,5,9,double,33280,10436,20695,2149,0.31358173,0.30859709,0.31856638,0.00498464,0.005,ci_target_reached,-0.61652644,-0.63622544,-0.59682745
hard|10|6|-10|double,hard,10,6,-10,double,12288,11234,591,463,0.91422526,0.90927393,0.91917659,0.00495133,0.005,ci_target_reached,1.73225911,1.71597084,1.74854739
hard|10|6|-9|hit,hard,10,6,-9,hit,12288,11217,576,495,0.9128418,0.90785448,0.91782912,0.00498732,0.005,ci_target_reached,0.8659668,0.85786736,0.87406623
hard|10|5|+10|stand,hard,10,5,10,stand,27904,6648,21256,0,0.23824541,0.23324688,0.24324395,0.00499853,0.005,ci_target_reached,-0.52350917,-0.53350642,-0.51351193
hard|10|6|-9|double,hard,10,6,-9,double,12544,11454,571,519,0.91310587,0.90817647,0.91803526,0.0049294,0.005,ci_target_reached,1.73517219,1.71928912,1.75105527
hard|10|5|+10|hit,hard,10,5,10,hit,33280,10518,20683,2079,0.31604567,0.31105047,0.32104087,0.0049952,0.005,ci_target_reached,-0.3054387,-0.31531066,-0.29556675
hard|10|6|-8|hit,hard,10,6,-8,hit,12032,11016,563,453,0.91555851,0.91059021,0.92052681,0.0049683,0.005,ci_target_reached,0.86876662,0.86062495,0.87690829
hard|10|6|-8|double,hard,10,6,-8,double,12544,11431,606,507,0.91127232,0.90629619,0.91624845,0.00497613,0.005,ci_target_reached,1.72592474,1.70969986,1.74214963
hard|10|5|+10|double,hard,10,5,10,double,33024,10196,20648,2180,0.30874516,0.3037625,0.31372781,0.00498265,0.005,ci_target_reached,-0.63299419,-0.65269178,-0.61329659
hard|10|6|-10|stand,hard,10,6,-10,stand,29696,21983,7713,0,0.74026805,0.73528076,0.74525534,0.00498729,0.005,ci_target_reached,0.4805361,0.47056136,0.49051084
hard|10|6|-9|stand,hard,10,6,-9,stand,29696,21961,7735,0,0.73952721,0.73453532,0.7445191,0.00499189,0.005,ci_target_reached,0.47905442,0.46907046,0.48903837
hard|10|6|-7|hit,hard,10,6,-7,hit,12800,11649,642,509,0.91007812,0.90512222,0.91503403,0.00495591,0.005,ci_target_reached,0.85992187,0.85178164,0.86806211
hard|10|6|-6|hit,hard,10,6,-6,hit,12288,11213,594,481,0.91251628,0.90752054,0.91751201,0.00499574,0.005,ci_target_reached,0.86417643,0.85599563,0.87235724
hard|10|6|-7|double,hard,10,6,-7,double,12544,11445,593,506,0.91238839,0.90744063,0.91733615,0.00494776,0.005,ci_target_reached,1.73022959,1.71414271,1.74631647
hard|10|6|-6|double,hard,10,6,-6,double,12288,11225,597,466,0.91349284,0.90852241,0.91846327,0.00497043,0.005,ci_target_reached,1.72981771,1.71345785,1.74617757
hard|10|6|-5|hit,hard,10,6,-5,hit,12544,11440,584,520,0.9119898,0.90703188,0.91694772,0.00495792,0.005,ci_target_reached,0.86543367,0.85742205,0.87344529
hard|10|6|-8|stand,hard,10,6,-8,stand,29696,21997,7699,0,0.74073949,0.73575515,0.74572384,0.00498434,0.005,ci_target_reached,0.48147899,0.47151013,0.49144784
hard|10|6|-5|double,hard,10,6,-5,double,12544,11446,596,502,0.91246811,0.90752239,0.91741384,0.00494573,0.005,ci_target_reached,1.72991071,1.71380121,1.74602022
hard|10|6|-4|hit,hard,10,6,-4,hit,12288,11223,598,467,0.91333008,0.90835542,0.91830474,0.00497466,0.005,ci_target_reached,0.86466471,0.85647827,0.87285116
hard|10|6|-4|double,hard,10,6,-4,double,12032,11017,568,447,0.91564162,0.91067554,0.92060771,0.00496608,0.005,ci_target_reached,1.73686835,1.72054285,1.75319385
hard|10|6|-7|stand,hard,10,6,-7,stand,29952,22090,7862,0,0.73751335,0.73253046,0.74249625,0.00498289,0.005,ci_target_reached,0.47502671,0.46506075,0.48499267
hard|10|6|-3|hit,hard,10,6,-3,hit,13056,11859,667,530,0.90831801,0.90336794,0.91326809,0.00495008,0.005,ci_target_reached,0.85723039,0.84910142,0.86535936
hard|10|6|-6|stand,hard,10,6,-6,stand,29440,21883,7557,0,0.74330842,0.73831869,0.74829816,0.00498974,0.005,ci_target_reached,0.48661685,0.47663721,0.49659649
hard|10|6|-3|double,hard,10,6,-3,double,12544,11422,642,480,0.91055485,0.90556061,0.91554909,0.00499424,0.005,ci_target_reached,1.71875,1.70221358,1.73528642
hard|10|6|-5|stand,hard,10,6,-5,stand,30208,22143,8065,0,0.73301774,0.72802897,0.73800651,0.00498877,0.005,ci_target_reached,0.46603549,0.45605778,0.47601319
hard|10|6|-2|hit,hard,10,6,-2,hit,12544,11424,600,520,0.91071429,0.90572406,0.91570451,0.00499022,0.005,ci_target_reached,0.86288265,0.8547872,0.87097811
hard|10|6|+0|hit,hard,10,6,0,hit,36608,22351,11836,2421,0.61054961,0.60555439,0.61554483,0.00499522,0.005,ci_target_reached,0.2872323,0.27778012,0.29668447
hard|10|6|+0|stand,hard,10,6,0,stand,37632,16112,21520,0,0.42814626,0.42314688,0.43314564,0.00499938,0.005,ci_target_reached,-0.14370748,-0.15370637,-0.13370859
hard|10|6|+0|double,hard,10,6,0,double,36608,22510,11577,2521,0.61489292,0.609908,0.61987784,0.00498492,0.005,ci_target_reached,0.59730114,0.57850168,0.6161006
hard|10|6|-2|double,hard,10,6,-2,double,12288,11221,587,480,0.91316732,0.90818843,0.9181462,0.00497889,0.005,ci_target_reached,1.73079427,1.71451043,1.74707812
hard|10|6|-4|stand,hard,10,6,-4,stand,29696,21942,7754,0,0.73888739,0.73389153,0.74388325,0.00499586,0.005,ci_target_reached,0.47777478,0.4677829,0.48776667
hard|10|6|-1|hit,hard,10,6,-1,hit,12288,11215,586,487,0.91267904,0.90768751,0.91767057,0.00499153,0.005,ci_target_reached,0.86499023,0.85684573,0.87313474
hard|10|6|-1|double,hard,10,6,-1,double,12800,11650,624,526,0.91015625,0.90520228,0.91511022,0.00495397,0.005,ci_target_reached,1.7228125,1.70667585,1.73894915
hard|10|6|-3|stand,hard,10,6,-3,stand,29440,21867,7573,0,0.74276495,0.73777176,0.74775813,0.00499319,0.005,ci_target_reached,0.48552989,0.47554335,0.49551644
hard|10|6|-2|stand,hard,10,6,-2,stand,29696,22011,7685,0,0.74121094,0.73622954,0.74619233,0.00498139,0.005,ci_target_reached,0.48242188,0.47245892,0.49238483
hard|10|6|-1|stand,hard,10,6,-1,stand,29440,21876,7564,0,0.74307065,0.7380794,0.7480619,0.00499125,0.005,ci_target_reached,0.4861413,0.47615864,0.49612397
hard|10|6|+2|stand,hard,10,6,2,stand,31744,9155,22589,0,0.28840096,0.28341738,0.29338454,0.00498358,0.005,ci_target_reached,-0.42319808,-0.4331654,-0.41323077
hard|10|6|+1|hit,hard,10,6,1,hit,37888,21402,14517,1969,0.56487542,0.55988326,0.56986758,0.00499216,0.005,ci_target_reached,0.18171981,0.17208765,0.19135196
hard|10|6|+1|stand,hard,10,6,1,stand,38144,17187,20957,0,0.45058201,0.44558878,0.45557523,0.00499323,0.005,ci_target_reached,-0.09883599,-0.10882257,-0.0888494
hard|10|6|+2|hit,hard,10,6,2,hit,35840,13279,20352,2209,0.37050781,0.36550786,0.37550777,0.00499995,0.005,ci_target_reached,-0.19734933,-0.20716814,-0.18753052
hard|10|6|+1|double,hard,10,6,1,double,37888,21371,14480,2037,0.56405722,0.55906399,0.56905045,0.00499323,0.005,ci_target_reached,0.36375633,0.34451153,0.38300114
hard|10|6|+3|hit,hard,10,6,3,hit,34048,11145,20853,2050,0.327332,0.32234769,0.33231631,0.00498431,0.005,ci_target_reached,-0.28512688,-0.29496892,-0.27528484
hard|10|6|+2|double,hard,10,6,2,double,36096,13398,20484,2214,0.37117686,0.36619282,0.3761609,0.00498404,0.005,ci_target_reached,-0.39261968,-0.41219524,-0.37304412
hard|10|6|+3|stand,hard,10,6,3,stand,29440,7583,21857,0,0.25757473,0.25257939,0.26257007,0.00499534,0.005,ci_target_reached,-0.48485054,-0.4948414,-0.47485969
hard|10|6|+3|double,hard,10,6,3,double,34304,11394,20680,2230,0.33214785,0.32716372,0.33713199,0.00498413,0.005,ci_target_reached,-0.54139459,-0.56104185,-0.52174733
hard|10|6|+4|stand,hard,10,6,4,stand,29184,7359,21825,0,0.25215872,0.24717647,0.25714097,0.00498225,0.005,ci_target_reached,-0.49568257,-0.50564723,-0.4857179
hard|10|6|+4|hit,hard,10,6,4,hit,33536,10791,20531,2214,0.32177362,0.3167737,0.32677354,0.00499992,0.005,ci_target_reached,-0.29043416,-0.30029972,-0.2805686
hard|10|6|+5|stand,hard,10,6,5,stand,28928,7202,21726,0,0.24896294,0.2439799,0.25394599,0.00498305,0.005,ci_target_reached,-0.50207412,-0.51204038,-0.49210785
hard|10|6|+4|double,hard,10,6,4,double,34048,11225,20648,2175,0.32968163,0.3246882,0.33467505,0.00499342,0.005,ci_target_reached,-0.55351269,-0.5732086,-0.53381678
hard|10|6|+5|hit,hard,10,6,5,hit,34048,11170,20648,2230,0.32806626,0.32307909,0.33305343,0.00498717,0.005,ci_target_reached,-0.27837171,-0.28820526,-0.26853816
hard|10|6|+5|double,hard,10,6,5,double,33792,10996,20617,2179,0.32540246,0.32040693,0.330398,0.00499553,0.005,ci_target_reached,-0.56942472,-0.5891367,-0.54971273
hard|10|6|+6|stand,hard,10,6,6,stand,28928,7238,21690,0,0.25020741,0.24521607,0.25519876,0.00499134,0.005,ci_target_reached,-0.49958518,-0.50956804,-0.48960232
hard|10|6|+6|hit,hard,10,6,6,hit,33792,10999,20716,2077,0.32549124,0.32049535,0.33048713,0.00499589,0.005,ci_target_reached,-0.28755327,-0.29741729,-0.27768924
hard|10|6|+6|double,hard,10,6,6,double,33792,10953,20703,2136,0.32412997,0.31913951,0.32912043,0.00499046,0.005,ci_target_reached,-0.57705966,-0.59676108,-0.55735824
hard|10|6|+7|stand,hard,10,6,7,stand,28928,7233,21695,0,0.25003457,0.24504437,0.25502476,0.0049902,0.005,ci_target_reached,-0.49993086,-0.50991143,-0.4899503
hard|10|6|+7|hit,hard,10,6,7,hit,34304,11396,20737,2171,0.33220616,0.3272218,0.33719051,0.00498435,0.005,ci_target_reached,-0.27230061,-0.28212908,-0.26247213
hard|10|6|+8|stand,hard,10,6,8,stand,28928,7272,21656,0,0.25138274,0.24638361,0.25638187,0.00499913,0.005,ci_target_reached,-0.49723451,-0.50723295,-0.48723608
hard|10|6|+7|double,hard,10,6,7,double,33792,10982,20605,2205,0.32498816,0.31999428,0.32998205,0.00499389,0.005,ci_target_reached,-0.56954309,-0.58924581,-0.54984036
hard|10|6|+8|hit,hard,10,6,8,hit,34048,11158,20760,2130,0.32771382,0.32272802,0.33269961,0.0049858,0.005,ci_target_reached,-0.28201363,-0.29185232,-0.27217493
hard|10|6|+9|stand,hard,10,6,9,stand,28928,7244,21684,0,0.25041482,0.2454221,0.25540754,0.00499272,0.005,ci_target_reached,-0.49917035,-0.50915597,-0.48918474
hard|10|6|+8|double,hard,10,6,8,double,33792,10922,20710,2160,0.32321259,0.31822582,0.32819937,0.00498677,0.005,ci_target_reached,-0.57930871,-0.59899443,-0.559623
hard|10|6|+9|hit,hard,10,6,9,hit,34048,11110,20806,2132,0.32630404,0.32132376,0.33128432,0.00498028,0.005,ci_target_reached,-0.28477444,-0.29460382,-0.27494506
hard|10|7|-10|hit,hard,10,7,-10,hit,17664,15364,858,1442,0.86979167,0.86482873,0.8747546,0.00496293,0.005,ci_target_reached,0.8212183,0.81393399,0.8285026
hard|10|6|+9|double,hard,10,6,9,double,33792,10886,20695,2211,0.32214725,0.31716479,0.32712972,0.00498246,0.005,ci_target_reached,-0.58055161,-0.60021572,-0.5608875
hard|10|7|-10|double,hard,10,7,-10,double,17408,15141,812,1455,0.86977252,0.86477291,0.87477212,0.00499961,0.005,ci_target_reached,1.6462546,1.63173304,1.66077616
hard|10|7|-9|hit,hard,10,7,-9,hit,17408,15143,827,1438,0.86988741,0.86488968,0.87488514,0.00499773,0.005,ci_target_reached,0.82238051,0.8150863,0.82967473
hard|10|6|+10|stand,hard,10,6,10,stand,29184,7408,21776,0,0.25383772,0.24884453,0.25883091,0.00499319,0.005,ci_target_reached,-0.49232456,-0.50231112,-0.482338
hard|10|6|+10|hit,hard,10,6,10,hit,33536,10733,20635,2168,0.32004413,0.31505131,0.32503695,0.00499282,0.005,ci_target_reached,-0.29526479,-0.30512188,-0.2854077
hard|10|6|+10|double,hard,10,6,10,double,33792,10962,20684,2146,0.32439631,0.31940478,0.32938783,0.00499152,0.005,ci_target_reached,-0.57540246,-0.59510598,-0.55569895
hard|10|7|-9|double,hard,10,7,-9,double,17408,15159,833,1416,0.87080653,0.86582385,0.8757892,0.00498268,0.005,ci_target_reached,1.64590993,1.63131185,1.660508
hard|10|7|-8|hit,hard,10,7,-8,hit,17152,14963,827,1362,0.8723764,0.86738277,0.87737003,0.00499363,0.005,ci_target_reached,0.82416045,0.81680792,0.83151298
hard|10|7|-10|stand,hard,10,7,-10,stand,34048,11236,22812,0,0.3300047,0.32501004,0.33499936,0.00499466,0.005,ci_target_reached,-0.3399906,-0.34998007,-0.33000113
hard|10|7|-8|double,hard,10,7,-8,double,16896,14794,825,1277,0.87559186,0.87061518,0.88056853,0.00497668,0.005,ci_target_reached,1.65352746,1.63872585,1.66832907
hard|10|7|-9|stand,hard,10,7,-9,stand,33792,11006,22786,0,0.32569839,0.32070168,0.3306951,0.00499671,0.005,ci_target_reached,-0.34860322,-0.35859678,-0.33860965
hard|10|7|-7|hit,hard,10,7,-7,hit,17408,15148,805,1455,0.87017463,0.8651816,0.87516767,0.00499304,0.005,ci_target_reached,0.82393153,0.8166909,0.83117215
hard|10|7|-7|double,hard,10,7,-7,double,17408,15159,817,1432,0.87080653,0.86582385,0.8757892,0.00498268,0.005,ci_target_reached,1.64774816,1.63322383,1.6622725
hard|10|7|-6|hit,hard,10,7,-6,hit,17920,15513,921,1486,0.8656808,0.86068811,0.8706735,0.00499269,0.005,ci_target_reached,0.81428571,0.80690619,0.82166524
hard|10|7|-6|double,hard,10,7,-6,double,17152,14966,813,1373,0.87255131,0.8675606,0.87754201,0.0049907,0.005,ci_target_reached,1.65030317,1.63566762,1.66493873
hard|10|7|-8|stand,hard,10,7,-8,stand,34304,11436,22868,0,0.3333722,0.32838347,0.33836093,0.00498873,0.005,ci_target_reached,-0.3332556,-0.3432332,-0.32327799
hard|10|7|-5|hit,hard,10,7,-5,hit,17408,15145,899,1364,0.8700023,0.86500644,0.87499815,0.00499585,0.005,ci_target_reached,0.81835938,0.81090285,0.8258159
hard|10|7|-5|double,hard,10,7,-5,double,17408,15144,821,1443,0.86994485,0.86494806,0.87494164,0.00499679,0.005,ci_target_reached,1.64556526,1.63100555,1.66012496
hard|10|7|-7|stand,hard,10,7,-7,stand,34304,11472,22832,0,0.33442164,0.329429,0.33941428,0.00499264,0.005,ci_target_reached,-0.33115672,-0.34114215,-0.32117129
hard|10|7|-4|hit,hard,10,7,-4,hit,17408,15170,862,1376,0.87143842,0.86646614,0.8764107,0.00497228,0.005,ci_target_reached,0.82192096,0.81456172,0.8292802
hard|10|7|-6|stand,hard,10,7,-6,stand,34048,11280,22768,0,0.33129699,0.32629739,0.3362966,0.0049996,0.005,ci_target_reached,-0.33740602,-0.34740537,-0.32740666
hard|10|7|-4|double,hard,10,7,-4,double,17408,15151,810,1447,0.87034697,0.86535675,0.87533718,0.00499021,0.005,ci_target_reached,1.64763327,1.63313227,1.66213428
hard|10|7|-3|hit,hard,10,7,-3,hit,17664,15337,858,1469,0.86826313,0.86327554,0.87325073,0.00498759,0.005,ci_target_reached,0.81968976,0.81239085,0.82698868
hard|10|7|-5|stand,hard,10,7,-5,stand,34048,11173,22875,0,0.32815437,0.32316686,0.33314188,0.00498751,0.005,ci_target_reached,-0.34369126,-0.35366643,-0.33371609
hard|10|7|-3|double,hard,10,7,-3,double,16896,14788,776,1332,0.87523674,0.87025398,0.88021951,0.00498276,0.005,ci_target_reached,1.65861742,1.64404713,1.67318772
hard|10|7|+0|hit,hard,10,7,0,hit,37376,21772,11863,3741,0.58251284,0.57751326,0.58751243,0.00499959,0.005,ci_target_reached,0.26511665,0.25588232,0.27435099
hard|10|7|-2|hit,hard,10,7,-2,hit,17664,15351,858,1455,0.86905571,0.86408087,0.87403054,0.00497483,0.005,ci_target_reached,0.82048234,0.81319099,0.82777369
hard|10|7|+0|stand,hard,10,7,0,stand,29696,7678,22018,0,0.25855334,0.25357342,0.26353326,0.00497992,0.005,ci_target_reached,-0.48289332,-0.49285332,-0.47293332
hard|10|7|+0|double,hard,10,7,0,double,37888,21474,13687,2727,0.56677576,0.56178614,0.57176538,0.00498962,0.005,ci_target_reached,0.41105363,0.39209946,0.4300078
hard|10|7|-4|stand,hard,10,7,-4,stand,34048,11282,22766,0,0.33135573,0.3263559,0.33635556,0.00499983,0.005,ci_target_reached,-0.33728853,-0.34728834,-0.32728873
hard|10|7|-2|double,hard,10,7,-2,double,17152,14996,783,1373,0.87430037,0.86933907,0.87926168,0.00496131,0.005,ci_target_reached,1.65729944,1.64284205,1.67175683
hard|10|7|-1|hit,hard,10,7,-1,hit,17152,14969,822,1361,0.87272621,0.86773843,0.87771399,0.00498778,0.005,ci_target_reached,0.82480177,0.81746448,0.83213907
hard|10|7|-3|stand,hard,10,7,-3,stand,34304,11405,22899,0,0.33246852,0.32748318,0.33745386,0.00498534,0.005,ci_target_reached,-0.33506297,-0.34503379,-0.32509214
hard|10|7|-1|double,hard,10,7,-1,double,17152,14994,826,1332,0.87418377,0.86922049,0.87914704,0.00496328,0.005,ci_target_reached,1.65205224,1.63738774,1.66671673
hard|10|7|-2|stand,hard,10,7,-2,stand,34304,11413,22891,0,0.33270173,0.32771551,0.33768794,0.00498622,0.005,ci_target_reached,-0.33459655,-0.34456913,-0.32462397
hard|10|7|-1|stand,hard,10,7,-1,stand,34048,11190,22858,0,0.32865367,0.32366421,0.33364312,0.00498945,0.005,ci_target_reached,-0.34269267,-0.35267172,-0.33271362
hard|10|7|+1|stand,hard,10,7,1,stand,31232,8760,22472,0,0.28048156,0.27549926,0.28546385,0.00498229,0.005,ci_target_reached,-0.43903689,-0.44900163,-0.42907214
hard|10|7|+1|hit,hard,10,7,1,hit,38416,18932,15132,4352,0.49281549,0.48781601,0.49781498,0.00499948,0.005,ci_target_reached,0.09891712,0.08955255,0.10828169
hard|10|7|+2|stand,hard,10,7,2,stand,30976,8551,22425,0,0.27605243,0.27107399,0.28103086,0.00497843,0.005,ci_target_reached,-0.44789514,-0.45785217,-0.43793812
hard|10|7|+1|double,hard,10,7,1,double,37632,16024,19265,2343,0.42580782,0.42081193,0.43080371,0.00499589,0.005,ci_target_reached,-0.17224702,-0.19173783,-0.15275622
hard|10|7|+2|hit,hard,10,7,2,hit,37888,16352,17068,4468,0.43158784,0.42660047,0.43657521,0.00498737,0.005,ci_target_reached,-0.0188978,-0.02835311,-0.0094425
hard|10|7|+2|double,hard,10,7,2,double,35072,12348,20574,2150,0.35207573,0.34707704,0.35707442,0.00499869,0.005,ci_target_reached,-0.46909215,-0.48876924,-0.44941506
hard|10|7|+3|hit,hard,10,7,3,hit,37632,15747,17328,4557,0.41844707,0.4134629,0.42343123,0.00498416,0.005,ci_target_reached,-0.04201212,-0.05147488,-0.03254935
hard|10|7|+3|stand,hard,10,7,3,stand,30976,8643,22333,0,0.27902247,0.2740276,0.28401734,0.00499487,0.005,ci_target_reached,-0.44195506,-0.45194496,-0.43196517
hard|10|7|+3|double,hard,10,7,3,double,34816,11930,20822,2064,0.34265855,0.33767323,0.34764387,0.00498532,0.005,ci_target_reached,-0.51079963,-0.53045712,-0.49114215
hard|10|7|+4|stand,hard,10,7,4,stand,30720,8425,22295,0,0.2742513,0.26926231,0.2792403,0.00498899,0.005,ci_target_reached,-0.4514974,-0.46147555,-0.44151925
hard|10|7|+4|hit,hard,10,7,4,hit,37632,15819,17258,4555,0.42036033,0.41537301,0.42534765,0.00498732,0.005,ci_target_reached,-0.03823873,-0.04770342,-0.02877405
hard|10|7|+4|double,hard,10,7,4,double,34816,11943,20850,2023,0.34303194,0.33804532,0.34801856,0.00498662,0.005,ci_target_reached,-0.51166131,-0.53132953,-0.49199308
hard|10|7|+5|stand,hard,10,7,5,stand,30720,8468,22252,0,0.27565104,0.27065416,0.28064792,0.00499688,0.005,ci_target_reached,-0.44869792,-0.45869185,-0.43870399
hard|10|7|+5|double,hard,10,7,5,double,34816,11941,20799,2076,0.34297449,0.33798808,0.34796091,0.00498642,0.005,ci_target_reached,-0.50884651,-0.52850571,-0.4891873
hard|10|7|+5|hit,hard,10,7,5,hit,37632,15844,17292,4496,0.42102466,0.41603626,0.42601306,0.0049884,0.005,ci_target_reached,-0.03847789,-0.04795093,-0.02900486
hard|10|7|+6|stand,hard,10,7,6,stand,30208,8099,22109,0,0.26810779,0.26311235,0.27310322,0.00499544,0.005,ci_target_reached,-0.46378443,-0.47377546,-0.45379339
hard|10|7|+6|hit,hard,10,7,6,hit,37632,15859,17282,4491,0.42142326,0.41643421,0.4264123,0.00498904,0.005,ci_target_reached,-0.03781356,-0.04728759,-0.02833954
hard|10|7|+6|double,hard,10,7,6,double,35072,12164,20866,2042,0.34682938,0.34184803,0.35181073,0.00498135,0.005,ci_target_reached,-0.49623631,-0.51587472,-0.47659791
hard|10|7|+7|stand,hard,10,7,7,stand,30720,8438,22282,0,0.27467448,0.26968309,0.27966586,0.00499139,0.005,ci_target_reached,-0.45065104,-0.46063397,-0.44066811
hard|10|7|+7|hit,hard,10,7,7,hit,37632,15951,17221,4460,0.42386798,0.41887507,0.42886089,0.00499291,0.005,ci_target_reached,-0.03374787,-0.0432279,-0.02426785
hard|10|7|+7|double,hard,10,7,7,double,34816,12045,20663,2108,0.34596163,0.34096494,0.35095831,0.00499669,0.005,ci_target_reached,-0.49505974,-0.51474745,-0.47537203
hard|10|7|+8|stand,hard,10,7,8,stand,30720,8390,22330,0,0.27311198,0.26812945,0.27809451,0.00498253,0.005,ci_target_reached,-0.45377604,-0.46374126,-0.44381083
hard|10|7|+8|hit,hard,10,7,8,hit,37632,16050,17166,4416,0.42649872,0.42150179,0.43149566,0.00499693,0.005,ci_target_reached,-0.02965561,-0.03914333,-0.02016789
hard|10|7|+8|double,hard,10,7,8,double,34560,11749,20684,2127,0.33995949,0.33496527,0.34495372,0.00499422,0.005,ci_target_reached,-0.51707176,-0.53675822,-0.4973853
hard|10|7|+9|stand,hard,10,7,9,stand,30720,8430,22290,0,0.27441406,0.26942415,0.27940398,0.00498991,0.005,ci_target_reached,-0.45117188,-0.46115187,-0.44119188
hard|10|7|+9|hit,hard,10,7,9,hit,37632,15780,17255,4597,0.41932398,0.41433836,0.4243096,0.00498562,0.005,ci_target_reached,-0.03919537,-0.04865363,-0.0297371
hard|10|7|+9|double,hard,10,7,9,double,34816,11980,20724,2112,0.34409467,0.33910437,0.34908496,0.00499029,0.005,ci_target_reached,-0.50229779,-0.52196397,-0.48263162
hard|10|7|+10|stand,hard,10,7,10,stand,30720,8365,22355,0,0.27229818,0.2673203,0.27727606,0.00497788,0.005,ci_target_reached,-0.45540365,-0.46535957,-0.44544772
hard|10|7|+10|hit,hard,10,7,10,hit,37376,15599,17113,4664,0.41735338,0.41235402,0.42235274,0.00499936,0.005,ci_target_reached,-0.04050728,-0.04998306,-0.03103149
hard|10|8|-10|hit,hard,10,8,-10,hit,25600,20229,2892,2479,0.79019531,0.78520749,0.79518313,0.00498782,0.005,ci_target_reached,0.67722656,0.66905897,0.68539416
hard|10|8|-10|stand,hard,10,8,-10,stand,27136,6193,20943,0,0.22822081,0.22322729,0.23321434,0.00499353,0.005,ci_target_reached,-0.54355837,-0.55354561,-0.53357114
hard|10|7|+10|double,hard,10,7,10,double,34560,11734,20724,2102,0.33952546,0.33453279,0.34451814,0.00499268,0.005,ci_target_reached,-0.52025463,-0.53993994,-0.50056932
hard|10|8|-10|double,hard,10,8,-10,double,25344,20130,2840,2374,0.79427083,0.78929403,0.79924764,0.00497681,0.005,ci_target_reached,1.36442551,1.34807488,1.38077613
hard|10|8|-9|hit,hard,10,8,-9,hit,25344,20096,2901,2347,0.79292929,0.7879405,0.79791808,0.00498879,0.005,ci_target_reached,0.67846433,0.67023206,0.68669661
hard|10|8|-9|stand,hard,10,8,-9,stand,27136,6162,20974,0,0.22707842,0.22209372,0.23206312,0.0049847,0.005,ci_target_reached,-0.54584316,-0.55581274,-0.53587358
hard|10|8|-9|double,hard,10,8,-9,double,25344,20086,2867,2391,0.79253472,0.78754243,0.79752702,0.0049923,0.005,ci_target_reached,1.3588226,1.34241379,1.37523141
hard|10|8|-8|hit,hard,10,8,-8,hit,25344,20115,2846,2383,0.79367898,0.78869687,0.79866108,0.0049821,0.005,ci_target_reached,0.68138415,0.67320166,0.68956665
hard|10|8|-8|stand,hard,10,8,-8,stand,26880,6042,20838,0,0.22477679,0.21978644,0.22976713,0.00499034,0.005,ci_target_reached,-0.55044643,-0.5604273,-0.54046555
hard|10|8|-8|double,hard,10,8,-8,double,25344,20095,2843,2406,0.79288984,0.7879007,0.79787898,0.00498914,0.005,ci_target_reached,1.36142677,1.34506167,1.37779186
hard|10|8|-7|hit,hard,10,8,-7,hit,24832,19807,2672,2353,0.79764014,0.79264307,0.80263722,0.00499708,0.005,ci_target_reached,0.69003705,0.68188936,0.69818473
hard|10|8|-7|double,hard,10,8,-7,double,25344,20129,2830,2385,0.79423138,0.78925422,0.79920854,0.00497716,0.005,ci_target_reached,1.36513573,1.34880215,1.38146931
hard|10|8|-6|hit,hard,10,8,-6,hit,25344,20091,2852,2401,0.79273201,0.78774146,0.79772255,0.00499054,0.005,ci_target_reached,0.68020044,0.6720096,0.68839128
hard|10|8|-7|stand,hard,10,8,-7,stand,27136,6163,20973,0,0.22711527,0.22213029,0.23210025,0.00498498,0.005,ci_target_reached,-0.54576946,-0.55573961,-0.53579931
hard|10|8|-6|stand,hard,10,8,-6,stand,27392,6287,21105,0,0.22951957,0.2245395,0.23449963,0.00498006,0.005,ci_target_reached,-0.54096086,-0.55092117,-0.53100056
hard|10|8|-6|double,hard,10,8,-6,double,25344,20094,2923,2327,0.79285038,0.78786089,0.79783987,0.00498949,0.005,ci_target_reached,1.35503472,1.33853204,1.3715374
hard|10|8|-5|hit,hard,10,8,-5,hit,25088,19945,2785,2358,0.79500159,0.79000606,0.79999713,0.00499554,0.005,ci_target_reached,0.68399235,0.67580109,0.69218361
hard|10|8|-5|stand,hard,10,8,-5,stand,26880,6034,20846,0,0.22447917,0.21949117,0.22946716,0.004988,0.005,ci_target_reached,-0.55104167,-0.56101785,-0.54106549
hard|10|8|-5|double,hard,10,8,-5,double,25344,20113,2841,2390,0.79360006,0.78861726,0.79858287,0.00498281,0.005,ci_target_reached,1.36300505,1.34664817,1.37936193
hard|10|8|-4|hit,hard,10,8,-4,hit,25600,20235,2950,2415,0.79042969,0.78544391,0.79541546,0.00498577,0.005,ci_target_reached,0.67519531,0.66697965,0.68341097
hard|10|8|-4|double,hard,10,8,-4,double,25088,19969,2779,2340,0.79595823,0.79097136,0.80094509,0.00498687,0.005,ci_target_reached,1.37037628,1.35401096,1.38674159
hard|10|8|-3|hit,hard,10,8,-3,hit,25600,20264,2864,2472,0.7915625,0.78658666,0.79653834,0.00497584,0.005,ci_target_reached,0.6796875,0.67154812,0.68782688
hard|10|8|-4|stand,hard,10,8,-4,stand,27392,6289,21103,0,0.22959258,0.22461196,0.2345732,0.00498062,0.005,ci_target_reached,-0.54081484,-0.55077626,-0.53085342
hard|10|8|+0|hit,hard,10,8,0,hit,38144,21108,13300,3736,0.55337668,0.54838756,0.5583658,0.00498912,0.005,ci_target_reached,0.20469799,0.19539041,0.21400557
hard|10|8|+0|stand,hard,10,8,0,stand,28160,6801,21359,0,0.24151278,0.23651377,0.24651179,0.00499901,0.005,ci_target_reached,-0.51697443,-0.52697263,-0.50697624
hard|10|8|+0|double,hard,10,8,0,double,38400,20515,15105,2780,0.53424479,0.52925549,0.53923409,0.0049893,0.005,ci_target_reached,0.28177083,0.26271138,0.30083029
hard|10|8|-3|stand,hard,10,8,-3,stand,26880,6015,20865,0,0.22377232,0.21878991,0.22875473,0.00498241,0.005,ci_target_reached,-0.55245536,-0.56242036,-0.54249036
hard|10|8|-3|double,hard,10,8,-3,double,25600,20260,2940,2400,0.79140625,0.78642903,0.79638347,0.00497722,0.005,ci_target_reached,1.353125,1.33671675,1.36953325
hard|10|8|-2|hit,hard,10,8,-2,hit,25600,20219,2958,2423,0.78980469,0.78481346,0.79479592,0.00499123,0.005,ci_target_reached,0.67425781,0.66603346,0.68248217
hard|10|8|-2|double,hard,10,8,-2,double,25600,20263,2936,2401,0.79152344,0.78654725,0.79649962,0.00497619,0.005,ci_target_reached,1.35367188,1.33727111,1.37007264
hard|10|8|-2|stand,hard,10,8,-2,stand,26880,6052,20828,0,0.22514881,0.22015554,0.23014208,0.00499327,0.005,ci_target_reached,-0.54970238,-0.55968912,-0.53971565
hard|10|8|-1|hit,hard,10,8,-1,hit,25600,20205,2888,2507,0.78925781,0.78426183,0.7942538,0.00499599,0.005,ci_target_reached,0.67644531,0.66827805,0.68461258
hard|10|8|-1|double,hard,10,8,-1,double,25344,20101,2904,2339,0.79312658,0.78813955,0.79811361,0.00498703,0.005,ci_target_reached,1.35708649,1.3406181,1.37355488
hard|10|8|-1|stand,hard,10,8,-1,stand,26624,5893,20731,0,0.22134165,0.21635482,0.22632848,0.00498683,0.005,ci_target_reached,-0.55731671,-0.56729055,-0.54734286
hard|10|8|+1|stand,hard,10,8,1,stand,28416,6878,21538,0,0.24204673,0.23706655,0.24702692,0.00498018,0.005,ci_target_reached,-0.51590653,-0.52586708,-0.50594599
hard|10|8|+1|hit,hard,10,8,1,hit,38416,18993,14659,4764,0.49440337,0.48940369,0.49940306,0.00499969,0.005,ci_target_reached,0.11281758,0.10352627,0.12210888
hard|10|8|+2|stand,hard,10,8,2,stand,28416,6885,21531,0,0.24229307,0.23731117,0.24727498,0.00498191,0.005,ci_target_reached,-0.51541385,-0.52537784,-0.50544986
hard|10|8|+1|double,hard,10,8,1,double,37120,14959,19652,2509,0.4029903,0.39800042,0.40798018,0.00498988,0.005,ci_target_reached,-0.2528556,-0.27233324,-0.23337797
hard|10|8|+3|stand,hard,10,8,3,stand,28416,6879,21537,0,0.24208193,0.23710149,0.24706236,0.00498043,0.005,ci_target_reached,-0.51583615,-0.52579719,-0.50587511
hard|10|8|+2|hit,hard,10,8,2,hit,38144,17001,16278,4865,0.44570575,0.44071762,0.45069387,0.00498812,0.005,ci_target_reached,0.01895449,0.00958251,0.02832647
hard|10|8|+2|double,hard,10,8,2,double,34304,11482,20520,2302,0.33471315,0.32971943,0.33970688,0.00499372,0.005,ci_target_reached,-0.52693563,-0.54660299,-0.50726828
hard|10|8|+3|hit,hard,10,8,3,hit,37888,16694,16358,4836,0.44061444,0.43561536,0.44561352,0.00499908,0.005,ci_target_reached,0.00886824,-0.00053634,0.01827282
hard|10|8|+3|double,hard,10,8,3,double,34304,11375,20602,2327,0.33159398,0.32661194,0.33657602,0.00498204,0.005,ci_target_reached,-0.53795476,-0.55758036,-0.51832916
hard|10|8|+4|stand,hard,10,8,4,stand,28160,6737,21423,0,0.23924006,0.23425718,0.24422294,0.00498288,0.005,ci_target_reached,-0.52151989,-0.53148583,-0.51155395
hard|10|8|+4|hit,hard,10,8,4,hit,37888,16609,16502,4777,0.43837099,0.43337466,0.44336732,0.00499633,0.005,ci_target_reached,0.00282411,-0.00658924,0.01223746
hard|10|8|+5|stand,hard,10,8,5,stand,28672,7072,21600,0,0.24665179,0.24166217,0.2516414,0.00498962,0.005,ci_target_reached,-0.50669643,-0.51667583,-0.49671702
hard|10|8|+4|double,hard,10,8,4,double,34304,11472,20566,2266,0.33442164,0.329429,0.33941428,0.00499264,0.005,ci_target_reached,-0.53020056,-0.54987004,-0.51053108
hard|10|8|+5|hit,hard,10,8,5,hit,37888,16666,16327,4895,0.43987542,0.43487724,0.44487361,0.00499819,0.005,ci_target_reached,0.00894742,-0.00044875,0.0183436
hard|10|8|+5|double,hard,10,8,5,double,34304,11380,20622,2302,0.33173974,0.32675715,0.33672233,0.00498259,0.005,ci_target_reached,-0.53882929,-0.55846052,-0.51919806
hard|10|8|+6|stand,hard,10,8,6,stand,28672,7007,21665,0,0.24438477,0.23941067,0.24935887,0.0049741,0.005,ci_target_reached,-0.51123047,-0.52117884,-0.5012821
hard|10|8|+6|hit,hard,10,8,6,hit,37888,16464,16608,4816,0.43454392,0.42955253,0.43953531,0.00499139,0.005,ci_target_reached,-0.00380068,-0.01320845,0.0056071
hard|10|8|+6|double,hard,10,8,6,double,34048,11210,20599,2239,0.32924107,0.32424935,0.33423279,0.00499172,0.005,ci_target_reached,-0.55151551,-0.5711962,-0.53183482
hard|10|8|+7|stand,hard,10,8,7,stand,28416,6937,21479,0,0.24412303,0.23912839,0.24911767,0.00499464,0.005,ci_target_reached,-0.51175394,-0.52174341,-0.50176448
hard|10|8|+7|hit,hard,10,8,7,hit,37888,16681,16439,4768,0.44027133,0.43527266,0.44526999,0.00499867,0.005,ci_target_reached,0.00638725,-0.00302721,0.0158017
hard|10|8|+8|stand,hard,10,8,8,stand,28160,6770,21390,0,0.24041193,0.23542071,0.24540315,0.00499122,0.005,ci_target_reached,-0.51917614,-0.52915876,-0.50919352
hard|10|8|+7|double,hard,10,8,7,double,34304,11515,20515,2274,0.33567514,0.33067786,0.34067242,0.00499728,0.005,ci_target_reached,-0.52472015,-0.54440342,-0.50503688
hard|10|8|+8|hit,hard,10,8,8,hit,37888,16508,16570,4810,0.43570524,0.43071232,0.44069816,0.00499292,0.005,ci_target_reached,-0.0016364,-0.01104509,0.00777229
hard|10|8|+9|stand,hard,10,8,9,stand,28416,6947,21469,0,0.24447494,0.23947786,0.24947202,0.00499708,0.005,ci_target_reached,-0.51105011,-0.52104445,-0.50105578
hard|10|8|+8|double,hard,10,8,8,double,34048,11281,20590,2177,0.33132636,0.32632665,0.33632608,0.00499972,0.005,ci_target_reached,-0.54681626,-0.56653259,-0.52709993
hard|10|8|+9|hit,hard,10,8,9,hit,38144,16890,16480,4774,0.44279572,0.43781087,0.44778057,0.00498485,0.005,ci_target_reached,0.01074874,0.00136265,0.02013484
hard|10|8|+9|double,hard,10,8,9,double,34048,11259,20528,2261,0.33068022,0.32568296,0.33567747,0.00499725,0.005,ci_target_reached,-0.54446664,-0.56416205,-0.52477122
hard|10|8|+10|stand,hard,10,8,10,stand,28416,6942,21474,0,0.24429899,0.23930312,0.24929485,0.00499586,0.005,ci_target_reached,-0.51140203,-0.52139393,-0.50141013
hard|10|9|-10|stand,hard,10,9,-10,stand,16128,1913,14215,0,0.11861359,0.11362341,0.12360377,0.00499018,0.005,ci_target_reached,-0.76277282,-0.77275349,-0.75279215
hard|10|8|+10|hit,hard,10,8,10,hit,38144,16842,16457,4845,0.44153733,0.43655396,0.44652071,0.00498338,0.005,ci_target_reached,0.01009333,0.00071715,0.01946951
hard|10|9|-9|stand,hard,10,9,-9,stand,15872,1848,14024,0,0.11643145,0.11144151,0.12142139,0.00498994,0.005,ci_target_reached,-0.7671371,-0.7771173,-0.7571569
hard|10|8|+10|double,hard,10,8,10,double,34304,11538,20499,2267,0.33634562,0.33134587,0.34134536,0.00499974,0.005,ci_target_reached,-0.52244636,-0.54213873,-0.50275399
hard|10|9|-8|stand,hard,10,9,-8,stand,15616,1788,13828,0,0.11449795,0.10950376,0.11949214,0.00499419,0.005,ci_target_reached,-0.7710041,-0.78099279,-0.7610154
hard|10|9|-10|hit,hard,10,9,-10,hit,35328,22794,7062,5472,0.6452106,0.64022138,0.65019982,0.00498922,0.005,ci_target_reached,0.4453125,0.43692583,0.45369917
hard|10|9|-10|double,hard,10,9,-10,double,35328,22697,7224,5407,0.6424649,0.63746708,0.64746272,0.00499782,0.005,ci_target_reached,0.87596241,0.85908159,0.89284323
hard|10|9|-9|hit,hard,10,9,-9,hit,35328,22725,7223,5380,0.64325747,0.63826212,0.64825283,0.00499536,0.005,ci_target_reached,0.43880208,0.43036139,0.44724278
hard|10|9|-9|double,hard,10,9,-9,double,35328,22677,7220,5431,0.64189878,0.63689921,0.64689835,0.00499957,0.005,ci_target_reached,0.87505661,0.85817944,0.89193379
hard|10|9|-7|stand,hard,10,9,-7,stand,15616,1787,13829,0,0.11443391,0.10944094,0.11942688,0.00499297,0.005,ci_target_reached,-0.77113217,-0.78111843,-0.76114591
hard|10|9|-8|hit,hard,10,9,-8,hit,35328,22830,7180,5318,0.64622962,0.64124364,0.6512156,0.00498598,0.005,ci_target_reached,0.44299139,0.4345632,0.45141959
hard|10|9|-6|stand,hard,10,9,-6,stand,15872,1833,14039,0,0.11548639,0.11051408,0.1204587,0.00497231,0.005,ci_target_reached,-0.76902722,-0.77897214,-0.75908229
hard|10|9|-8|double,hard,10,9,-8,double,35328,22819,7196,5313,0.64591825,0.64093128,0.65090523,0.00498697,0.005,ci_target_reached,0.88445426,0.86758732,0.9013212
hard|10|9|-7|hit,hard,10,9,-7,hit,35328,22841,7058,5429,0.64654099,0.641556,0.65152598,0.00498499,0.005,ci_target_reached,0.44675611,0.4383699,0.45514233
hard|10|9|-5|stand,hard,10,9,-5,stand,15872,1824,14048,0,0.11491935,0.10995768,0.11988103,0.00496167,0.005,ci_target_reached,-0.77016129,-0.78008495,-0.76023763
hard|10|9|-6|hit,hard,10,9,-6,hit,35072,22744,6951,5377,0.64849453,0.64349769,0.65349136,0.00499683,0.005,ci_target_reached,0.45030224,0.44190384,0.45870063
hard|10|9|-7|double,hard,10,9,-7,double,35584,22733,7289,5562,0.63885454,0.63386373,0.64384535,0.00499081,0.005,ci_target_reached,0.86803058,0.85120798,0.88485317
hard|10|9|-6|double,hard,10,9,-6,double,35328,22835,7196,5297,0.64637115,0.64138562,0.65135668,0.00498553,0.005,ci_target_reached,0.88536005,0.86849244,0.90222767
hard|10|9|-4|stand,hard,10,9,-4,stand,15872,1852,14020,0,0.11668347,0.11168884,0.1216781,0.00499463,0.005,ci_target_reached,-0.76663306,-0.77662263,-0.7566435
hard|10|9|-5|hit,hard,10,9,-5,hit,35328,22855,7110,5363,0.64693727,0.64195355,0.65192099,0.00498372,0.005,ci_target_reached,0.44568048,0.43727595,0.45408501
hard|10|9|-3|stand,hard,10,9,-3,stand,16640,2022,14618,0,0.12151442,0.11655009,0.12647875,0.00496433,0.005,ci_target_reached,-0.75697115,-0.76690011,-0.7470422
hard|10|9|-5|double,hard,10,9,-5,double,35328,22771,7032,5525,0.64455956,0.63956828,0.64955083,0.00499127,0.005,ci_target_reached,0.89102129,0.8742697,0.90777287
hard|10|9|-4|hit,hard,10,9,-4,hit,35584,22818,7216,5550,0.64124326,0.63625969,0.64622682,0.00498357,0.005,ci_target_reached,0.43845549,0.43006692,0.44684406
hard|10|9|-2|stand,hard,10,9,-2,stand,15360,1724,13636,0,0.11223958,0.10724751,0.11723166,0.00499208,0.005,ci_target_reached,-0.77552083,-0.78550531,-0.76553635
hard|10|9|+0|hit,hard,10,9,0,hit,38416,19121,14934,4361,0.49773532,0.49273537,0.50273527,0.00499995,0.005,ci_target_reached,0.10899105,0.09963892,0.11834318
hard|10|9|+0|stand,hard,10,9,0,stand,27392,6330,21062,0,0.23108937,0.2260974,0.23608134,0.00499197,0.005,ci_target_reached,-0.53782126,-0.54780539,-0.52783714
hard|10|9|+0|double,hard,10,9,0,double,38400,18795,16251,3354,0.48945312,0.4844532,0.49445305,0.00499993,0.005,ci_target_reached,0.1325,0.11343517,0.15156483
hard|10|9|-4|double,hard,10,9,-4,double,35328,22857,7153,5318,0.64699389,0.64201035,0.65197742,0.00498354,0.005,ci_target_reached,0.88903986,0.87220098,0.90587873
hard|10|9|-3|hit,hard,10,9,-3,hit,35328,22851,7014,5463,0.64682405,0.64183997,0.65180813,0.00498408,0.005,ci_target_reached,0.44828465,0.43991356,0.45665573
hard|10|9|-1|stand,hard,10,9,-1,stand,16128,1911,14217,0,0.11848958,0.11350166,0.12347751,0.00498792,0.005,ci_target_reached,-0.76302083,-0.77299699,-0.75304468
hard|10|9|-3|double,hard,10,9,-3,double,35328,22744,7162,5422,0.64379529,0.63880161,0.64878896,0.00499367,0.005,ci_target_reached,0.88213315,0.8652928,0.89897351
hard|10|9|-2|hit,hard,10,9,-2,hit,35584,22825,7231,5528,0.64143997,0.63645701,0.64642294,0.00498296,0.005,ci_target_reached,0.43823067,0.42983685,0.44662448
hard|10|9|-2|double,hard,10,9,-2,double,35328,22771,7214,5343,0.64455956,0.63956828,0.64955083,0.00499127,0.005,ci_target_reached,0.88071784,0.86384059,0.89759509
hard|10|9|+1|stand,hard,10,9,1,stand,25088,5123,19965,0,0.20420121,0.1992129,0.20918953,0.00498831,0.005,ci_target_reached,-0.59159758,-0.6015744,-0.58162075
hard|10|9|-1|hit,hard,10,9,-1,hit,35328,22816,7103,5409,0.64583333,0.64084609,0.65082058,0.00498724,0.005,ci_target_reached,0.44477468,0.43637336,0.453176
